Workbook
Name ba_KoachAdam: 'עלויות כח אדם (6)'!$B$14:$M$3014
Name bs_bitzua: 'דוח ביצוע (3)'!$A$20:$X$520
Name bs_hotzaot: 'דוח הוצאות בפועל (4)'!$B$16:$G$3016
Name bs_mafilim: #REF!
Name bs_matzevet: 'מצבת והרשמה (2)'!$B$20:$N$520
Name bs_melagot: 'תשלומי הורים ומלגות להורים (5) '!$B$17:$I$517
Name bs_netunim: 'נתונים כלליים (1)'!$C$5:$C$7
Name bs_SganRakaz: ' איוש משרות (8)'!$B$15:$M$515
Name bs_shura: 'בית ספר - תקצוב לפי מוסד (9)'!$AS$9:$BE$10
Name בדיק: #REF!
Name בדיקה: #REF!
Name הוצאות_פעילות: 'סיווג התפקידים והעלויות'!$C$15:$C$199
Name הוצאות_פעילות_ללא_מלגות: 'סיווג התפקידים והעלויות'!$D$15:$D$198
Name השתתפות_לילד_ביס: 'גנים ובתי ספר- מבנה תקציב'!$B$80:$H$90
Name ישובים_מפונים: #REF!
Name מדצ: 'סיווג התפקידים והעלויות'!$B$3
Name מוכשר: #REF!
Name מוסדות: 'מצבת והרשמה (2)'!$C$21:$C$520
Name מורה: 'סיווג התפקידים והעלויות'!$A$3:$A$6
Name מעמד: 'מצבת והרשמה (2)'!#REF!
Name מעמד_משפטי: #REF!
Name מפעיל: #REF!
Name סגנית_רכזת_מעל_150: 'סיווג התפקידים והעלויות'!$D$3
Name סוג: 'סיווג התפקידים והעלויות'!$A$2:$E$2
Name סייעת_רפואית_או_אישית: 'סיווג התפקידים והעלויות'!$F3
Name סמלים: 'מצבת והרשמה (2)'!$C$21:$C$1015
Name סמלפעילות: 'דוח ביצוע (3)'!$B$21:$B$520
Name פעילות: 'מצבת והרשמה (2)'!$F$21:$F$520
Name רכזת_תכנית_בבית_הספר: 'סיווג התפקידים והעלויות'!$C$3
Name רשויות: 'רשימת רשויות'!$A$3:$A$260
Name רשויות_מפונות: #REF!
Name רשימה: #REF!
Name רשימה: #REF!
Name תוספת_כח_אדם: 'סיווג התפקידים והעלויות'!$E$3:$E$5

Sheet תוכן העניינים
B2: תוכנית הגנים ובתי הספר של החופש הגדול - תשפ"ו | תוכן עניינים
B3: יש למלא את הגיליונות לפי הסדר המוצג מטה (שלב 1 עד 9). לחצו על שם הגיליון למעבר ישיר.
B5: מקרא צבעים:
C6: תא קלט - יש למלא | D6: תא מחושב/נעול - אין לערוך | E6: שגיאה / לא תקין
B9: # | C9: שלב / גיליון | D9: הסבר קצר | E9: הנחיות מפורטות | F9: סטטוס מילוי | G9: בדיקת תקינות
B10: 1 | C10: נתונים כלליים (1) | D10: יש לעדכן פרטי רשות, אנשי קשר וגופים מפעילים | E10: הנחיות כלליות | F10: =IF('נתונים כלליים (1)'!$C$5="","טרם מולא","תקין") -> טרם מולא | G10: =IF('נתונים כלליים (1)'!$E$4=" ","תקין","לא תקין, יש לתקן דיווח!") -> לא תקין, יש לתקן דיווח!
B11: 2 | C11: מצבת והרשמה (2) | D11: מתעדכן אוטומטית - אין למלא | E11: הנחיות למילוי הדוח
B12: 3 | C12: דוח ביצוע (3) | D12: דיווח סמלי מוסד שהשתתפו בתוכנית, מספר ילדים ומפעיל | E12: הנחיות למילוי הדוח | F12: =IF('דוח ביצוע (3)'!C13=0,"טרם מולא","תקין") -> טרם מולא | G12: =IF('דוח ביצוע (3)'!$L$3=" ","תקין","לא תקין, יש לתקן דיווח!") -> תקין
B13: 4 | C13: דוח הוצאות בפועל (4) | D13: דיווח הוצאות בפועל לפי מהות ההוצאה | E13: הנחיות למילוי הדוח | F13: =IF('דוח הוצאות בפועל (4)'!H9=0,"טרם מולא","תקין") -> טרם מולא | G13: =IF('דוח הוצאות בפועל (4)'!$I$3=" ","תקין","לא תקין, יש לתקן דיווח!") -> תקין
B14: 5 | C14: תשלומי הורים ומלגות להורים (5) | D14: דייוח גבייה מהורים ומלגות שניתנו | E14: הנחיות למילוי הדוח | F14: =IF('תשלומי הורים ומלגות להורים (5) '!D12=0,"טרם מולא","תקין") -> טרם מולא | G14: =IF('תשלומי הורים ומלגות להורים (5) '!$I$3=" ","תקין","לא תקין, יש לתקן דיווח!") -> תקין
B15: 6 | C15: עלויות כח אדם (6) | D15: דיווח כח אדם שהועסק בתוכנית, תפקידים ושעות | E15: הנחיות למילוי הדוח | F15: =IF('עלויות כח אדם (6)'!E11=0,"טרם מולא","תקין") -> טרם מולא | G15: =IF('עלויות כח אדם (6)'!$H$5=" ","תקין","לא תקין, יש לתקן דיווח!") -> תקין
B16: 7 | C16: סייעות רפואיות או אישיות (7) | D16: דיווח פרטי סייעות רפואיות שהועסקו בתכנית | E16: הנחיות למילוי הדוח | F16: =IF('סייעות רפואיות או אישיות (7)'!D13=0,"טרם מולא","תקין") -> טרם מולא
B17: 8 | C17: איוש משרות (8) | D17: נבדק אוטומטית - אין למלא | E17: הנחיות למילוי הדוח | F17: =IF(' איוש משרות (8)'!C16="","טרם מולא","תקין") -> טרם מולא | G17: =IF(' איוש משרות (8)'!$K$5=" ","תקין","לא תקין, יש לתקן דיווח!") -> תקין
B18: 9 | C18: תקצוב לפי מוסד (9) | D18: גיליון מחושב ונעול - לעיון בלבד | E18: הנחיות למילוי הדוח

Sheet הנחיות כלליות
A1: גירסה בתי ספר 8.2026
A2: בס"ד | B2: הנחיות למילוי
A3: תכנית בתי הספר והגנים של החופש הגדול, קיץ תשפ"ו
A4: מסמכים נדרשים ודגשים לדיווח לצורך קבלת תקצוב
A6: >> חשוב לקרוא בעיון את ההוראות על מנת להגיש את המסמכים בצורה תקינה ולמנוע קיזוזים מיותרים!
A8: להלן רשימת מסמכים הנדרשים לצורך קבלת תקצוב ברשויות עבור תוכנית "הגנים ובית הספר של החופש הגדול" תשפ"ו בגני הילדים ובכיתות א-ג:
A9: סעיף | B9: מס' | C9: מסמכים נדרשים ודגשים לדיווח
A10: שכר | B10: 1 | C10: יש להגדיר בתוכנת השכר מחלקה/רכיב נפרדת עבור שכר עובדי הקייטנה.
B11: 2 | C11: דוח ריכוז משכורות – דוח מרוכז לכלל העובדים המכיל פירוט של כל רכיבי השכר ששולמו לעובדים בחודש הקייטנה – יולי 2026, בהתאמה לנתונים שדווחו בדוח ביצוע. יצוין כי כל תוכנה מגדירה את הדוח בשם אחר (לדוגמא: דוח חזותי, ריכוז תלושים, דוח רכיבי שכר) ולכן נא להתייחס לרכיבים הנדרשים בדוח.
B12: 3 | C12: דוח עלות – דוח מרכז המפרט את עלויות המעסיק של כלל העובדים (נקרא: דוח 66) בהתאמה לסכום שדווח בדוח ביצוע.
B13: 4 | C13: כרטסת הוצאות שכר – כרטסת הנהלת חשבונות נפרדת המכילה את הוצאות השכר בגין הקייטנה בלבד, בהתאמה לסכום שדווח בדוח ביצוע. במידה וכרטסת השכר כוללת הוצאות שכר בגין פעילות העשרה יש לצרף מסמך התאמה ברור ולציין את שם העובד המועסק ותפקידו בקייטנה (לדוג' ישראל ישראלי – פעילות ספורט).
A14: ניהול ותפעול | B14: 1 | C14: כרטסת ניהול ותפעול – א. כרטסת הנהלת חשבונות נפרדת המכילה את הוצאות הניהול והתפעול בהתאמה לסכום שדווח בדוח ביצוע. הכרטסת צריכה להכיל את פירוט מהות ההוצאות ושמות הספקים של כל חשבונית. ב. ההוצאות צריכות להתבצע בחודש הפעילות – חודש יולי 2026. במידה וההוצאות רשומות במועדים אחרים יש לצרף הסבר.
A15: העשרה | B15: 1 | C15: כרטסת העשרה – א. כרטסת הנהלת חשבונות נפרדת המכילה את הוצאות העשרה בהתאמה לסכום שדווח בדוח ביצוע. הכרטסת צריכה להכיל את פירוט מהות ההוצאות ושמות הספקים של כל חשבונית. ב. ההוצאות צריכות להתבצע בחודש הפעילות – חודש יולי 2026. במידה וההוצאות רשומות במועדים אחרים יש לצרף הסבר.
A16: ארוחת בוקר | B16: 1 | C16: כרטסת ארוחת בוקר - כרטסת הנהלת חשבונות נפרדת המכילה את ההוצאות שדווחו בדוח ביצוע בגין ארוחת בוקר כהגדרתה בקול קורא – "ארוחת בוקר קלה במימון המסגרת" (לא ממתקים כגון קרטיבים וכד'). הכרטסת צריכה להכיל את פירוט מהות ההוצאות ושמות הספקים של כל חשבונית.
A17: גביה | C17: ברשויות בהן קיימת גביה מההורים נדרש להגיש את המסמכים הבאים:
B18: 1 | C18: כרטסת גביה מההורים - כרטסת הנהלת חשבונות נפרדת המכילה את ההכנסות בגין הכנסות גביה בהתאמה לסכום שדווח בדוח ביצוע.
B19: 2 | C19: כרטסת מלגות – כרטסת הנהלת חשבונות נפרדת המכילה את המלגות שניתנו להורים בהתאמה לסכום שדווח בדוח ביצוע, יש להקפיד על רישום בשיטת הברוטו ובהתאמה לדרישות קול הקורא בנושא.
A20: חשוב מאוד! | B20: 1 | C20: נדרש להעביר את הקבצים בפורמט אקסל.
B21: 2 | C21: יש להעביר קבצים מקוריים מתוכנת השכר או מתוכנת הנהלת חשבונות ולא קבצים מעובדים. (במידת הצורך ניתן להעביר מסמך התאמה).
B22: 3 | C22: נדרש רישום הוצאות או הכנסות בכרטסות נפרדות למוסדות כדלהלן: גנים רשמי – לכלל הגנים יחד (שכר בנפרד העשרה בנפרד וכו', כל כרטסת מכילה את ההוצאות של כל הגנים רשמי בלבד), גנים מוכשר – לכלל הגנים יחד, בתי ספר רשמי – כל בית ספר בנפרד (שכר בנפרד העשרה בנפרד וכו', כל כרטסת מכילה את ההוצאות של כל מוסד בנפרד), בתי ספר מוכשר – כל בית ספר בנפרד.
B23: 4 | C23: יש להקפיד על ניהול ותיעוד אסמכתאות מפורטות ברמת מוסד ככל הניתן.
B24: 5 | C24: במידה והרשות מבצעת את פעילות העשרה או הדרכה באמצעות עובדים חיצוניים (תשלום בחשבונית), יש לצרף בנוסף לכרטסת חשבונית מס או קבלה בגין השירות שניתן. על החשבונית להיות מפורטת וכוללת כמות שעות תאריכים ותעריפים.
B25: 6 | C25: לכל שאלה בנושא אופן הגשת המסמכים יש לפנות למדריכות מטעם משרד החינוך בדוא"ל.

Sheet הנחיות למילוי הדוח
A3: שם גיליון | B3: מס' | C3: הנחיות למילוי דוח הביצוע
A4: כללי | B4: 1 | C4: יש להקפיד למלא את הגיליונות לפי סדר הצגתם בדוח מגיליון 1 עד גיליון 7.
A5: נתונים כלליים (1) | B5: 1 | C5: יש לבחור את שם הרשות מהרשימה הנפתחת.
B6: 2 | C6: יש למלא נתוני אנשי קשר- גזבר ומנהל מחלקת חינוך. לתשומת לב, לכתובות מייל אלו יישלחו המכתבים.
B7: 3 | C7: יש לרשום בגליון את פרטי כל הגופים איתם הרשות התקשרה בהסכמים לביצוע הפעילות כולה או חלקה. בעמודת הערות יש לפרט את הפעילות שבוצעה ע"י כל אחד מהגופים.
B8: 4 | C8: במקרים שישנה בנוסף גם חברה מנהלת (כגון משכ"ל, החברה למשאבי אנוש וכו') יש לציין זאת. במקרים שהרשות מפעילה את הפעילות בעצמה, ומעסיקה את העובדים בתכנית, יש לציין זאת.
A9: מצבת והרשמה (2) | B9: 1 | C9: הגיליון כולו מוזן באופן אוטומטי.
B10: 2 | C10: סמל מוסד של גני ילדים בחטיבות צעירות ידווח כחלק מגני הילדים של הרשות בדו״ח הביצוע של גני הילדים.
A11: דוח ביצוע (3) | B11: 1 | C11: בעמודה B - "סמל בי"ס בו מתקיימת הפעילות" - יש לבחור סמל מוסד מהרשימה הנפתחת. יש להקפיד כי כל סמל מוסד יירשם פעם אחת בלבד.
B12: 2 | C12: יש לבחור מרשימה נפתחת את מפעיל התוכנית.
B13: 3 | C13: בעמודות G ו-H "ביצוע בפועל" - יש למלא את מספר התלמידים עבורם הרשות דורשת תשלום.
B14: 4 | C14: בעמודות L, K "תקופת הפעילות" - יש לרשום את תאריכי הפתיחה והסגירה בבית הספר.
B15: 5 | C15: בעמודה P- יש למלא מס' משתתפים בפועל במסגרת פעילות קיץ פלוס, ד-ו
B16: 6 | C16: בבתי"ס בהם מספר הימים נמוך מ- 15 יש לציין בעמודה Q את הסיבה וכן בעמודה R האם אושר ע"י המשרד. כמו כן בבתי"ס בהם מספר התלמידים נמוך ממינימום משתתפים - 60 תלמידים יש לציין את הסיבה לכך ולצרף את אישור כאסמכתא.
A17: דוח הוצאות בפועל (4) | B17: 1 | C17: בעמודה B - "סמל מוסד מקום הפעילות" - יש לבחור סמל מוסד מהרשימה הנפתחת.
B18: 2 | C18: יש להקפיד ולערוך את הדוח אך ורק עפ"י ההוצאות והנתונים שנכללו במערכת הנהלת החשבונות של הרשות/ המפעיל. יש למלא את מספר הסעיף התקציבי בו נרשמה ההוצאה בכל אחד מהסעיפים בדוח הביצוע הכספי.
B19: 3 | C19: לגבי "מלגות להורים" - יש לרשום את הסכום הכולל שהרשות חילקה להורים כמלגות ושימשו למימון התכנית במקום תשלומי הורים. בכלל זה, גם סכומי המלגות שמתוקצבות ע"י משרד החינוך.
A20: תשלומי הורים ומלגות להורים (5) | B20: 1 | C20: עבור כל סמל מוסד, יש לרשום את סך הגבייה מההורים עבור התכנית.
B21: 2 | C21: הסכום שחולק כמלגות להורים, מועבר מגיליון דוח הוצאות בפועל (4), כאמור לעיל.
B22: 3 | C22: יש למלא בעמודה H את כמות הילדים להם ניתנה מלגה.
B23: 4 | C23: יש למלא בעמודה I את כמות הילדים עבורם בוצעה גביה.
B24: 5 | C24: יש להקפיד ולרשום את מספרי הכרטיסים בהם נרשמו ההכנסות בסעיפים אלו.
A25: עלויות כח אדם (6) | B25: 1 | C25: השורה הראשונה לדיווח (שורה 15 בגיליון מסומנת בצהוב חזק) מיועדת לדיווח עלות השכר של הרכז הרשותי
B26: 2 | C26: בכל שורה בטבלה, יש למלא את התא בעמודה I רק לאחר מילוי התא בעמודה H. בעמודות אלו יש לבחור את סוג איש הצוות ואת התפקיד מתוך הרשימה הנפתחת, סעיפים שיירשמו באופן שונה לא ייכנסו לחישוב התשלום בגיליון (9). יש לשים לב שחלק מהתאים בעמודה I ימולאו באופן אוטומטי ללא צורך בבחירה מתוך הרשימה הנפתחת (התאים ייצבעו בלבן אוטומטית).
B27: 3 | C27: דיווח בגין רכז מוסדי בהתאם לסעיף ג.2 בקול הקורא, ככל שלא ניתן להעסיק את רכז כיתות א-ג במוסד, יהיה ניתן להעסיק רכז ייעודי . ככל שהועסק רכז יעודי יש לדווח את מלוא משרתו, התקציב ינתן בהתאם להנחיות ובעבור 1.5 שעות ליום. במידה ולא הועסק רכז מוסדי ייעודי הדיווח בגינו יעשה בדוח הביצוע לבתי הספר המוגש על ידי הרשות.
A28: סייעות רפואיות או אישיות (7) | B28: 1 | C28: יש למלא סייעות רפואיות או אישיות שהועסקו במהלך הפעילות ומספרי הזהות של התלמידים הזכאים במהלך השנה. לתשומת ליבכם יש לדווח גם בגין העסקת סיעות רפואיות בתוכנית קיץ פלוס שהתקיימה ברשמי ובמוכשר
A29: איוש משרות (8) | B29: 1 | C29: בגיליון זה אין צורך להזין נתונים, נתוני איוש המשרות נלקחים מגיליון 'פירוט עלויות כח אדם (7)', נתוני המוסדות וכמות תלמידים נלקחים מגיליון 'בתי ספר דוח ביצוע (4)' במידה ויש לרשות הערות ניתן לציין בעמודה L.
B30: 2 | C30: שימו לב, בהתאם לסעיף ד.2.ב.ב בקול קורא איוש רכז/ת וסגן/נית רכז/ת הינם תנאי סף לתקצוב התוכנית כולה - ועל כן במידה וישנם מוסדות אשר לא אוישו המשרות הנ"ל כנדרש אין זכאות לתקציב במוסד. יצויין כי הזכאות לתקציב עבור סגן רכז הינה לבתי ספר גדולים - עם מעל 149 ילדים.
A31: תקצוב לפי מוסד (9) | B31: 1 | C31: בגיליון זה אין צורך להזין נתונים, הגיליון כולו מחושב עפ"י הנתונים שמולאו בגיליונות 1-8 כאמור לעיל.

Sheet גנים ובתי ספר- מבנה תקציב
E1: תכנית בתי הספר והגנים של החופש הגדול, קיץ תשפ"ו
E2: חישוב לפי מרכיבי התקצוב והעלויות שפורסמו
A4: א. | B4: מבנה תקציבי גנים
B6: מפתח עלות לתלמיד - כל האשכולות כולל גבייה מהורים
B7: סוג המסגרת | C7: סוג עלות | D7: מספר ימים/תלמידים | E7: סל ניהול ותפעול | F7: סל הדרכה | G7: סל העשרה | H7: סל גמיש | I7: סה"כ
B8: גן רגיל | C8: כוללת למסגרת של 25 תלמידים | D8: 5 | E8: 428 | F8: 3920 | G8: 1400 | H8: 800 | I8: =SUM(E8:H8) -> 6548
D9: משקל יחסי | E9: =E8/$I$8 -> 0.06536347 | F9: =F8/$I$8 -> 0.59865608 | G9: =G8/$I$8 -> 0.21380574 | H9: =H8/$I$8 -> 0.12217471 | I9: =SUM(E9:H9) -> 1
C10: לתלמיד נורמטיבי | D10: לתלמיד ליום | E10: =E8/25/5 -> 3.424 | F10: =F8/25/5 -> 31.36 | G10: =G8/25/5 -> 11.2 | H10: =H8/25/5 -> 6.4 | I10: =I8/25/5 -> 52.384
D11: לתלמיד ל- 15 ימים | E11: =E10*15 -> 51.36 | F11: =F10*15 -> 470.4 | G11: =G10*15 -> 168 | H11: =H10*15 -> 96 | I11: =I8/25*3 -> 785.76
C12: הרחבה | D12: 5 | E12: 497 | F12: 4895 | G12: 1400 | H12: 800 | I12: =SUM(E12:H12) -> 7592
D13: משקל יחסי | E13: =E12/$I$12 -> 0.065463646 | F13: =F12/$I$12 -> 0.64475764 | G13: =G12/$I$12 -> 0.18440464 | H13: =H12/$I$12 -> 0.10537408 | I13: =SUM(E13:H13) -> 1
D14: לתלמיד ליום | E14: =E12/25/5 -> 3.976 | F14: =F12/25/5 -> 39.16 | G14: =G12/25/5 -> 11.2 | H14: =H12/25/5 -> 6.4 | I14: =I12/25/5 -> 60.736
D15: לתלמיד ל- 7 ימים | E15: =E14*7 -> 27.832 | F15: =F14*7 -> 274.12 | G15: =G14*7 -> 78.4 | H15: =H14*7 -> 44.8 | I15: =I14*7 -> 425.152
B18: עלות קבועה לרכזת גנים שאושרה
B19: סוג המסגרת | C19: סוג עלות | D19: מספר ימים | E19: עלות לרכזת | F19: עלות לגן
B20: גנים | C20: שכר עבור ריכוז 5 גנים בהם המובילה איננה גננת, לפי 5 שעות ביום ו- 103.6 ש"ח עלות שעה | D20: 15 | E20: =6*D20*103.6 -> 9324 | F20: =E20/5 -> 1864.8
B22: מפתח השתתפויות לתלמיד גן
B24: מפתח השתתפויות לתלמיד ח. רגיל | G24: =I11 -> 785.76 | H24: =I15 -> 425.152
B25: אשכול למ"ס | C25: גבייה מההורים | D25: גבייה מההורים - הרחבה | E25: סבסוד המשרד - חינוך רגיל | F25: סבסוד המשרד - חינוך רגיל -הרחבה | G25: אחוז הסבסוד חינוך רגיל | H25: אחוז הסבסוד חינוך רגיל-הרחבה
B26: 1 | C26: 75 | D26: 35 | E26: =$G$24-C26 -> 710.76 | F26: =$H$24-D26 -> 390.152 | G26: =1-C26/$G$24 -> 0.90455101 | H26: =1-D26/$H$24 -> 0.9176765
B27: 2 | C27: 75 | D27: 35 | E27: =$G$24-C27 -> 710.76 | F27: =$H$24-D27 -> 390.152 | G27: =1-C27/$G$24 -> 0.90455101 | H27: =1-D27/$H$24 -> 0.9176765
B28: 3 | C28: 75 | D28: 35 | E28: =$G$24-C28 -> 710.76 | F28: =$H$24-D28 -> 390.152 | G28: =1-C28/$G$24 -> 0.90455101 | H28: =1-D28/$H$24 -> 0.9176765
B29: 4 | C29: 75 | D29: 35 | E29: =$G$24-C29 -> 710.76 | F29: =$H$24-D29 -> 390.152 | G29: =1-C29/$G$24 -> 0.90455101 | H29: =1-D29/$H$24 -> 0.9176765
B30: 5 | C30: 300 | D30: 140 | E30: =$G$24-C30 -> 485.76 | F30: =$H$24-D30 -> 285.152 | G30: =1-C30/$G$24 -> 0.61820403 | H30: =1-D30/$H$24 -> 0.67070601
B31: 6 | C31: 300 | D31: 140 | E31: =$G$24-C31 -> 485.76 | F31: =$H$24-D31 -> 285.152 | G31: =1-C31/$G$24 -> 0.61820403 | H31: =1-D31/$H$24 -> 0.67070601
B32: 7 | C32: 300 | D32: 140 | E32: =$G$24-C32 -> 485.76 | F32: =$H$24-D32 -> 285.152 | G32: =1-C32/$G$24 -> 0.61820403 | H32: =1-D32/$H$24 -> 0.67070601
B33: 8 | C33: 450 | D33: 210 | E33: =$G$24-C33 -> 335.76 | F33: =$H$24-D33 -> 215.152 | G33: =1-C33/$G$24 -> 0.42730605 | H33: =1-D33/$H$24 -> 0.50605901
B34: 9 | C34: 450 | D34: 210 | E34: =$G$24-C34 -> 335.76 | F34: =$H$24-D34 -> 215.152 | G34: =1-C34/$G$24 -> 0.42730605 | H34: =1-D34/$H$24 -> 0.50605901
B35: 10 | C35: 450 | D35: 210 | E35: =$G$24-C35 -> 335.76 | F35: =$H$24-D35 -> 215.152 | G35: =1-C35/$G$24 -> 0.42730605 | H35: =1-D35/$H$24 -> 0.50605901
A37: ב. | B37: מבנה תקציבי בתי ספר
B39: בית ספר - עלות לתלמיד
B40: מפתח עלות לתלמיד - כל האשכולות כולל גבייה מהורים
B41: סוג המסגרת | C41: סוג עלות | D41: מספר ימים | E41: סל ניהול ותפעול | F41: סל הדרכה | G41: סל העשרה | H41: סל גמיש | I41: סה"כ
B42: בי"ס רגיל | C42: כוללת למסגרת של 28 תלמידים | D42: 5 | E42: 396 | F42: 3108 | G42: 1550 | H42: 1000 | I42: =SUM(E42:H42) -> 6054
D43: משקל יחסי | E43: =E42/$I$42 -> 0.065411298 | F43: =F42/$I$42 -> 0.51337958 | G43: =G42/$I$42 -> 0.25602907 | H43: =H42/$I$42 -> 0.16518005 | I43: =SUM(E43:H43) -> 1
C44: לפי תלמיד נורמטיבי לתקופה | D44: לתלמיד ליום | E44: =E43*$I$44 -> 2.8285714 | F44: =F43*$I$44 -> 22.2 | G44: =G43*$I$44 -> 11.071429 | H44: =H43*$I$44 -> 7.1428571 | I44: =I42/28/5 -> 43.242857
D45: לתלמיד ל- 15 ימים | E45: =E43*$I$45 -> 42.428571 | F45: =F43*$I$45 -> 333 | G45: =G43*$I$45 -> 166.07143 | H45: =H43*$I$45 -> 107.14286 | I45: =I42/28*3 -> 648.64286
D46: לתלמיד ל- 7 ימים | E46: =E44*7 -> 19.8 | F46: =F44*7 -> 155.4 | G46: =G44*7 -> 77.5 | H46: =H44*7 -> 50 | I46: =SUM(E46:H46) -> 302.7
B47: בי"ס חנ"מ | C47: כוללת למסגרת של 8 תלמידים | D47: 5 | E47: 324 | F47: 3108 | G47: 1215 | H47: 300 | I47: =SUM(E47:H47) -> 4947
D48: משקל יחסי | E48: =E47/$I$47 -> 0.065494239 | F48: =F47/$I$47 -> 0.62825955 | G48: =G47/$I$47 -> 0.2456034 | H48: =H47/$I$47 -> 0.060642814 | I48: =SUM(E48:H48) -> 1
C49: לפי תלמיד נורמטיבי לתקופה | D49: לתלמיד ליום | E49: =E48*$I$49 -> 8.0996725 | F49: =F48*$I$49 -> 77.696859 | G49: =G48*$I$49 -> 30.373772 | H49: =H48*$I$49 -> 7.4996968 | I49: 123.67
D50: לתלמיד ל- 15 ימים | E50: =E48*$I$50 -> 121.49181 | F50: =F48*$I$50 -> 1165.4215 | G50: =G48*$I$50 -> 455.5943 | H50: =H48*$I$50 -> 112.49242 | I50: 1855
D51: לתלמיד ל- 7 ימים | E51: =E49*7 -> 56.697708 | F51: =F49*7 -> 543.87801 | G51: =G49*7 -> 212.6164 | H51: =H49*7 -> 52.497878 | I51: 865.66
B54: בית ספר תקציב קבוע למוסד
B55: עלות קבועה למוסד שמשתתף בתוכנית
B56: סוג עלות | C56: מספר ימים | D56: שכר רכז | E56: שכר סגן רכז | F56: ניהול ותפעול | G56: סה"כ | H56: תוספת שכר רכז -קיץ פלוס ד-ו (רק במוסדות רשמי) | I56: תקורה שכר רכז | J56: סה"כ
B57: בי"ס רגיל עד 150 תלמידים | C57: 5 | D57: =7*103.6*5+9/3*103.6 -> 3936.8 | E57: 0 | F57: =(D57)*0.07 -> 275.576 | G57: =SUM($D$57:$F$57) -> 4212.376 | H57: =1.5*103.6*5 -> 777 | I57: =H57*0.07 -> 54.39 | J57: =H57+I57 -> 831.39
C58: משקל יחסי | D58: =D57/$G$57 -> 0.93457944 | E58: =E57/$G$57 -> 0 | F58: =F57/$G$57 -> 0.065420561 | G58: =SUM($D$58:$F$58) -> 1
C59: לבי"ס ליום | D59: =D58*$G$59 -> 787.36 | E59: =E58*$G$59 -> 0 | F59: =F58*$G$59 -> 55.1152 | G59: =$G$57/5 -> 842.4752 | H59: =H57/5 -> 155.4 | I59: =I57/5 -> 10.878 | J59: =J57/5 -> 166.278
C60: לבי"ס ל- 15 ימים (20 ימים תוספת שכר רכז ד-ו) | D60: =D58*$G$60 -> 11810.4 | E60: =E58*$G$60 -> 0 | F60: =F58*$G$60 -> 826.728 | G60: =$G$59*15 -> 12637.128 | H60: =H59*15 -> 2331 | I60: =I59*15 -> 163.17 | J60: =J59*15 -> 2494.17
B61: בי"ס רגיל עד 150 תלמידים- הרחבה | C61: 7 | D61: =5897*0.93 -> 5484.21 | E61: 0 | F61: =5897*0.07 -> 412.79 | G61: =SUM($D$61:$F$61) -> 5897 | H61: =1.5*103.6*7 -> 1087.8 | I61: =H61*0.07 -> 76.146 | J61: =H61+I61 -> 1163.946
C62: משקל יחסי | D62: =D61/$G$61 -> 0.93 | E62: =E61/$G$61 -> 0 | F62: =F61/$G$61 -> 0.07 | G62: =SUM($D$62:$F$62) -> 1
C63: לבי"ס ליום | D63: =D61/7 -> 783.45857 | E63: =E61/7 -> 0 | F63: =F61/7 -> 58.97 | G63: =$G$61/7 -> 842.42857 | H63: =H61/7 -> 155.4 | I63: =H63*0.07 -> 10.878 | J63: =H63+I63 -> 166.278
C64: לבי"ס ל- 7 ימים | D64: =D62*$G$64 -> 5484.21 | E64: =E62*$G$64 -> 0 | F64: =F62*$G$64 -> 412.79 | G64: =$G$63*7 -> 5897 | H64: =H63*7 -> 1087.8 | I64: =I63*7 -> 76.146 | J64: =J63*7 -> 1163.946
B65: בי"ס גדול מעל 150 תלמידים | C65: 5 | D65: =(7*103.6*5+9*103.6/3) -> 3936.8 | E65: =(6*103.6*5+3*103.6/3) -> 3211.6 | F65: =(E65+D65)*0.07 -> 500.388 | G65: =SUM($D$65:$F$65) -> 7648.788 | H65: =1.5*103.6*5 -> 777 | I65: =H65*0.07 -> 54.39 | J65: =H65+I65 -> 831.39
C66: משקל יחסי | D66: =D65/$G$65 -> 0.51469592 | E66: =E65/$G$65 -> 0.41988352 | F66: =F65/$G$65 -> 0.065420561 | G66: =SUM($D$66:$F$66) -> 1
C67: לבי"ס ליום | D67: =D66*$G$67 -> 787.36 | E67: =E66*$G$67 -> 642.32 | F67: =F66*$G$67 -> 100.0776 | G67: =$G$65/5 -> 1529.7576 | H67: =H65/5 -> 155.4 | I67: =I65/5 -> 10.878 | J67: =J65/5 -> 166.278
C68: לבי"ס ל- 15 ימים | D68: =D67*15 -> 11810.4 | E68: =E67*15 -> 9634.8 | F68: =F67*15 -> 1501.164 | G68: =$G$67*15 -> 22946.364 | H68: =H67*15 -> 2331 | I68: =I67*15 -> 163.17 | J68: =J67*15 -> 2494.17
B69: בי"ס גדול מעל 150 תלמידים- הרחבה | C69: 7 | D69: =10708*0.93*(7/13) -> 5362.2369 | E69: =10708*0.93*(6/13) -> 4596.2031 | F69: =10708*0.07 -> 749.56 | G69: =SUM($D$69:$F$69) -> 10708 | H69: =1.5*103.6*7 -> 1087.8 | I69: =H69*0.07 -> 76.146 | J69: =H69+I69 -> 1163.946
C70: משקל יחסי | D70: =D69/$G$69 -> 0.50076923 | E70: =E69/$G$69 -> 0.42923077 | F70: =F69/$G$69 -> 0.07 | G70: =SUM($D$70:$F$70) -> 1
C71: לבי"ס ליום | D71: =D70*$G$71 -> 766.03385 | E71: =E70*$G$71 -> 656.60044 | F71: =F70*$G$71 -> 107.08 | G71: =$G$69/7 -> 1529.7143 | H71: =H69/7 -> 155.4 | I71: =H71*0.07 -> 10.878 | J71: =H71+I71 -> 166.278
C72: לבי"ס ל- 7 ימים | D72: =D69 -> 5362.2369 | E72: =E69 -> 4596.2031 | F72: =F69 -> 749.56 | G72: =SUM($D$72:$F$72) -> 10708 | H72: =H71*7 -> 1087.8 | I72: =I71*7 -> 76.146 | J72: =J71*7 -> 1163.946
B77: מפתח השתתפויות לתלמיד בית ספר
B79: מפתח השתתפויות לתלמיד ח. רגיל | G79: =I45 -> 648.64286 | H79: =I46 -> 302.7
B80: אשכול למ"ס | C80: גבייה מההורים | D80: גבייה מההורים - הרחבה | E80: סבסוד המשרד - חינוך רגיל | F80: סבסוד המשרד - חינוך רגיל -הרחבה | G80: אחוז הסבסוד חינוך רגיל | H80: אחוז הסבסוד חינוך רגיל-הרחבה
B81: 1 | C81: 75 | D81: 35 | E81: =$G$79-C81 -> 573.64286 | F81: =$H$79-D81 -> 267.7 | G81: =1-C81/$G$79 -> 0.88437397 | H81: =1-D81/$H$79 -> 0.88437397
B82: 2 | C82: 75 | D82: 35 | E82: =$G$79-C82 -> 573.64286 | F82: =$H$79-D82 -> 267.7 | G82: =1-C82/$G$79 -> 0.88437397 | H82: =1-D82/$H$79 -> 0.88437397
B83: 3 | C83: 75 | D83: 35 | E83: =$G$79-C83 -> 573.64286 | F83: =$H$79-D83 -> 267.7 | G83: =1-C83/$G$79 -> 0.88437397 | H83: =1-D83/$H$79 -> 0.88437397
B84: 4 | C84: 75 | D84: 35 | E84: =$G$79-C84 -> 573.64286 | F84: =$H$79-D84 -> 267.7 | G84: =1-C84/$G$79 -> 0.88437397 | H84: =1-D84/$H$79 -> 0.88437397
B85: 5 | C85: 300 | D85: 140 | E85: =$G$79-C85 -> 348.64286 | F85: =$H$79-D85 -> 162.7 | G85: =1-C85/$G$79 -> 0.53749587 | H85: =1-D85/$H$79 -> 0.53749587
B86: 6 | C86: 300 | D86: 140 | E86: =$G$79-C86 -> 348.64286 | F86: =$H$79-D86 -> 162.7 | G86: =1-C86/$G$79 -> 0.53749587 | H86: =1-D86/$H$79 -> 0.53749587
B87: 7 | C87: 300 | D87: 140 | E87: =$G$79-C87 -> 348.64286 | F87: =$H$79-D87 -> 162.7 | G87: =1-C87/$G$79 -> 0.53749587 | H87: =1-D87/$H$79 -> 0.53749587
B88: 8 | C88: 450 | D88: 210 | E88: =$G$79-C88 -> 198.64286 | F88: =$H$79-D88 -> 92.7 | G88: =1-C88/$G$79 -> 0.30624381 | H88: =1-D88/$H$79 -> 0.30624381
B89: 9 | C89: 450 | D89: 210 | E89: =$G$79-C89 -> 198.64286 | F89: =$H$79-D89 -> 92.7 | G89: =1-C89/$G$79 -> 0.30624381 | H89: =1-D89/$H$79 -> 0.30624381
B90: 10 | C90: 450 | D90: 210 | E90: =$G$79-C90 -> 198.64286 | F90: =$H$79-D90 -> 92.7 | G90: =1-C90/$G$79 -> 0.30624381 | H90: =1-D90/$H$79 -> 0.30624381
B92: מפתח השתתפויות לתלמיד בית ספר
B94: מפתח השתתפויות לתלמיד ח. מיוחד | G94: =I50 -> 1855 | H94: =I51 -> 865.66
B95: אשכול למ"ס | C95: גבייה מההורים | D95: גבייה מההורים - הרחבה | E95: סבסוד המשרד - חינוך רגיל | F95: סבסוד המשרד - חינוך רגיל -הרחבה | G95: אחוז הסבסוד חינוך רגיל | H95: אחוז הסבסוד חינוך רגיל-הרחבה
B96: 1 | C96: 75 | D96: 35 | E96: =$G$94-C96 -> 1780 | F96: =$H$94-D96 -> 830.66 | G96: =1-C96/$G$79 -> 0.88437397 | H96: =1-D96/$H$79 -> 0.88437397
B97: 2 | C97: 75 | D97: 35 | E97: =$G$94-C97 -> 1780 | F97: =$H$94-D97 -> 830.66 | G97: =1-C97/$G$79 -> 0.88437397 | H97: =1-D97/$H$79 -> 0.88437397
B98: 3 | C98: 75 | D98: 35 | E98: =$G$94-C98 -> 1780 | F98: =$H$94-D98 -> 830.66 | G98: =1-C98/$G$79 -> 0.88437397 | H98: =1-D98/$H$79 -> 0.88437397
B99: 4 | C99: 75 | D99: 35 | E99: =$G$94-C99 -> 1780 | F99: =$H$94-D99 -> 830.66 | G99: =1-C99/$G$79 -> 0.88437397 | H99: =1-D99/$H$79 -> 0.88437397
B100: 5 | C100: 300 | D100: 140 | E100: =$G$94-C100 -> 1555 | F100: =$H$94-D100 -> 725.66 | G100: =1-C100/$G$79 -> 0.53749587 | H100: =1-D100/$H$79 -> 0.53749587
B101: 6 | C101: 300 | D101: 140 | E101: =$G$94-C101 -> 1555 | F101: =$H$94-D101 -> 725.66 | G101: =1-C101/$G$79 -> 0.53749587 | H101: =1-D101/$H$79 -> 0.53749587
B102: 7 | C102: 300 | D102: 140 | E102: =$G$94-C102 -> 1555 | F102: =$H$94-D102 -> 725.66 | G102: =1-C102/$G$79 -> 0.53749587 | H102: =1-D102/$H$79 -> 0.53749587
B103: 8 | C103: 450 | D103: 210 | E103: =$G$94-C103 -> 1405 | F103: =$H$94-D103 -> 655.66 | G103: =1-C103/$G$79 -> 0.30624381 | H103: =1-D103/$H$79 -> 0.30624381
B104: 9 | C104: 450 | D104: 210 | E104: =$G$94-C104 -> 1405 | F104: =$H$94-D104 -> 655.66 | G104: =1-C104/$G$79 -> 0.30624381 | H104: =1-D104/$H$79 -> 0.30624381
B105: 10 | C105: 450 | D105: 210 | E105: =$G$94-C105 -> 1405 | F105: =$H$94-D105 -> 655.66 | G105: =1-C105/$G$79 -> 0.30624381 | H105: =1-D105/$H$79 -> 0.30624381
B107: תקצוב עבור רכז רשותי
B108: עלות חודשית רכז | C108: מספר חודשי פעילות | D108: ס"ה תקציב רכז רשותי
B109: 10000 | C109: 2 | D109: 20000

Sheet נתונים כלליים (1)
A1: תוכן העניינים | C1: ='גנים ובתי ספר- מבנה תקציב'!$E$1 -> תכנית בתי הספר והגנים של החופש הגדול, קיץ תשפ"ו
B3: נתונים כללים
E4: =IF(AND(E5=" ",E6=" ",E7=" ")," ","שגיאות בגיליון:") -> שגיאות בגיליון:
B5: שם הרשות המקומית | C5: באר טוביה | E5: =IF(ISBLANK(C5),"יש לבחור את שם הרשות מהרשימה הנפתחת"," ") -> יש לבחור את שם הרשות מהרשימה הנפתחת
B6: מספר אשכול למ"ס | C6: =IFERROR(VLOOKUP($C$5,'רשימת רשויות'!A:B,2,0),"") | E6: =IF(F13="","יש למלא נתוני אנשי קשר ברשות"," ") -> יש למלא נתוני אנשי קשר ברשות
B7: תעריף לילד חלק ההורים - ש"ח | C7: =IFERROR(VLOOKUP(C6,'גנים ובתי ספר- מבנה תקציב'!$B$81:$H$90,2),0) -> 0 | E7: {=IF(טבלה22[שם הגוף המפעיל ו/או מעסיק את העובדים]="","יש למלא נתוני מפעילי התכנית"," ")} -> יש למלא נתוני מפעילי התכנית
B10: אנשי קשר ברשות
B12: תפקיד | C12: שם פרטי | D12: שם משפחה | E12: טלפון | F12: מייל
B13: גזבר | C13: ענבל | D13: ברמי | F13: inbalb@beer-tuvia.org.il
B14: מנהלת מחלקת חינוך | C14: דורון | D14: חנין | F14: doronh@beer-tuvia.org.il
A15: אנשי קשר נוספים:
B18: מפעילי התכנית
A19: מס' סידורי | B19: שם הגוף המפעיל ו/או מעסיק את העובדים | C19: מספר עמותה/ חברה/ עוסק | D19: מפתח חלוקה בין מפעילים | E19: פרטי חברה מנהלת | F19: הערות
A20: 1 | B20: אמיתי לוי יזמות בע"מ | C20: 516498417 | F20: קייטנת בוקר
A21: 2
A22: 3
A23: 4
A24: 5
A25: 6
A26: 7
A27: 8
A28: 9
A29: 10
A30: 11
A31: 12
A32: 13
... A49: 30

Sheet מצבת והרשמה (2)
A1: תוכן העניינים | F1: ='גנים ובתי ספר- מבנה תקציב'!$E$1 -> תכנית בתי הספר והגנים של החופש הגדול, קיץ תשפ"ו
D4: שם הרשות המקומית | F4: ='נתונים כלליים (1)'!$C$5 -> 0
D5: סוג מוסד | F5: בתי ספר
D6: מספר אשכול למ"ס | F6: ='נתונים כלליים (1)'!$C$6
D8: בגיליון זה אין צורך להזין נתונים!
F9: נתוני מצבת תלמידים והרשמה
D11: סיכום | E11: מספר בתי"ס במצבת | F11: מס' תלמידי א-ג במצבת | H11: מס' בתי"ס גדולים - 150 תלמידים ומעלה | I11: מס' בתי"ס בהם מתקיימת פעילות | K11: מס' תלמידים רשומים | M11: מס' בתי"ס גדולים - 150 תלמידים ומעלה
F12: חינוך רגיל | G12: חינוך מיוחד | J12: חינוך רגיל | K12: חינוך מיוחד | L12: סה"כ תלמידים שנרשמו
E13: =COUNTIF(מוסדות,">1") -> 0 | F13: =SUM($G$21:$G$520) -> 0 | G13: =SUM($H$21:$H$520) -> 0 | H13: =COUNTIF($I$21:I$520,">149") -> 0 | I13: =SUM(IF(FREQUENCY($F$21:$F$520,$F$21:$F$520)>0,1)) -> 0 | J13: =SUM($J$21:$J$520) -> 0 | K13: =SUM($K$21:$K$520) -> 0 | L13: =K13+J13 -> 0 | M13: =COUNTIF($L$21:L$520,">149") -> 0
H15: במידה ונתוני הרישום הרשומים בקובץ אינם תואמים לנתונים המאושרים על ידי משה"ח,
H16: יש לרשום מייל מפורט לכתובת: hofesh-gadol26@cdk-cpa.co.il
E19: נתונים כללים | H19: נתוני מצבת | J19: נתוני רישום (01.07.26-21.07.26)
B20: מס' סידורי | C20: סמל בית ספר | D20: שם בית הספר | E20: מעמד - רשמי/ מוכש"ר | F20: סמל בית ספר בו מתקיימת הפעילות | G20: סה"כ תלמידי חינוך רגיל א-ג במצבת | H20: סה"כ תלמידי חינוך מיוחד א-ג במצבת | I20: סה"כ תלמידים במצבת | J20: סה"כ תלמידי חינוך רגיל שנרשמו | K20: סה"כ תלמידי חינוך מיוחד שנרשמו | L20: סה"כ תלמידים שנרשמו | M20: האם בי"ס גדול - 150 תלמידים ומעלה
B21: 1 | C21: {=IFERROR( INDEX('נתוני רישום ומצבת'!$B:$B, SMALL( IF(('נתוני רישום ומצבת'!A$2:A$2998='נתונים כלליים (1)'!$C$5), ROW('נתוני רישום ומצבת'!A$2:A$2998)), ROW(A1)) ), "")} -> 0 | D21: =IF(C21="", "", IFERROR( IF(VLOOKUP(C21, 'נתוני רישום ומצבת'!B:J, 9, FALSE) = $F$4, VLOOKUP(C21, 'נתוני רישום ומצבת'!B:J, 3, FALSE), "המוסד לא קיים ברשות"), "המוסד לא קיים")) -> המוסד לא קיים | E21: =IFERROR(VLOOKUP(C21,'נתוני רישום ומצבת'!B:G,6,0),"") | F21: =IFERROR(VLOOKUP(C21,'נתוני רישום ומצבת'!B:K,10,0)," ") | G21: =IFERROR(VLOOKUP(C21,'נתוני רישום ומצבת'!B:E,4,0)," ") | H21: =IFERROR(VLOOKUP(C21,'נתוני רישום ומצבת'!B:K,7,0),"") | I21: =IFERROR(H21+G21,"") | J21: =IFERROR(VLOOKUP(C21,'נתוני רישום ומצבת'!B:I,5,0)," ") | K21: =IFERROR(VLOOKUP(C21,'נתוני רישום ומצבת'!B:I,8,0),"") | L21: =IFERROR(K21+J21,0) -> 0 | M21: =IF(L21>149,"כן","-") -> -
B22: 2 | C22: {=IFERROR( INDEX('נתוני רישום ומצבת'!$B:$B, SMALL( IF(('נתוני רישום ומצבת'!A$2:A$2998='נתונים כלליים (1)'!$C$5), ROW('נתוני רישום ומצבת'!A$2:A$2998)), ROW(A2)) ), "")} -> 0 | D22: =IF(C22="", "", IFERROR( IF(VLOOKUP(C22, 'נתוני רישום ומצבת'!B:J, 9, FALSE) = $F$4, VLOOKUP(C22, 'נתוני רישום ומצבת'!B:J, 3, FALSE), "המוסד לא קיים ברשות"), "המוסד לא קיים")) -> המוסד לא קיים | E22: =IFERROR(VLOOKUP(C22,'נתוני רישום ומצבת'!B:G,6,0),"") | F22: =IFERROR(VLOOKUP(C22,'נתוני רישום ומצבת'!B:K,10,0)," ") | G22: =IFERROR(VLOOKUP(C22,'נתוני רישום ומצבת'!B:E,4,0)," ") | H22: =IFERROR(VLOOKUP(C22,'נתוני רישום ומצבת'!B:K,7,0),"") | I22: =IFERROR(H22+G22,"") | J22: =IFERROR(VLOOKUP(C22,'נתוני רישום ומצבת'!B:I,5,0)," ") | K22: =IFERROR(VLOOKUP(C22,'נתוני רישום ומצבת'!B:I,8,0),"") | L22: =IFERROR(K22+J22,0) -> 0 | M22: =IF(L22>149,"כן","-") -> -
B23: 3 | C23: {=IFERROR( INDEX('נתוני רישום ומצבת'!$B:$B, SMALL( IF(('נתוני רישום ומצבת'!A$2:A$2998='נתונים כלליים (1)'!$C$5), ROW('נתוני רישום ומצבת'!A$2:A$2998)), ROW(A3)) ), "")} -> 0 | D23: =IF(C23="", "", IFERROR( IF(VLOOKUP(C23, 'נתוני רישום ומצבת'!B:J, 9, FALSE) = $F$4, VLOOKUP(C23, 'נתוני רישום ומצבת'!B:J, 3, FALSE), "המוסד לא קיים ברשות"), "המוסד לא קיים")) -> המוסד לא קיים | E23: =IFERROR(VLOOKUP(C23,'נתוני רישום ומצבת'!B:G,6,0),"") | F23: =IFERROR(VLOOKUP(C23,'נתוני רישום ומצבת'!B:K,10,0)," ") | G23: =IFERROR(VLOOKUP(C23,'נתוני רישום ומצבת'!B:E,4,0)," ") | H23: =IFERROR(VLOOKUP(C23,'נתוני רישום ומצבת'!B:K,7,0),"") | I23: =IFERROR(H23+G23,"") | J23: =IFERROR(VLOOKUP(C23,'נתוני רישום ומצבת'!B:I,5,0)," ") | K23: =IFERROR(VLOOKUP(C23,'נתוני רישום ומצבת'!B:I,8,0),"") | L23: =IFERROR(K23+J23,0) -> 0 | M23: =IF(L23>149,"כן","-") -> -
B24: 4 | C24: {=IFERROR( INDEX('נתוני רישום ומצבת'!$B:$B, SMALL( IF(('נתוני רישום ומצבת'!A$2:A$2998='נתונים כלליים (1)'!$C$5), ROW('נתוני רישום ומצבת'!A$2:A$2998)), ROW(A4)) ), "")} -> 0 | D24: =IF(C24="", "", IFERROR( IF(VLOOKUP(C24, 'נתוני רישום ומצבת'!B:J, 9, FALSE) = $F$4, VLOOKUP(C24, 'נתוני רישום ומצבת'!B:J, 3, FALSE), "המוסד לא קיים ברשות"), "המוסד לא קיים")) -> המוסד לא קיים | E24: =IFERROR(VLOOKUP(C24,'נתוני רישום ומצבת'!B:G,6,0),"") | F24: =IFERROR(VLOOKUP(C24,'נתוני רישום ומצבת'!B:K,10,0)," ") | G24: =IFERROR(VLOOKUP(C24,'נתוני רישום ומצבת'!B:E,4,0)," ") | H24: =IFERROR(VLOOKUP(C24,'נתוני רישום ומצבת'!B:K,7,0),"") | I24: =IFERROR(H24+G24,"") | J24: =IFERROR(VLOOKUP(C24,'נתוני רישום ומצבת'!B:I,5,0)," ") | K24: =IFERROR(VLOOKUP(C24,'נתוני רישום ומצבת'!B:I,8,0),"") | L24: =IFERROR(K24+J24,0) -> 0 | M24: =IF(L24>149,"כן","-") -> -
B25: 5 | C25: {=IFERROR( INDEX('נתוני רישום ומצבת'!$B:$B, SMALL( IF(('נתוני רישום ומצבת'!A$2:A$2998='נתונים כלליים (1)'!$C$5), ROW('נתוני רישום ומצבת'!A$2:A$2998)), ROW(A5)) ), "")} -> 0 | D25: =IF(C25="", "", IFERROR( IF(VLOOKUP(C25, 'נתוני רישום ומצבת'!B:J, 9, FALSE) = $F$4, VLOOKUP(C25, 'נתוני רישום ומצבת'!B:J, 3, FALSE), "המוסד לא קיים ברשות"), "המוסד לא קיים")) -> המוסד לא קיים | E25: =IFERROR(VLOOKUP(C25,'נתוני רישום ומצבת'!B:G,6,0),"") | F25: =IFERROR(VLOOKUP(C25,'נתוני רישום ומצבת'!B:K,10,0)," ") | G25: =IFERROR(VLOOKUP(C25,'נתוני רישום ומצבת'!B:E,4,0)," ") | H25: =IFERROR(VLOOKUP(C25,'נתוני רישום ומצבת'!B:K,7,0),"") | I25: =IFERROR(H25+G25,"") | J25: =IFERROR(VLOOKUP(C25,'נתוני רישום ומצבת'!B:I,5,0)," ") | K25: =IFERROR(VLOOKUP(C25,'נתוני רישום ומצבת'!B:I,8,0),"") | L25: =IFERROR(K25+J25,0) -> 0 | M25: =IF(L25>149,"כן","-") -> -
B26: 6 | C26: {=IFERROR( INDEX('נתוני רישום ומצבת'!$B:$B, SMALL( IF(('נתוני רישום ומצבת'!A$2:A$2998='נתונים כלליים (1)'!$C$5), ROW('נתוני רישום ומצבת'!A$2:A$2998)), ROW(A6)) ), "")} -> 0 | D26: =IF(C26="", "", IFERROR( IF(VLOOKUP(C26, 'נתוני רישום ומצבת'!B:J, 9, FALSE) = $F$4, VLOOKUP(C26, 'נתוני רישום ומצבת'!B:J, 3, FALSE), "המוסד לא קיים ברשות"), "המוסד לא קיים")) -> המוסד לא קיים | E26: =IFERROR(VLOOKUP(C26,'נתוני רישום ומצבת'!B:G,6,0),"") | F26: =IFERROR(VLOOKUP(C26,'נתוני רישום ומצבת'!B:K,10,0)," ") | G26: =IFERROR(VLOOKUP(C26,'נתוני רישום ומצבת'!B:E,4,0)," ") | H26: =IFERROR(VLOOKUP(C26,'נתוני רישום ומצבת'!B:K,7,0),"") | I26: =IFERROR(H26+G26,"") | J26: =IFERROR(VLOOKUP(C26,'נתוני רישום ומצבת'!B:I,5,0)," ") | K26: =IFERROR(VLOOKUP(C26,'נתוני רישום ומצבת'!B:I,8,0),"") | L26: =IFERROR(K26+J26,0) -> 0 | M26: =IF(L26>149,"כן","-") -> -
B27: 7 | C27: {=IFERROR( INDEX('נתוני רישום ומצבת'!$B:$B, SMALL( IF(('נתוני רישום ומצבת'!A$2:A$2998='נתונים כלליים (1)'!$C$5), ROW('נתוני רישום ומצבת'!A$2:A$2998)), ROW(A7)) ), "")} -> 0 | D27: =IF(C27="", "", IFERROR( IF(VLOOKUP(C27, 'נתוני רישום ומצבת'!B:J, 9, FALSE) = $F$4, VLOOKUP(C27, 'נתוני רישום ומצבת'!B:J, 3, FALSE), "המוסד לא קיים ברשות"), "המוסד לא קיים")) -> המוסד לא קיים | E27: =IFERROR(VLOOKUP(C27,'נתוני רישום ומצבת'!B:G,6,0),"") | F27: =IFERROR(VLOOKUP(C27,'נתוני רישום ומצבת'!B:K,10,0)," ") | G27: =IFERROR(VLOOKUP(C27,'נתוני רישום ומצבת'!B:E,4,0)," ") | H27: =IFERROR(VLOOKUP(C27,'נתוני רישום ומצבת'!B:K,7,0),"") | I27: =IFERROR(H27+G27,"") | J27: =IFERROR(VLOOKUP(C27,'נתוני רישום ומצבת'!B:I,5,0)," ") | K27: =IFERROR(VLOOKUP(C27,'נתוני רישום ומצבת'!B:I,8,0),"") | L27: =IFERROR(K27+J27,0) -> 0 | M27: =IF(L27>149,"כן","-") -> -
B28: 8 | C28: {=IFERROR( INDEX('נתוני רישום ומצבת'!$B:$B, SMALL( IF(('נתוני רישום ומצבת'!A$2:A$2998='נתונים כלליים (1)'!$C$5), ROW('נתוני רישום ומצבת'!A$2:A$2998)), ROW(A8)) ), "")} -> 0 | D28: =IF(C28="", "", IFERROR( IF(VLOOKUP(C28, 'נתוני רישום ומצבת'!B:J, 9, FALSE) = $F$4, VLOOKUP(C28, 'נתוני רישום ומצבת'!B:J, 3, FALSE), "המוסד לא קיים ברשות"), "המוסד לא קיים")) -> המוסד לא קיים | E28: =IFERROR(VLOOKUP(C28,'נתוני רישום ומצבת'!B:G,6,0),"") | F28: =IFERROR(VLOOKUP(C28,'נתוני רישום ומצבת'!B:K,10,0)," ") | G28: =IFERROR(VLOOKUP(C28,'נתוני רישום ומצבת'!B:E,4,0)," ") | H28: =IFERROR(VLOOKUP(C28,'נתוני רישום ומצבת'!B:K,7,0),"") | I28: =IFERROR(H28+G28,"") | J28: =IFERROR(VLOOKUP(C28,'נתוני רישום ומצבת'!B:I,5,0)," ") | K28: =IFERROR(VLOOKUP(C28,'נתוני רישום ומצבת'!B:I,8,0),"") | L28: =IFERROR(K28+J28,0) -> 0 | M28: =IF(L28>149,"כן","-") -> -
B29: 9 | C29: {=IFERROR( INDEX('נתוני רישום ומצבת'!$B:$B, SMALL( IF(('נתוני רישום ומצבת'!A$2:A$2998='נתונים כלליים (1)'!$C$5), ROW('נתוני רישום ומצבת'!A$2:A$2998)), ROW(A9)) ), "")} -> 0 | D29: =IF(C29="", "", IFERROR( IF(VLOOKUP(C29, 'נתוני רישום ומצבת'!B:J, 9, FALSE) = $F$4, VLOOKUP(C29, 'נתוני רישום ומצבת'!B:J, 3, FALSE), "המוסד לא קיים ברשות"), "המוסד לא קיים")) -> המוסד לא קיים | E29: =IFERROR(VLOOKUP(C29,'נתוני רישום ומצבת'!B:G,6,0),"") | F29: =IFERROR(VLOOKUP(C29,'נתוני רישום ומצבת'!B:K,10,0)," ") | G29: =IFERROR(VLOOKUP(C29,'נתוני רישום ומצבת'!B:E,4,0)," ") | H29: =IFERROR(VLOOKUP(C29,'נתוני רישום ומצבת'!B:K,7,0),"") | I29: =IFERROR(H29+G29,"") | J29: =IFERROR(VLOOKUP(C29,'נתוני רישום ומצבת'!B:I,5,0)," ") | K29: =IFERROR(VLOOKUP(C29,'נתוני רישום ומצבת'!B:I,8,0),"") | L29: =IFERROR(K29+J29,0) -> 0 | M29: =IF(L29>149,"כן","-") -> -
B30: 10 | C30: {=IFERROR( INDEX('נתוני רישום ומצבת'!$B:$B, SMALL( IF(('נתוני רישום ומצבת'!A$2:A$2998='נתונים כלליים (1)'!$C$5), ROW('נתוני רישום ומצבת'!A$2:A$2998)), ROW(A10)) ), "")} -> 0 | D30: =IF(C30="", "", IFERROR( IF(VLOOKUP(C30, 'נתוני רישום ומצבת'!B:J, 9, FALSE) = $F$4, VLOOKUP(C30, 'נתוני רישום ומצבת'!B:J, 3, FALSE), "המוסד לא קיים ברשות"), "המוסד לא קיים")) -> המוסד לא קיים | E30: =IFERROR(VLOOKUP(C30,'נתוני רישום ומצבת'!B:G,6,0),"") | F30: =IFERROR(VLOOKUP(C30,'נתוני רישום ומצבת'!B:K,10,0)," ") | G30: =IFERROR(VLOOKUP(C30,'נתוני רישום ומצבת'!B:E,4,0)," ") | H30: =IFERROR(VLOOKUP(C30,'נתוני רישום ומצבת'!B:K,7,0),"") | I30: =IFERROR(H30+G30,"") | J30: =IFERROR(VLOOKUP(C30,'נתוני רישום ומצבת'!B:I,5,0)," ") | K30: =IFERROR(VLOOKUP(C30,'נתוני רישום ומצבת'!B:I,8,0),"") | L30: =IFERROR(K30+J30,0) -> 0 | M30: =IF(L30>149,"כן","-") -> -
B31: 11 | C31: {=IFERROR( INDEX('נתוני רישום ומצבת'!$B:$B, SMALL( IF(('נתוני רישום ומצבת'!A$2:A$2998='נתונים כלליים (1)'!$C$5), ROW('נתוני רישום ומצבת'!A$2:A$2998)), ROW(A11)) ), "")} -> 0 | D31: =IF(C31="", "", IFERROR( IF(VLOOKUP(C31, 'נתוני רישום ומצבת'!B:J, 9, FALSE) = $F$4, VLOOKUP(C31, 'נתוני רישום ומצבת'!B:J, 3, FALSE), "המוסד לא קיים ברשות"), "המוסד לא קיים")) -> המוסד לא קיים | E31: =IFERROR(VLOOKUP(C31,'נתוני רישום ומצבת'!B:G,6,0),"") | F31: =IFERROR(VLOOKUP(C31,'נתוני רישום ומצבת'!B:K,10,0)," ") | G31: =IFERROR(VLOOKUP(C31,'נתוני רישום ומצבת'!B:E,4,0)," ") | H31: =IFERROR(VLOOKUP(C31,'נתוני רישום ומצבת'!B:K,7,0),"") | I31: =IFERROR(H31+G31,"") | J31: =IFERROR(VLOOKUP(C31,'נתוני רישום ומצבת'!B:I,5,0)," ") | K31: =IFERROR(VLOOKUP(C31,'נתוני רישום ומצבת'!B:I,8,0),"") | L31: =IFERROR(K31+J31,0) -> 0 | M31: =IF(L31>149,"כן","-") -> -
B32: 12 | C32: {=IFERROR( INDEX('נתוני רישום ומצבת'!$B:$B, SMALL( IF(('נתוני רישום ומצבת'!A$2:A$2998='נתונים כלליים (1)'!$C$5), ROW('נתוני רישום ומצבת'!A$2:A$2998)), ROW(A12)) ), "")} -> 0 | D32: =IF(C32="", "", IFERROR( IF(VLOOKUP(C32, 'נתוני רישום ומצבת'!B:J, 9, FALSE) = $F$4, VLOOKUP(C32, 'נתוני רישום ומצבת'!B:J, 3, FALSE), "המוסד לא קיים ברשות"), "המוסד לא קיים")) -> המוסד לא קיים | E32: =IFERROR(VLOOKUP(C32,'נתוני רישום ומצבת'!B:G,6,0),"") | F32: =IFERROR(VLOOKUP(C32,'נתוני רישום ומצבת'!B:K,10,0)," ") | G32: =IFERROR(VLOOKUP(C32,'נתוני רישום ומצבת'!B:E,4,0)," ") | H32: =IFERROR(VLOOKUP(C32,'נתוני רישום ומצבת'!B:K,7,0),"") | I32: =IFERROR(H32+G32,"") | J32: =IFERROR(VLOOKUP(C32,'נתוני רישום ומצבת'!B:I,5,0)," ") | K32: =IFERROR(VLOOKUP(C32,'נתוני רישום ומצבת'!B:I,8,0),"") | L32: =IFERROR(K32+J32,0) -> 0 | M32: =IF(L32>149,"כן","-") -> -
... B520: 500 | C520: {=IFERROR( INDEX('נתוני רישום ומצבת'!$B:$B, SMALL( IF(('נתוני רישום ומצבת'!A$2:A$2998='נתונים כלליים (1)'!$C$5), ROW('נתוני רישום ומצבת'!A$2:A$2998)), ROW(A500)) ), "")} | D520: =IF(C520="", "", IFERROR( IF(VLOOKUP(C520, 'נתוני רישום ומצבת'!B:J, 9, FALSE) = $F$4, VLOOKUP(C520, 'נתוני רישום ומצבת'!B:J, 3, FALSE), "המוסד לא קיים ברשות"), "המוסד לא קיים")) | E520: =IFERROR(VLOOKUP(C520,'נתוני רישום ומצבת'!B:G,6,0),"") | F520: =IFERROR(VLOOKUP(C520,'נתוני רישום ומצבת'!B:K,10,0)," ") | G520: =IFERROR(VLOOKUP(C520,'נתוני רישום ומצבת'!B:E,4,0)," ") | H520: =IFERROR(VLOOKUP(C520,'נתוני רישום ומצבת'!B:K,7,0),"") | I520: =IFERROR(H520+G520,"") | J520: =IFERROR(VLOOKUP(C520,'נתוני רישום ומצבת'!B:I,5,0)," ") | K520: =IFERROR(VLOOKUP(C520,'נתוני רישום ומצבת'!B:I,8,0),"") | L520: =IFERROR(K520+J520,0) -> 0 | M520: =IF(L520>149,"כן","-") -> -

Sheet דוח ביצוע (3)
A1: תוכן העניינים | H1: ='גנים ובתי ספר- מבנה תקציב'!$E$1 -> תכנית בתי הספר והגנים של החופש הגדול, קיץ תשפ"ו | N1: * | S1: * | T1: * | U1: * | AA1: * | AB1: * | AD1: * | AE1: * | AF1: * | AG1: * | AH1: * | AI1: * | AJ1: *
S2: תנאי סף לתקצוב: 0=לפרסום, 1=פעיל | T2: 0
E3: שם הרשות המקומית | H3: ='נתונים כלליים (1)'!$C$5 -> 0 | L3: =IF(AND(L4="",L5="",L6="")," ","שגיאות בגיליון:")
E4: סוג מוסד | H4: בתי ספר | L4: {=IF(SUMPRODUCT((COUNTIF(B21:B520,B21:B520)>1)/IF(B21:B520="",1,COUNTIF(B21:B520,B21:B520)))>0,CONCATENATE("קיימים ",SUMPRODUCT((COUNTIF(B21:B520,B21:B520)>1)/IF(B21:B520="",1,COUNTIF(B21:B520,B21:B520)))," מוסדות שמופיעים יותר מפעם אחת בדיווח."),"")}
E5: מספר אשכול למ"ס | H5: ='נתונים כלליים (1)'!$C$6 | L5: =IF(SUM($AB$21:$AB$520)>0,CONCATENATE(" קיימים ",SUM($AB$21:$AB$520)," מוסדות בהם לא מולאו נתונים לגבי מספר התלמידים שהשתתפו בתוכנית."),"")
L6: =IF(SUM($Z$21:$Z$520)>0,CONCATENATE(" קיימים ",SUM($Z$21:$Z$520)," מוסדות בהם לא מולאו נתונים לגבי תקופת הפעילות."),"")
H7: דוח ביצוע מפורט לפי תלמידים | Z7: * | AA7: * | AB7: * | AC7: * | AD7: * | AE7: * | AF7: * | AG7: * | AH7: * | AI7: * | AJ7: *
H8: ריכוז לפי בתי הספר בהם מופעלת התכנית
C10: סיכום
D11: נתוני הרשמה מגליון מצבת והרשמה (2) | G11: ביצוע בפועל | K11: נתונים לחישוב תקציב
C12: מס' בתי"ס בהם מתקיימת פעילות | D12: מס' תלמידים רשומים חינוך רגיל | E12: מס' תלמידים רשומים חינוך מיוחד | F12: סה"כ תלמידים בביה"ס | G12: מס' תלמידים מדווחים חינוך רגיל | H12: מס' תלמידים מדווחים חינוך מיוחד | I12: סה"כ תלמידים בביה"ס | J12: בתי ספר גדולים | K12: מס' תלמידים חינוך רגיל | L12: מס' תלמידים חינוך מיוחד | M12: סה"כ מס' תלמידים
C13: =SUM(IF(FREQUENCY(B21:$B$520,B21:$B$520)>0,1)) -> 0 | D13: =SUM(D21:D520) -> 0 | E13: =SUM(E21:E520) -> 0 | F13: =SUM(F21:F520) -> 0 | G13: =SUM(G21:G520) -> 0 | H13: =SUM(H21:H520) -> 0 | I13: =SUM(I21:I520) -> 0 | J13: =SUM(J21:J520) -> 0 | K13: =SUM(S21:S520) -> 0 | L13: =SUM(T21:T520) -> 0 | M13: =SUM(U21:U520) -> 0
B15: לתשומת ליבכם, סמל מוסד של גני ילדים בחטיבות צעירות ידווח כחלק מגני הילדים של הרשות בדו״ח הביצוע של גני הילדים.
C17: דוח ביצוע מפורט | AC17: לעדכן
B19: נתוני הרשמה מגליון מצבת והרשמה (2) | G19: ביצוע בפועל | K19: תקופת הפעילות | O19: קיץ פלוס | S19: נתונים לחישוב תקציב | W19: בקרות - יש לוודא כי לא קיימות שורות עם התראה | AC19: נתוני בקרות שטח
A20: מס' סידורי | B20: סמל בית ספר בו מתקיימת הפעילות לפי נתוני הרשמה | C20: מפעיל התכנית | D20: מס' תלמידים רשומים חינוך רגיל | E20: מס' תלמידים רשומים חינוך מיוחד | F20: סה"כ תלמידים בביה"ס | G20: מס' תלמידים חינוך רגיל | H20: מס' תלמידים חינוך מיוחד | I20: סה"כ תלמידים בביה"ס | J20: בתי ספר גדולים | K20: תאריך פתיחה | L20: תאריך סיום | M20: מספר ימי פעילות בפועל | N20: בדיקת תנאי סף לקיום מלוא ימי הפעילות | O20: מס' תלמידים במצבת חינוך ד-ו | P20: מס' תלמידים רשומים חינוך ד-ו | Q20: מס' תלמידים משתתפים בפועל ד-ו | S20: מס' תלמידים חינוך רגיל | T20: מס' תלמידים חינוך מיוחד | U20: סה"כ מס' תלמידים | V20: בקרת מילוי מס' ימי פעילות - עמודה M | W20: בקרת סמלי מוסדות - האם קיים כמוסד בו מתבצעת פעילות? | X20: בקרת סמלי בתי"ס - עמודה B | Y20: בקרת שורות ריקות - עמודה B | Z20: בקרת מילוי מס' ימי פעילות | AA20: בקרת כפילות מילוי מוסדות | AB20: בקרת אי מילוי תלמידים | AC20: ממוצע ח.ר | AD20: ממוצע ח.מ | AE20: סיבה לאי ביצוע בקרה | AF20: האם הופעל קיץ פלוס בבית הספר? | AG20: תוספת תקצוב רכז בית ספר ד-ו | AH20: תוספת תקצוב תקורה רכז בית ספר ד-ו | AI20: סה"כ | AJ20: האם פעלו פחות מ-15 יום
A21: 1 | D21: =(IFERROR(SUMIF('מצבת והרשמה (2)'!$F$21:$F$501,'דוח ביצוע (3)'!$B21,'מצבת והרשמה (2)'!$J$21:$J$501),0)) -> 0 | E21: =IFERROR(SUMIF('מצבת והרשמה (2)'!$F$21:$F$501,'דוח ביצוע (3)'!$B21,'מצבת והרשמה (2)'!$K$21:$K$501),0) -> 0 | F21: =E21+D21 -> 0 | I21: =H21+G21 -> 0 | J21: =IF(F21>149,1,0) -> 0 | M21: =MIN(NETWORKDAYS.INTL(K21,L21,7),15) -> 0 | N21: =IF(B21>0,IF(M21<15,"תקופת הפעילות נמוכה מהתקופה הנדרשת, ועל כן המוסד אינו זכאי לתקצוב","תקין"),"") | O21: =IFERROR(VLOOKUP(B21,'נתוני רישום ומצבת'!B:Q,16,0),"") | P21: =IFERROR(VLOOKUP(B21,'נתוני רישום ומצבת'!B:R,17,0),0) -> 0 | S21: =IF(OR($T$2=0,N21="תקין"),MAX(IF(G21="",0,MIN(G21,D21)),0),0) -> 0 | T21: =IF(OR($T$2=0,N21="תקין"),MAX(IF(H21="",0,MIN(H21,E21)),0),0) -> 0 | U21: =SUM(S21:T21) -> 0 | V21: =IF(ISNUMBER(B21),IF(M21<1,"יש למלא מס' ימי פעילות",IF(M21<15,"יש למלא סיבה לחוסר ימי פעילות","תקין")),"") | W21: =IF(ISBLANK(B21)," ",IF(B21=IFERROR(VLOOKUP(B21,'מצבת והרשמה (2)'!F:F,1,0),0),"תקין","לא קיים במצבת כבית ספר בו מתקיימת פעילות")) | X21: =IF(IFERROR(COUNTIF($C$20:$C$2460,B21)," ")>1,"סמל המוסד מופיע יותר מפעם אחת",IF(ISBLANK(B21),"","תקין")) | Y21: =IF(AND(ISNUMBER(B21),ISBLANK(B20)),"יש למלא שורות רצופות","") | Z21: =IF(OR(LEFT(V21,10)="יש למלא מס",LEFT(V21,10)="יש למלא סי"),1,0) -> 0 | AA21: =IF(COUNTIF(סמלפעילות,B21)>1,1,0) -> 0 | AB21: =IF(B21>0,IF(I21=0,1,0),0) -> 0 | AC21: =MAX(IF(G21=" ",0,MIN(G21,D21)),0) -> 0 | AD21: =MAX(IF(H21=" ",0,MIN(H21,E21)),0) -> 0 | AE21: =IFERROR(VLOOKUP(B21,'[1]סיכום בקרת רשויות'!$A:$D,4,0),"") | AF21: =IF(B21>0,IF(Q21>=MIN(40,P21),"כן",""),"") | AG21: =IF(AF21="כן",M21*'גנים ובתי ספר- מבנה תקציב'!$H$59,0) -> 0 | AH21: =IF(AF21="כן",M21*'גנים ובתי ספר- מבנה תקציב'!$I$59,0) -> 0 | AI21: =AH21+AG21 -> 0 | AJ21: =IF(B21>0,IF(M21<15,1,0),"")
A22: 2 | D22: =(IFERROR(SUMIF('מצבת והרשמה (2)'!$F$21:$F$501,'דוח ביצוע (3)'!$B22,'מצבת והרשמה (2)'!$J$21:$J$501),0)) -> 0 | E22: =IFERROR(SUMIF('מצבת והרשמה (2)'!$F$21:$F$501,'דוח ביצוע (3)'!$B22,'מצבת והרשמה (2)'!$K$21:$K$501),0) -> 0 | F22: =E22+D22 -> 0 | I22: =H22+G22 -> 0 | J22: =IF(F22>149,1,0) -> 0 | M22: =MIN(NETWORKDAYS.INTL(K22,L22,7),15) -> 0 | N22: =IF(B22>0,IF(M22<15,"תקופת הפעילות נמוכה מהתקופה הנדרשת, ועל כן המוסד אינו זכאי לתקצוב","תקין"),"") | O22: =IFERROR(VLOOKUP(B22,'נתוני רישום ומצבת'!B:Q,16,0),"") | P22: =IFERROR(VLOOKUP(B22,'נתוני רישום ומצבת'!B:R,17,0),"") | S22: =IF(OR($T$2=0,N22="תקין"),MAX(IF(G22="",0,MIN(G22,D22)),0),0) -> 0 | T22: =IF(OR($T$2=0,N22="תקין"),MAX(IF(H22="",0,MIN(H22,E22)),0),0) -> 0 | U22: =SUM(S22:T22) -> 0 | V22: =IF(ISNUMBER(B22),IF(M22<1,"יש למלא מס' ימי פעילות",IF(M22<15,"יש למלא סיבה לחוסר ימי פעילות","תקין")),"") | W22: =IF(ISBLANK(B22)," ",IF(B22=IFERROR(VLOOKUP(B22,'מצבת והרשמה (2)'!F:F,1,0),0),"תקין","לא קיים במצבת כבית ספר בו מתקיימת פעילות")) | X22: =IF(IFERROR(COUNTIF($C$20:$C$2460,B22)," ")>1,"סמל המוסד מופיע יותר מפעם אחת",IF(ISBLANK(B22),"","תקין")) | Y22: =IF(AND(ISNUMBER(B22),ISBLANK(B21)),"יש למלא שורות רצופות","") | Z22: =IF(OR(LEFT(V22,10)="יש למלא מס",LEFT(V22,10)="יש למלא סי"),1,0) -> 0 | AA22: =IF(COUNTIF(סמלפעילות,B22)>1,1,0) -> 0 | AB22: =IF(B22>0,IF(I22=0,1,0),0) -> 0 | AC22: =MAX(IF(G22=" ",0,MIN(G22,D22)),0) -> 0 | AD22: =MAX(IF(H22=" ",0,MIN(H22,E22)),0) -> 0 | AE22: =IFERROR(VLOOKUP(B22,'[1]סיכום בקרת רשויות'!$A:$D,4,0),"") | AF22: =IF(B22>0,IF(Q22>=MIN(40,P22),"כן",""),"") | AG22: =IF(AF22="כן",M22*'גנים ובתי ספר- מבנה תקציב'!$H$59,0) -> 0 | AH22: =IF(AF22="כן",M22*'גנים ובתי ספר- מבנה תקציב'!$I$59,0) -> 0 | AI22: =AH22+AG22 -> 0 | AJ22: =IF(B22>0,IF(M22<15,1,0),"")
A23: 3 | D23: =(IFERROR(SUMIF('מצבת והרשמה (2)'!$F$21:$F$501,'דוח ביצוע (3)'!$B23,'מצבת והרשמה (2)'!$J$21:$J$501),0)) -> 0 | E23: =IFERROR(SUMIF('מצבת והרשמה (2)'!$F$21:$F$501,'דוח ביצוע (3)'!$B23,'מצבת והרשמה (2)'!$K$21:$K$501),0) -> 0 | F23: =E23+D23 -> 0 | I23: =H23+G23 -> 0 | J23: =IF(F23>149,1,0) -> 0 | M23: =MIN(NETWORKDAYS.INTL(K23,L23,7),15) -> 0 | N23: =IF(B23>0,IF(M23<15,"תקופת הפעילות נמוכה מהתקופה הנדרשת, ועל כן המוסד אינו זכאי לתקצוב","תקין"),"") | O23: =IFERROR(VLOOKUP(B23,'נתוני רישום ומצבת'!B:Q,16,0),"") | P23: =IFERROR(VLOOKUP(B23,'נתוני רישום ומצבת'!B:R,17,0),"") | S23: =IF(OR($T$2=0,N23="תקין"),MAX(IF(G23="",0,MIN(G23,D23)),0),0) -> 0 | T23: =IF(OR($T$2=0,N23="תקין"),MAX(IF(H23="",0,MIN(H23,E23)),0),0) -> 0 | U23: =SUM(S23:T23) -> 0 | V23: =IF(ISNUMBER(B23),IF(M23<1,"יש למלא מס' ימי פעילות",IF(M23<15,"יש למלא סיבה לחוסר ימי פעילות","תקין")),"") | W23: =IF(ISBLANK(B23)," ",IF(B23=IFERROR(VLOOKUP(B23,'מצבת והרשמה (2)'!F:F,1,0),0),"תקין","לא קיים במצבת כבית ספר בו מתקיימת פעילות")) | X23: =IF(IFERROR(COUNTIF($C$20:$C$2460,B23)," ")>1,"סמל המוסד מופיע יותר מפעם אחת",IF(ISBLANK(B23),"","תקין")) | Y23: =IF(AND(ISNUMBER(B23),ISBLANK(B22)),"יש למלא שורות רצופות","") | Z23: =IF(OR(LEFT(V23,10)="יש למלא מס",LEFT(V23,10)="יש למלא סי"),1,0) -> 0 | AA23: =IF(COUNTIF(סמלפעילות,B23)>1,1,0) -> 0 | AB23: =IF(B23>0,IF(I23=0,1,0),0) -> 0 | AC23: =MAX(IF(G23=" ",0,MIN(G23,D23)),0) -> 0 | AD23: =MAX(IF(H23=" ",0,MIN(H23,E23)),0) -> 0 | AE23: =IFERROR(VLOOKUP(B23,'[1]סיכום בקרת רשויות'!$A:$D,4,0),"") | AF23: =IF(B23>0,IF(Q23>=MIN(40,P23),"כן",""),"") | AG23: =IF(AF23="כן",M23*'גנים ובתי ספר- מבנה תקציב'!$H$59,0) -> 0 | AH23: =IF(AF23="כן",M23*'גנים ובתי ספר- מבנה תקציב'!$I$59,0) -> 0 | AI23: =AH23+AG23 -> 0 | AJ23: =IF(B23>0,IF(M23<15,1,0),"")
A24: 4 | D24: =(IFERROR(SUMIF('מצבת והרשמה (2)'!$F$21:$F$501,'דוח ביצוע (3)'!$B24,'מצבת והרשמה (2)'!$J$21:$J$501),0)) -> 0 | E24: =IFERROR(SUMIF('מצבת והרשמה (2)'!$F$21:$F$501,'דוח ביצוע (3)'!$B24,'מצבת והרשמה (2)'!$K$21:$K$501),0) -> 0 | F24: =E24+D24 -> 0 | I24: =H24+G24 -> 0 | J24: =IF(F24>149,1,0) -> 0 | M24: =MIN(NETWORKDAYS.INTL(K24,L24,7),15) -> 0 | N24: =IF(B24>0,IF(M24<15,"תקופת הפעילות נמוכה מהתקופה הנדרשת, ועל כן המוסד אינו זכאי לתקצוב","תקין"),"") | O24: =IFERROR(VLOOKUP(B24,'נתוני רישום ומצבת'!B:Q,16,0),"") | P24: =IFERROR(VLOOKUP(B24,'נתוני רישום ומצבת'!B:R,17,0),"") | S24: =IF(OR($T$2=0,N24="תקין"),MAX(IF(G24="",0,MIN(G24,D24)),0),0) -> 0 | T24: =IF(OR($T$2=0,N24="תקין"),MAX(IF(H24="",0,MIN(H24,E24)),0),0) -> 0 | U24: =SUM(S24:T24) -> 0 | V24: =IF(ISNUMBER(B24),IF(M24<1,"יש למלא מס' ימי פעילות",IF(M24<15,"יש למלא סיבה לחוסר ימי פעילות","תקין")),"") | W24: =IF(ISBLANK(B24)," ",IF(B24=IFERROR(VLOOKUP(B24,'מצבת והרשמה (2)'!F:F,1,0),0),"תקין","לא קיים במצבת כבית ספר בו מתקיימת פעילות")) | X24: =IF(IFERROR(COUNTIF($C$20:$C$2460,B24)," ")>1,"סמל המוסד מופיע יותר מפעם אחת",IF(ISBLANK(B24),"","תקין")) | Y24: =IF(AND(ISNUMBER(B24),ISBLANK(B23)),"יש למלא שורות רצופות","") | Z24: =IF(OR(LEFT(V24,10)="יש למלא מס",LEFT(V24,10)="יש למלא סי"),1,0) -> 0 | AA24: =IF(COUNTIF(סמלפעילות,B24)>1,1,0) -> 0 | AB24: =IF(B24>0,IF(I24=0,1,0),0) -> 0 | AC24: =MAX(IF(G24=" ",0,MIN(G24,D24)),0) -> 0 | AD24: =MAX(IF(H24=" ",0,MIN(H24,E24)),0) -> 0 | AE24: =IFERROR(VLOOKUP(B24,'[1]סיכום בקרת רשויות'!$A:$D,4,0),"") | AF24: =IF(B24>0,IF(Q24>=MIN(40,P24),"כן",""),"") | AG24: =IF(AF24="כן",M24*'גנים ובתי ספר- מבנה תקציב'!$H$59,0) -> 0 | AH24: =IF(AF24="כן",M24*'גנים ובתי ספר- מבנה תקציב'!$I$59,0) -> 0 | AI24: =AH24+AG24 -> 0 | AJ24: =IF(B24>0,IF(M24<15,1,0),"")
A25: 5 | D25: =(IFERROR(SUMIF('מצבת והרשמה (2)'!$F$21:$F$501,'דוח ביצוע (3)'!$B25,'מצבת והרשמה (2)'!$J$21:$J$501),0)) -> 0 | E25: =IFERROR(SUMIF('מצבת והרשמה (2)'!$F$21:$F$501,'דוח ביצוע (3)'!$B25,'מצבת והרשמה (2)'!$K$21:$K$501),0) -> 0 | F25: =E25+D25 -> 0 | I25: =H25+G25 -> 0 | J25: =IF(F25>149,1,0) -> 0 | M25: =MIN(NETWORKDAYS.INTL(K25,L25,7),15) -> 0 | N25: =IF(B25>0,IF(M25<15,"תקופת הפעילות נמוכה מהתקופה הנדרשת, ועל כן המוסד אינו זכאי לתקצוב","תקין"),"") | O25: =IFERROR(VLOOKUP(B25,'נתוני רישום ומצבת'!B:Q,16,0),"") | P25: =IFERROR(VLOOKUP(B25,'נתוני רישום ומצבת'!B:R,17,0),"") | S25: =IF(OR($T$2=0,N25="תקין"),MAX(IF(G25="",0,MIN(G25,D25)),0),0) -> 0 | T25: =IF(OR($T$2=0,N25="תקין"),MAX(IF(H25="",0,MIN(H25,E25)),0),0) -> 0 | U25: =SUM(S25:T25) -> 0 | V25: =IF(ISNUMBER(B25),IF(M25<1,"יש למלא מס' ימי פעילות",IF(M25<15,"יש למלא סיבה לחוסר ימי פעילות","תקין")),"") | W25: =IF(ISBLANK(B25)," ",IF(B25=IFERROR(VLOOKUP(B25,'מצבת והרשמה (2)'!F:F,1,0),0),"תקין","לא קיים במצבת כבית ספר בו מתקיימת פעילות")) | X25: =IF(IFERROR(COUNTIF($C$20:$C$2460,B25)," ")>1,"סמל המוסד מופיע יותר מפעם אחת",IF(ISBLANK(B25),"","תקין")) | Y25: =IF(AND(ISNUMBER(B25),ISBLANK(B24)),"יש למלא שורות רצופות","") | Z25: =IF(OR(LEFT(V25,10)="יש למלא מס",LEFT(V25,10)="יש למלא סי"),1,0) -> 0 | AA25: =IF(COUNTIF(סמלפעילות,B25)>1,1,0) -> 0 | AB25: =IF(B25>0,IF(I25=0,1,0),0) -> 0 | AC25: =MAX(IF(G25=" ",0,MIN(G25,D25)),0) -> 0 | AD25: =MAX(IF(H25=" ",0,MIN(H25,E25)),0) -> 0 | AE25: =IFERROR(VLOOKUP(B25,'[1]סיכום בקרת רשויות'!$A:$D,4,0),"") | AF25: =IF(B25>0,IF(Q25>=MIN(40,P25),"כן",""),"") | AG25: =IF(AF25="כן",M25*'גנים ובתי ספר- מבנה תקציב'!$H$59,0) -> 0 | AH25: =IF(AF25="כן",M25*'גנים ובתי ספר- מבנה תקציב'!$I$59,0) -> 0 | AI25: =AH25+AG25 -> 0 | AJ25: =IF(B25>0,IF(M25<15,1,0),"")
A26: 6 | D26: =(IFERROR(SUMIF('מצבת והרשמה (2)'!$F$21:$F$501,'דוח ביצוע (3)'!$B26,'מצבת והרשמה (2)'!$J$21:$J$501),0)) -> 0 | E26: =IFERROR(SUMIF('מצבת והרשמה (2)'!$F$21:$F$501,'דוח ביצוע (3)'!$B26,'מצבת והרשמה (2)'!$K$21:$K$501),0) -> 0 | F26: =E26+D26 -> 0 | I26: =H26+G26 -> 0 | J26: =IF(F26>149,1,0) -> 0 | M26: =MIN(NETWORKDAYS.INTL(K26,L26,7),15) -> 0 | N26: =IF(B26>0,IF(M26<15,"תקופת הפעילות נמוכה מהתקופה הנדרשת, ועל כן המוסד אינו זכאי לתקצוב","תקין"),"") | O26: =IFERROR(VLOOKUP(B26,'נתוני רישום ומצבת'!B:Q,16,0),"") | P26: =IFERROR(VLOOKUP(B26,'נתוני רישום ומצבת'!B:R,17,0),"") | S26: =IF(OR($T$2=0,N26="תקין"),MAX(IF(G26="",0,MIN(G26,D26)),0),0) -> 0 | T26: =IF(OR($T$2=0,N26="תקין"),MAX(IF(H26="",0,MIN(H26,E26)),0),0) -> 0 | U26: =SUM(S26:T26) -> 0 | V26: =IF(ISNUMBER(B26),IF(M26<1,"יש למלא מס' ימי פעילות",IF(M26<15,"יש למלא סיבה לחוסר ימי פעילות","תקין")),"") | W26: =IF(ISBLANK(B26)," ",IF(B26=IFERROR(VLOOKUP(B26,'מצבת והרשמה (2)'!F:F,1,0),0),"תקין","לא קיים במצבת כבית ספר בו מתקיימת פעילות")) | X26: =IF(IFERROR(COUNTIF($C$20:$C$2460,B26)," ")>1,"סמל המוסד מופיע יותר מפעם אחת",IF(ISBLANK(B26),"","תקין")) | Y26: =IF(AND(ISNUMBER(B26),ISBLANK(B25)),"יש למלא שורות רצופות","") | Z26: =IF(OR(LEFT(V26,10)="יש למלא מס",LEFT(V26,10)="יש למלא סי"),1,0) -> 0 | AA26: =IF(COUNTIF(סמלפעילות,B26)>1,1,0) -> 0 | AB26: =IF(B26>0,IF(I26=0,1,0),0) -> 0 | AC26: =MAX(IF(G26=" ",0,MIN(G26,D26)),0) -> 0 | AD26: =MAX(IF(H26=" ",0,MIN(H26,E26)),0) -> 0 | AE26: =IFERROR(VLOOKUP(B26,'[1]סיכום בקרת רשויות'!$A:$D,4,0),"") | AF26: =IF(B26>0,IF(Q26>=MIN(40,P26),"כן",""),"") | AG26: =IF(AF26="כן",M26*'גנים ובתי ספר- מבנה תקציב'!$H$59,0) -> 0 | AH26: =IF(AF26="כן",M26*'גנים ובתי ספר- מבנה תקציב'!$I$59,0) -> 0 | AI26: =AH26+AG26 -> 0 | AJ26: =IF(B26>0,IF(M26<15,1,0),"")
A27: 7 | D27: =(IFERROR(SUMIF('מצבת והרשמה (2)'!$F$21:$F$501,'דוח ביצוע (3)'!$B27,'מצבת והרשמה (2)'!$J$21:$J$501),0)) -> 0 | E27: =IFERROR(SUMIF('מצבת והרשמה (2)'!$F$21:$F$501,'דוח ביצוע (3)'!$B27,'מצבת והרשמה (2)'!$K$21:$K$501),0) -> 0 | F27: =E27+D27 -> 0 | I27: =H27+G27 -> 0 | J27: =IF(F27>149,1,0) -> 0 | M27: =MIN(NETWORKDAYS.INTL(K27,L27,7),15) -> 0 | N27: =IF(B27>0,IF(M27<15,"תקופת הפעילות נמוכה מהתקופה הנדרשת, ועל כן המוסד אינו זכאי לתקצוב","תקין"),"") | O27: =IFERROR(VLOOKUP(B27,'נתוני רישום ומצבת'!B:Q,16,0),"") | P27: =IFERROR(VLOOKUP(B27,'נתוני רישום ומצבת'!B:R,17,0),"") | S27: =IF(OR($T$2=0,N27="תקין"),MAX(IF(G27="",0,MIN(G27,D27)),0),0) -> 0 | T27: =IF(OR($T$2=0,N27="תקין"),MAX(IF(H27="",0,MIN(H27,E27)),0),0) -> 0 | U27: =SUM(S27:T27) -> 0 | V27: =IF(ISNUMBER(B27),IF(M27<1,"יש למלא מס' ימי פעילות",IF(M27<15,"יש למלא סיבה לחוסר ימי פעילות","תקין")),"") | W27: =IF(ISBLANK(B27)," ",IF(B27=IFERROR(VLOOKUP(B27,'מצבת והרשמה (2)'!F:F,1,0),0),"תקין","לא קיים במצבת כבית ספר בו מתקיימת פעילות")) | X27: =IF(IFERROR(COUNTIF($C$20:$C$2460,B27)," ")>1,"סמל המוסד מופיע יותר מפעם אחת",IF(ISBLANK(B27),"","תקין")) | Y27: =IF(AND(ISNUMBER(B27),ISBLANK(B26)),"יש למלא שורות רצופות","") | Z27: =IF(OR(LEFT(V27,10)="יש למלא מס",LEFT(V27,10)="יש למלא סי"),1,0) -> 0 | AA27: =IF(COUNTIF(סמלפעילות,B27)>1,1,0) -> 0 | AB27: =IF(B27>0,IF(I27=0,1,0),0) -> 0 | AC27: =MAX(IF(G27=" ",0,MIN(G27,D27)),0) -> 0 | AD27: =MAX(IF(H27=" ",0,MIN(H27,E27)),0) -> 0 | AE27: =IFERROR(VLOOKUP(B27,'[1]סיכום בקרת רשויות'!$A:$D,4,0),"") | AF27: =IF(B27>0,IF(Q27>=MIN(40,P27),"כן",""),"") | AG27: =IF(AF27="כן",M27*'גנים ובתי ספר- מבנה תקציב'!$H$59,0) -> 0 | AH27: =IF(AF27="כן",M27*'גנים ובתי ספר- מבנה תקציב'!$I$59,0) -> 0 | AI27: =AH27+AG27 -> 0 | AJ27: =IF(B27>0,IF(M27<15,1,0),"")
A28: 8 | D28: =(IFERROR(SUMIF('מצבת והרשמה (2)'!$F$21:$F$501,'דוח ביצוע (3)'!$B28,'מצבת והרשמה (2)'!$J$21:$J$501),0)) -> 0 | E28: =IFERROR(SUMIF('מצבת והרשמה (2)'!$F$21:$F$501,'דוח ביצוע (3)'!$B28,'מצבת והרשמה (2)'!$K$21:$K$501),0) -> 0 | F28: =E28+D28 -> 0 | I28: =H28+G28 -> 0 | J28: =IF(F28>149,1,0) -> 0 | M28: =MIN(NETWORKDAYS.INTL(K28,L28,7),15) -> 0 | N28: =IF(B28>0,IF(M28<15,"תקופת הפעילות נמוכה מהתקופה הנדרשת, ועל כן המוסד אינו זכאי לתקצוב","תקין"),"") | O28: =IFERROR(VLOOKUP(B28,'נתוני רישום ומצבת'!B:Q,16,0),"") | P28: =IFERROR(VLOOKUP(B28,'נתוני רישום ומצבת'!B:R,17,0),"") | S28: =IF(OR($T$2=0,N28="תקין"),MAX(IF(G28="",0,MIN(G28,D28)),0),0) -> 0 | T28: =IF(OR($T$2=0,N28="תקין"),MAX(IF(H28="",0,MIN(H28,E28)),0),0) -> 0 | U28: =SUM(S28:T28) -> 0 | V28: =IF(ISNUMBER(B28),IF(M28<1,"יש למלא מס' ימי פעילות",IF(M28<15,"יש למלא סיבה לחוסר ימי פעילות","תקין")),"") | W28: =IF(ISBLANK(B28)," ",IF(B28=IFERROR(VLOOKUP(B28,'מצבת והרשמה (2)'!F:F,1,0),0),"תקין","לא קיים במצבת כבית ספר בו מתקיימת פעילות")) | X28: =IF(IFERROR(COUNTIF($C$20:$C$2460,B28)," ")>1,"סמל המוסד מופיע יותר מפעם אחת",IF(ISBLANK(B28),"","תקין")) | Y28: =IF(AND(ISNUMBER(B28),ISBLANK(B27)),"יש למלא שורות רצופות","") | Z28: =IF(OR(LEFT(V28,10)="יש למלא מס",LEFT(V28,10)="יש למלא סי"),1,0) -> 0 | AA28: =IF(COUNTIF(סמלפעילות,B28)>1,1,0) -> 0 | AB28: =IF(B28>0,IF(I28=0,1,0),0) -> 0 | AC28: =MAX(IF(G28=" ",0,MIN(G28,D28)),0) -> 0 | AD28: =MAX(IF(H28=" ",0,MIN(H28,E28)),0) -> 0 | AE28: =IFERROR(VLOOKUP(B28,'[1]סיכום בקרת רשויות'!$A:$D,4,0),"") | AF28: =IF(B28>0,IF(Q28>=MIN(40,P28),"כן",""),"") | AG28: =IF(AF28="כן",M28*'גנים ובתי ספר- מבנה תקציב'!$H$59,0) -> 0 | AH28: =IF(AF28="כן",M28*'גנים ובתי ספר- מבנה תקציב'!$I$59,0) -> 0 | AI28: =AH28+AG28 -> 0 | AJ28: =IF(B28>0,IF(M28<15,1,0),"")
A29: 9 | D29: =(IFERROR(SUMIF('מצבת והרשמה (2)'!$F$21:$F$501,'דוח ביצוע (3)'!$B29,'מצבת והרשמה (2)'!$J$21:$J$501),0)) -> 0 | E29: =IFERROR(SUMIF('מצבת והרשמה (2)'!$F$21:$F$501,'דוח ביצוע (3)'!$B29,'מצבת והרשמה (2)'!$K$21:$K$501),0) -> 0 | F29: =E29+D29 -> 0 | I29: =H29+G29 -> 0 | J29: =IF(F29>149,1,0) -> 0 | M29: =MIN(NETWORKDAYS.INTL(K29,L29,7),15) -> 0 | N29: =IF(B29>0,IF(M29<15,"תקופת הפעילות נמוכה מהתקופה הנדרשת, ועל כן המוסד אינו זכאי לתקצוב","תקין"),"") | O29: =IFERROR(VLOOKUP(B29,'נתוני רישום ומצבת'!B:Q,16,0),"") | P29: =IFERROR(VLOOKUP(B29,'נתוני רישום ומצבת'!B:R,17,0),"") | S29: =IF(OR($T$2=0,N29="תקין"),MAX(IF(G29="",0,MIN(G29,D29)),0),0) -> 0 | T29: =IF(OR($T$2=0,N29="תקין"),MAX(IF(H29="",0,MIN(H29,E29)),0),0) -> 0 | U29: =SUM(S29:T29) -> 0 | V29: =IF(ISNUMBER(B29),IF(M29<1,"יש למלא מס' ימי פעילות",IF(M29<15,"יש למלא סיבה לחוסר ימי פעילות","תקין")),"") | W29: =IF(ISBLANK(B29)," ",IF(B29=IFERROR(VLOOKUP(B29,'מצבת והרשמה (2)'!F:F,1,0),0),"תקין","לא קיים במצבת כבית ספר בו מתקיימת פעילות")) | X29: =IF(IFERROR(COUNTIF($C$20:$C$2460,B29)," ")>1,"סמל המוסד מופיע יותר מפעם אחת",IF(ISBLANK(B29),"","תקין")) | Y29: =IF(AND(ISNUMBER(B29),ISBLANK(B28)),"יש למלא שורות רצופות","") | Z29: =IF(OR(LEFT(V29,10)="יש למלא מס",LEFT(V29,10)="יש למלא סי"),1,0) -> 0 | AA29: =IF(COUNTIF(סמלפעילות,B29)>1,1,0) -> 0 | AB29: =IF(B29>0,IF(I29=0,1,0),0) -> 0 | AC29: =MAX(IF(G29=" ",0,MIN(G29,D29)),0) -> 0 | AD29: =MAX(IF(H29=" ",0,MIN(H29,E29)),0) -> 0 | AE29: =IFERROR(VLOOKUP(B29,'[1]סיכום בקרת רשויות'!$A:$D,4,0),"") | AF29: =IF(B29>0,IF(Q29>=MIN(40,P29),"כן",""),"") | AG29: =IF(AF29="כן",M29*'גנים ובתי ספר- מבנה תקציב'!$H$59,0) -> 0 | AH29: =IF(AF29="כן",M29*'גנים ובתי ספר- מבנה תקציב'!$I$59,0) -> 0 | AI29: =AH29+AG29 -> 0 | AJ29: =IF(B29>0,IF(M29<15,1,0),"")
A30: 10 | D30: =(IFERROR(SUMIF('מצבת והרשמה (2)'!$F$21:$F$501,'דוח ביצוע (3)'!$B30,'מצבת והרשמה (2)'!$J$21:$J$501),0)) -> 0 | E30: =IFERROR(SUMIF('מצבת והרשמה (2)'!$F$21:$F$501,'דוח ביצוע (3)'!$B30,'מצבת והרשמה (2)'!$K$21:$K$501),0) -> 0 | F30: =E30+D30 -> 0 | I30: =H30+G30 -> 0 | J30: =IF(F30>149,1,0) -> 0 | M30: =MIN(NETWORKDAYS.INTL(K30,L30,7),15) -> 0 | N30: =IF(B30>0,IF(M30<15,"תקופת הפעילות נמוכה מהתקופה הנדרשת, ועל כן המוסד אינו זכאי לתקצוב","תקין"),"") | O30: =IFERROR(VLOOKUP(B30,'נתוני רישום ומצבת'!B:Q,16,0),"") | P30: =IFERROR(VLOOKUP(B30,'נתוני רישום ומצבת'!B:R,17,0),"") | S30: =IF(OR($T$2=0,N30="תקין"),MAX(IF(G30="",0,MIN(G30,D30)),0),0) -> 0 | T30: =IF(OR($T$2=0,N30="תקין"),MAX(IF(H30="",0,MIN(H30,E30)),0),0) -> 0 | U30: =SUM(S30:T30) -> 0 | V30: =IF(ISNUMBER(B30),IF(M30<1,"יש למלא מס' ימי פעילות",IF(M30<15,"יש למלא סיבה לחוסר ימי פעילות","תקין")),"") | W30: =IF(ISBLANK(B30)," ",IF(B30=IFERROR(VLOOKUP(B30,'מצבת והרשמה (2)'!F:F,1,0),0),"תקין","לא קיים במצבת כבית ספר בו מתקיימת פעילות")) | X30: =IF(IFERROR(COUNTIF($C$20:$C$2460,B30)," ")>1,"סמל המוסד מופיע יותר מפעם אחת",IF(ISBLANK(B30),"","תקין")) | Y30: =IF(AND(ISNUMBER(B30),ISBLANK(B29)),"יש למלא שורות רצופות","") | Z30: =IF(OR(LEFT(V30,10)="יש למלא מס",LEFT(V30,10)="יש למלא סי"),1,0) -> 0 | AA30: =IF(COUNTIF(סמלפעילות,B30)>1,1,0) -> 0 | AB30: =IF(B30>0,IF(I30=0,1,0),0) -> 0 | AC30: =MAX(IF(G30=" ",0,MIN(G30,D30)),0) -> 0 | AD30: =MAX(IF(H30=" ",0,MIN(H30,E30)),0) -> 0 | AE30: =IFERROR(VLOOKUP(B30,'[1]סיכום בקרת רשויות'!$A:$D,4,0),"") | AF30: =IF(B30>0,IF(Q30>=MIN(40,P30),"כן",""),"") | AG30: =IF(AF30="כן",M30*'גנים ובתי ספר- מבנה תקציב'!$H$59,0) -> 0 | AH30: =IF(AF30="כן",M30*'גנים ובתי ספר- מבנה תקציב'!$I$59,0) -> 0 | AI30: =AH30+AG30 -> 0 | AJ30: =IF(B30>0,IF(M30<15,1,0),"")
A31: 11 | D31: =(IFERROR(SUMIF('מצבת והרשמה (2)'!$F$21:$F$501,'דוח ביצוע (3)'!$B31,'מצבת והרשמה (2)'!$J$21:$J$501),0)) -> 0 | E31: =IFERROR(SUMIF('מצבת והרשמה (2)'!$F$21:$F$501,'דוח ביצוע (3)'!$B31,'מצבת והרשמה (2)'!$K$21:$K$501),0) -> 0 | F31: =E31+D31 -> 0 | I31: =H31+G31 -> 0 | J31: =IF(F31>149,1,0) -> 0 | M31: =MIN(NETWORKDAYS.INTL(K31,L31,7),15) -> 0 | N31: =IF(B31>0,IF(M31<15,"תקופת הפעילות נמוכה מהתקופה הנדרשת, ועל כן המוסד אינו זכאי לתקצוב","תקין"),"") | O31: =IFERROR(VLOOKUP(B31,'נתוני רישום ומצבת'!B:Q,16,0),"") | P31: =IFERROR(VLOOKUP(B31,'נתוני רישום ומצבת'!B:R,17,0),"") | S31: =IF(OR($T$2=0,N31="תקין"),MAX(IF(G31="",0,MIN(G31,D31)),0),0) -> 0 | T31: =IF(OR($T$2=0,N31="תקין"),MAX(IF(H31="",0,MIN(H31,E31)),0),0) -> 0 | U31: =SUM(S31:T31) -> 0 | V31: =IF(ISNUMBER(B31),IF(M31<1,"יש למלא מס' ימי פעילות",IF(M31<15,"יש למלא סיבה לחוסר ימי פעילות","תקין")),"") | W31: =IF(ISBLANK(B31)," ",IF(B31=IFERROR(VLOOKUP(B31,'מצבת והרשמה (2)'!F:F,1,0),0),"תקין","לא קיים במצבת כבית ספר בו מתקיימת פעילות")) | X31: =IF(IFERROR(COUNTIF($C$20:$C$2460,B31)," ")>1,"סמל המוסד מופיע יותר מפעם אחת",IF(ISBLANK(B31),"","תקין")) | Y31: =IF(AND(ISNUMBER(B31),ISBLANK(B30)),"יש למלא שורות רצופות","") | Z31: =IF(OR(LEFT(V31,10)="יש למלא מס",LEFT(V31,10)="יש למלא סי"),1,0) -> 0 | AA31: =IF(COUNTIF(סמלפעילות,B31)>1,1,0) -> 0 | AB31: =IF(B31>0,IF(I31=0,1,0),0) -> 0 | AC31: =MAX(IF(G31=" ",0,MIN(G31,D31)),0) -> 0 | AD31: =MAX(IF(H31=" ",0,MIN(H31,E31)),0) -> 0 | AE31: =IFERROR(VLOOKUP(B31,'[1]סיכום בקרת רשויות'!$A:$D,4,0),"") | AF31: =IF(B31>0,IF(Q31>=MIN(40,P31),"כן",""),"") | AG31: =IF(AF31="כן",M31*'גנים ובתי ספר- מבנה תקציב'!$H$59,0) -> 0 | AH31: =IF(AF31="כן",M31*'גנים ובתי ספר- מבנה תקציב'!$I$59,0) -> 0 | AI31: =AH31+AG31 -> 0 | AJ31: =IF(B31>0,IF(M31<15,1,0),"")
A32: 12 | D32: =(IFERROR(SUMIF('מצבת והרשמה (2)'!$F$21:$F$501,'דוח ביצוע (3)'!$B32,'מצבת והרשמה (2)'!$J$21:$J$501),0)) -> 0 | E32: =IFERROR(SUMIF('מצבת והרשמה (2)'!$F$21:$F$501,'דוח ביצוע (3)'!$B32,'מצבת והרשמה (2)'!$K$21:$K$501),0) -> 0 | F32: =E32+D32 -> 0 | I32: =H32+G32 -> 0 | J32: =IF(F32>149,1,0) -> 0 | M32: =MIN(NETWORKDAYS.INTL(K32,L32,7),15) -> 0 | N32: =IF(B32>0,IF(M32<15,"תקופת הפעילות נמוכה מהתקופה הנדרשת, ועל כן המוסד אינו זכאי לתקצוב","תקין"),"") | O32: =IFERROR(VLOOKUP(B32,'נתוני רישום ומצבת'!B:Q,16,0),"") | P32: =IFERROR(VLOOKUP(B32,'נתוני רישום ומצבת'!B:R,17,0),"") | S32: =IF(OR($T$2=0,N32="תקין"),MAX(IF(G32="",0,MIN(G32,D32)),0),0) -> 0 | T32: =IF(OR($T$2=0,N32="תקין"),MAX(IF(H32="",0,MIN(H32,E32)),0),0) -> 0 | U32: =SUM(S32:T32) -> 0 | V32: =IF(ISNUMBER(B32),IF(M32<1,"יש למלא מס' ימי פעילות",IF(M32<15,"יש למלא סיבה לחוסר ימי פעילות","תקין")),"") | W32: =IF(ISBLANK(B32)," ",IF(B32=IFERROR(VLOOKUP(B32,'מצבת והרשמה (2)'!F:F,1,0),0),"תקין","לא קיים במצבת כבית ספר בו מתקיימת פעילות")) | X32: =IF(IFERROR(COUNTIF($C$20:$C$2460,B32)," ")>1,"סמל המוסד מופיע יותר מפעם אחת",IF(ISBLANK(B32),"","תקין")) | Y32: =IF(AND(ISNUMBER(B32),ISBLANK(B31)),"יש למלא שורות רצופות","") | Z32: =IF(OR(LEFT(V32,10)="יש למלא מס",LEFT(V32,10)="יש למלא סי"),1,0) -> 0 | AA32: =IF(COUNTIF(סמלפעילות,B32)>1,1,0) -> 0 | AB32: =IF(B32>0,IF(I32=0,1,0),0) -> 0 | AC32: =MAX(IF(G32=" ",0,MIN(G32,D32)),0) -> 0 | AD32: =MAX(IF(H32=" ",0,MIN(H32,E32)),0) -> 0 | AE32: =IFERROR(VLOOKUP(B32,'[1]סיכום בקרת רשויות'!$A:$D,4,0),"") | AF32: =IF(B32>0,IF(Q32>=MIN(40,P32),"כן",""),"") | AG32: =IF(AF32="כן",M32*'גנים ובתי ספר- מבנה תקציב'!$H$59,0) -> 0 | AH32: =IF(AF32="כן",M32*'גנים ובתי ספר- מבנה תקציב'!$I$59,0) -> 0 | AI32: =AH32+AG32 -> 0 | AJ32: =IF(B32>0,IF(M32<15,1,0),"")
A33: 13 | D33: =(IFERROR(SUMIF('מצבת והרשמה (2)'!$F$21:$F$501,'דוח ביצוע (3)'!$B33,'מצבת והרשמה (2)'!$J$21:$J$501),0)) -> 0 | E33: =IFERROR(SUMIF('מצבת והרשמה (2)'!$F$21:$F$501,'דוח ביצוע (3)'!$B33,'מצבת והרשמה (2)'!$K$21:$K$501),0) -> 0 | F33: =E33+D33 -> 0 | I33: =H33+G33 -> 0 | J33: =IF(F33>149,1,0) -> 0 | M33: =MIN(NETWORKDAYS.INTL(K33,L33,7),15) -> 0 | N33: =IF(B33>0,IF(M33<15,"תקופת הפעילות נמוכה מהתקופה הנדרשת, ועל כן המוסד אינו זכאי לתקצוב","תקין"),"") | O33: =IFERROR(VLOOKUP(B33,'נתוני רישום ומצבת'!B:Q,16,0),"") | P33: =IFERROR(VLOOKUP(B33,'נתוני רישום ומצבת'!B:R,17,0),"") | S33: =IF(OR($T$2=0,N33="תקין"),MAX(IF(G33="",0,MIN(G33,D33)),0),0) -> 0 | T33: =IF(OR($T$2=0,N33="תקין"),MAX(IF(H33="",0,MIN(H33,E33)),0),0) -> 0 | U33: =SUM(S33:T33) -> 0 | V33: =IF(ISNUMBER(B33),IF(M33<1,"יש למלא מס' ימי פעילות",IF(M33<15,"יש למלא סיבה לחוסר ימי פעילות","תקין")),"") | W33: =IF(ISBLANK(B33)," ",IF(B33=IFERROR(VLOOKUP(B33,'מצבת והרשמה (2)'!F:F,1,0),0),"תקין","לא קיים במצבת כבית ספר בו מתקיימת פעילות")) | X33: =IF(IFERROR(COUNTIF($C$20:$C$2460,B33)," ")>1,"סמל המוסד מופיע יותר מפעם אחת",IF(ISBLANK(B33),"","תקין")) | Y33: =IF(AND(ISNUMBER(B33),ISBLANK(B32)),"יש למלא שורות רצופות","") | Z33: =IF(OR(LEFT(V33,10)="יש למלא מס",LEFT(V33,10)="יש למלא סי"),1,0) -> 0 | AA33: =IF(COUNTIF(סמלפעילות,B33)>1,1,0) -> 0 | AB33: =IF(B33>0,IF(I33=0,1,0),0) -> 0 | AC33: =MAX(IF(G33=" ",0,MIN(G33,D33)),0) -> 0 | AD33: =MAX(IF(H33=" ",0,MIN(H33,E33)),0) -> 0 | AE33: =IFERROR(VLOOKUP(B33,'[1]סיכום בקרת רשויות'!$A:$D,4,0),"") | AF33: =IF(B33>0,IF(Q33>=MIN(40,P33),"כן",""),"") | AG33: =IF(AF33="כן",M33*'גנים ובתי ספר- מבנה תקציב'!$H$59,0) -> 0 | AH33: =IF(AF33="כן",M33*'גנים ובתי ספר- מבנה תקציב'!$I$59,0) -> 0 | AI33: =AH33+AG33 -> 0 | AJ33: =IF(B33>0,IF(M33<15,1,0),"")
... A520: 500 | D520: =(IFERROR(SUMIF('מצבת והרשמה (2)'!$F$21:$F$501,'דוח ביצוע (3)'!$B520,'מצבת והרשמה (2)'!$J$21:$J$501),0)) -> 0 | E520: =IFERROR(SUMIF('מצבת והרשמה (2)'!$F$21:$F$501,'דוח ביצוע (3)'!$B520,'מצבת והרשמה (2)'!$K$21:$K$501),0) -> 0 | F520: =E520+D520 -> 0 | I520: =H520+G520 -> 0 | J520: =IF(F520>149,1,0) -> 0 | M520: =MIN(NETWORKDAYS.INTL(K520,L520,7),15) -> 0 | N520: =IF(B520>0,IF(M520<15,"תקופת הפעילות נמוכה מהתקופה הנדרשת, ועל כן המוסד אינו זכאי לתקצוב","תקין"),"") | O520: =IFERROR(VLOOKUP(B520,'נתוני רישום ומצבת'!B:Q,16,0),"") | P520: =IFERROR(VLOOKUP(B520,'נתוני רישום ומצבת'!B:R,17,0),"") | S520: =IF(OR($T$2=0,N520="תקין"),MAX(IF(G520="",0,MIN(G520,D520)),0),0) -> 0 | T520: =IF(OR($T$2=0,N520="תקין"),MAX(IF(H520="",0,MIN(H520,E520)),0),0) -> 0 | U520: =SUM(S520:T520) -> 0 | V520: =IF(ISNUMBER(B520),IF(M520<1,"יש למלא מס' ימי פעילות",IF(M520<15,"יש למלא סיבה לחוסר ימי פעילות","תקין")),"") | W520: =IF(ISBLANK(B520)," ",IF(B520=IFERROR(VLOOKUP(B520,'מצבת והרשמה (2)'!F:F,1,0),0),"תקין","לא קיים במצבת כבית ספר בו מתקיימת פעילות")) | X520: =IF(IFERROR(COUNTIF($C$20:$C$2460,B520)," ")>1,"סמל המוסד מופיע יותר מפעם אחת",IF(ISBLANK(B520),"","תקין")) | Y520: =IF(AND(ISNUMBER(B520),ISBLANK(B519)),"יש למלא שורות רצופות","") | Z520: =IF(OR(LEFT(V520,10)="יש למלא מס",LEFT(V520,10)="יש למלא סי"),1,0) -> 0 | AA520: =IF(COUNTIF(סמלפעילות,B520)>1,1,0) -> 0 | AB520: =IF(B520>0,IF(I520=0,1,0),0) -> 0 | AC520: =MAX(IF(G520=" ",0,MIN(G520,D520)),0) -> 0 | AD520: =MAX(IF(H520=" ",0,MIN(H520,E520)),0) -> 0 | AE520: =IFERROR(VLOOKUP(B520,'[1]סיכום בקרת רשויות'!$A:$D,4,0),"") | AF520: =IF(B520>0,IF(Q520>=MIN(40,P520),"כן",""),"") | AG520: =IF(AF520="כן",M520*'גנים ובתי ספר- מבנה תקציב'!$H$59,0) -> 0 | AH520: =IF(AF520="כן",M520*'גנים ובתי ספר- מבנה תקציב'!$I$59,0) -> 0 | AI520: =AH520+AG520 -> 0 | AJ520: =IF(B520>0,IF(M520<15,1,0),"")

Sheet דוח הוצאות בפועל (4)
A1: תוכן העניינים | D1: ='גנים ובתי ספר- מבנה תקציב'!$E$1 -> תכנית בתי הספר והגנים של החופש הגדול, קיץ תשפ"ו | M1: *
B3: שם הרשות המקומית | C3: ='נתונים כלליים (1)'!$C$5 -> 0 | I3: =IF(AND(I4="",I5="")," ","שגיאות בגיליון:")
B4: מספר אשכול למ"ס | C4: ='נתונים כלליים (1)'!$C$6 | E4: יש למלא קודם את גיליון " נתונים כלליים (1)" | I4: =IF(C9<B9,CONCATENATE("שימו לב, ישנם ",B9-C9," מוסדות אשר דווחו בדוח ביצוע ולא דווח עליהם הוצאות"),IF(B9<C9,CONCATENATE("שימו לב, ישנם ",C9-B9," מוסדות אשר דווח עליהם הוצאות אולם לא דווחו בדוח ביצוע"),""))
B5: תעריף לילד חלק ההורים ש"ח | C5: ='נתונים כלליים (1)'!$C$7 -> 0 | E5: ואת גיליון "דוח ביצוע (3)"
B7: סיכום
B8: סה"כ מוסדות מדווחים בדוח ביצוע | C8: סה"כ מוסדות שדווח עבורם הוצאות | D8: העשרה | E8: ארוחת בוקר | F8: מלגות להורים | G8: ניהול ותפעול | H8: סה"כ הוצאות שדווחו
B9: ='דוח ביצוע (3)'!C13 -> 0 | C9: =SUM(IF(FREQUENCY(B17:$B$3016,B17:$B$3016)>0,1)) -> 0 | D9: =SUMIF($D$16:$D$3016,D$8,$E$16:$E$3016) -> 0 | E9: =SUMIF($D$16:$D$3016,E$8,$E$16:$E$3016) -> 0 | F9: =SUMIF($D$16:$D$3016,F$8,$E$16:$E$3016) -> 0 | G9: =SUMIF($D$16:$D$3016,G$8,$E$16:$E$3016) -> 0 | H9: =SUM(D9:G9) -> 0
D12: דוח ביצוע כספי - הוצאות בפועל
D13: את הוצאות השכר יש לדווח בגיליון נפרד - 'עלויות כח אדם (6)'
D15: יש לבחור מתוך הרשימה הנפתחת בלבד!
B16: סמל מוסד מקום פעילות | C16: שם מוסד | D16: מהות ההוצאה | E16: סכום ההוצאה בפועל | F16: מספר כרטיס ספק בהנהלת חשבונות | G16: מקור הפעלה (רשות/קבלן משנה)
C17: =IF(ISNUMBER(B17),IFERROR(VLOOKUP(B17,'נתוני רישום ומצבת'!B:J,3,0),""),"") | M17: =TEXT(LEFT(D17,2),0)
C18: =IF(ISNUMBER(B18),IFERROR(VLOOKUP(B18,'נתוני רישום ומצבת'!B:J,3,0),""),"") | M18: =TEXT(LEFT(D18,2),0)
C19: =IF(ISNUMBER(B19),IFERROR(VLOOKUP(B19,'נתוני רישום ומצבת'!B:J,3,0),""),"") | M19: =TEXT(LEFT(D19,2),0)
C20: =IF(ISNUMBER(B20),IFERROR(VLOOKUP(B20,'נתוני רישום ומצבת'!B:J,3,0),""),"") | M20: =TEXT(LEFT(D20,2),0)
C21: =IF(ISNUMBER(B21),IFERROR(VLOOKUP(B21,'נתוני רישום ומצבת'!B:J,3,0),""),"") | K21: =IF(C8<5,IF(D21=$F$8,-E21," "),"") | M21: =TEXT(LEFT(D21,2),0)
C22: =IF(ISNUMBER(B22),IFERROR(VLOOKUP(B22,'נתוני רישום ומצבת'!B:J,3,0),""),"") | K22: =IF(C9<5,IF(D22=$F$8,-E22," "),"") | M22: =TEXT(LEFT(D22,2),0)
C23: =IF(ISNUMBER(B23),IFERROR(VLOOKUP(B23,'נתוני רישום ומצבת'!B:J,3,0),""),"") | K23: =IF(C10<5,IF(D23=$F$8,-E23," "),"") | M23: =TEXT(LEFT(D23,2),0)
C24: =IF(ISNUMBER(B24),IFERROR(VLOOKUP(B24,'נתוני רישום ומצבת'!B:J,3,0),""),"") | K24: =IF(C11<5,IF(D24=$F$8,-E24," "),"") | M24: =TEXT(LEFT(D24,2),0)
C25: =IF(ISNUMBER(B25),IFERROR(VLOOKUP(B25,'נתוני רישום ומצבת'!B:J,3,0),""),"") | K25: =IF(C12<5,IF(D25=$F$8,-E25," "),"") | M25: =TEXT(LEFT(D25,2),0)
C26: =IF(ISNUMBER(B26),IFERROR(VLOOKUP(B26,'נתוני רישום ומצבת'!B:J,3,0),""),"") | K26: =IF(C13<5,IF(D26=$F$8,-E26," "),"") | M26: =TEXT(LEFT(D26,2),0)
C27: =IF(ISNUMBER(B27),IFERROR(VLOOKUP(B27,'נתוני רישום ומצבת'!B:J,3,0),""),"") | K27: =IF(C14<5,IF(D27=$F$8,-E27," "),"") | M27: =TEXT(LEFT(D27,2),0)
C28: =IF(ISNUMBER(B28),IFERROR(VLOOKUP(B28,'נתוני רישום ומצבת'!B:J,3,0),""),"") | K28: =IF(C15<5,IF(D28=$F$8,-E28," "),"") | M28: =TEXT(LEFT(D28,2),0)
C29: =IF(ISNUMBER(B29),IFERROR(VLOOKUP(B29,'נתוני רישום ומצבת'!B:J,3,0),""),"") | K29: =IF(C16<5,IF(D29=$F$8,-E29," "),"") | M29: =TEXT(LEFT(D29,2),0)
C30: =IF(ISNUMBER(B30),IFERROR(VLOOKUP(B30,'נתוני רישום ומצבת'!B:J,3,0),""),"") | K30: =IF(C17<5,IF(D30=$F$8,-E30," "),"") | M30: =TEXT(LEFT(D30,2),0)
C31: =IF(ISNUMBER(B31),IFERROR(VLOOKUP(B31,'נתוני רישום ומצבת'!B:J,3,0),""),"") | K31: =IF(C18<5,IF(D31=$F$8,-E31," "),"") | M31: =TEXT(LEFT(D31,2),0)
C32: =IF(ISNUMBER(B32),IFERROR(VLOOKUP(B32,'נתוני רישום ומצבת'!B:J,3,0),""),"") | K32: =IF(C19<5,IF(D32=$F$8,-E32," "),"") | M32: =TEXT(LEFT(D32,2),0)
... C3016: =IF(ISNUMBER(B3016),IFERROR(VLOOKUP(B3016,'נתוני רישום ומצבת'!B:J,3,0),""),"") | K3016: =IF(C3003<5,IF(D3016=$F$8,-E3016," "),"") | M3016: =TEXT(LEFT(D3016,2),0)

Sheet תשלומי הורים ומלגות להורים (5) 
A1: תוכן העניינים | D1: ='גנים ובתי ספר- מבנה תקציב'!$E$1 -> תכנית בתי הספר והגנים של החופש הגדול, קיץ תשפ"ו
B3: שם הרשות המקומית | C3: ='נתונים כלליים (1)'!$C$5 -> 0 | I3: =IF(I4=""," ","שגיאות בגיליון:")
B4: מספר אשכול למ"ס | C4: ='נתונים כלליים (1)'!C6 | E4: יש למלא קודם את גיליון " נתונים כלליים (1)" | I4: =IF(C12<B12,CONCATENATE("שימו לב, ישנם ",B12-C12," מוסדות אשר דווחו בדוח ביצוע ולא דווח עליהם הוצאות"),IF(B12<C12,CONCATENATE("שימו לב, ישנם ",C12-B12," מוסדות אשר דווח עליהם הוצאות אולם לא דווחו בדוח ביצוע"),""))
B5: תעריף לילד חלק ההורים - ש"ח | C5: ='נתונים כלליים (1)'!$C$7 -> 0 | E5: את גיליון " דוח ביצוע (3)" ואת גיליון "דוח הוצאות בפועל (4)"
E8: דוח ביצוע כספי - הכנסות בפועל עבור חלק ההורים
B10: סיכום
B11: סה"כ מוסדות מדווחים בדוח ביצוע | C11: סה"כ מוסדות שדווח עבורם הוצאות | D11: גביה | E11: מלגות | F11: הכנסות נטו | G11: כמות ילדים להם ניתנו מלגות | H11: כמות ילדים - גביה
B12: ='דוח ביצוע (3)'!C13 -> 0 | C12: {=SUM(IF(FREQUENCY(C18:$C$3015,C18:$C$3015)>0,1))} -> 0 | D12: =SUM(D18:D517) -> 0 | E12: =SUM(E18:E517) -> 0 | F12: =SUM(F18:F517) -> 0 | G12: =SUM(H18:H517) -> 0 | H12: =SUM(I18:I517) -> 0
B16: נתונים | K16: בקרות
A17: מס' סידורי | B17: סמל מוסד מקום פעילות | C17: גבייה מההורים בפועל - ש"ח | D17: מלגות להורים | E17: הכנסות נטו | F17: נרשם ברשות בכרטיס הנה"ח מס' | G17: שם כרטיס | H17: כמות ילדים להם ניתנו מלגות | I17: כמות ילדים - גביה | J17: 1 | K17: בקרת כמות ילדים גביה לעומת דיווח | L17: בקרת גביה לילד | M17: הסבר הרשות במידה ויש הפרש
A18: 1 | B18: =IF(VLOOKUP(A18,'דוח ביצוע (3)'!A:G,2,0)="","",VLOOKUP('תשלומי הורים ומלגות להורים (5) '!A18,'דוח ביצוע (3)'!A:G,2,0)) | D18: =SUMIFS('דוח הוצאות בפועל (4)'!$E$17:$E$3016,'דוח הוצאות בפועל (4)'!$B$17:$B$3016,'תשלומי הורים ומלגות להורים (5) '!B18,'דוח הוצאות בפועל (4)'!$D$17:$D$3016,"מלגות להורים") -> 0 | E18: =C18-D18 -> 0 | K18: =IFERROR(VLOOKUP(B18,'דוח ביצוע (3)'!B:J,8,0),0) -> 0 | L18: =IFERROR(C18/I18-$C$5,0) -> 0
A19: 2 | B19: =IF(VLOOKUP(A19,'דוח ביצוע (3)'!A:G,2,0)="","",VLOOKUP('תשלומי הורים ומלגות להורים (5) '!A19,'דוח ביצוע (3)'!A:G,2,0)) | D19: =SUMIFS('דוח הוצאות בפועל (4)'!$E$17:$E$3016,'דוח הוצאות בפועל (4)'!$B$17:$B$3016,'תשלומי הורים ומלגות להורים (5) '!B19,'דוח הוצאות בפועל (4)'!$D$17:$D$3016,"מלגות להורים") -> 0 | E19: =C19-D19 -> 0 | K19: =IFERROR(VLOOKUP(B19,'דוח ביצוע (3)'!B:J,8,0),0) -> 0 | L19: =IFERROR(C19/I19-$C$5,0) -> 0
A20: 3 | B20: =IF(VLOOKUP(A20,'דוח ביצוע (3)'!A:G,2,0)="","",VLOOKUP('תשלומי הורים ומלגות להורים (5) '!A20,'דוח ביצוע (3)'!A:G,2,0)) | D20: =SUMIFS('דוח הוצאות בפועל (4)'!$E$17:$E$3016,'דוח הוצאות בפועל (4)'!$B$17:$B$3016,'תשלומי הורים ומלגות להורים (5) '!B20,'דוח הוצאות בפועל (4)'!$D$17:$D$3016,"מלגות להורים") -> 0 | E20: =C20-D20 -> 0 | K20: =IFERROR(VLOOKUP(B20,'דוח ביצוע (3)'!B:J,8,0),0) -> 0 | L20: =IFERROR(C20/I20-$C$5,0) -> 0
A21: 4 | B21: =IF(VLOOKUP(A21,'דוח ביצוע (3)'!A:G,2,0)="","",VLOOKUP('תשלומי הורים ומלגות להורים (5) '!A21,'דוח ביצוע (3)'!A:G,2,0)) | D21: =SUMIFS('דוח הוצאות בפועל (4)'!$E$17:$E$3016,'דוח הוצאות בפועל (4)'!$B$17:$B$3016,'תשלומי הורים ומלגות להורים (5) '!B21,'דוח הוצאות בפועל (4)'!$D$17:$D$3016,"מלגות להורים") -> 0 | E21: =C21-D21 -> 0 | K21: =IFERROR(VLOOKUP(B21,'דוח ביצוע (3)'!B:J,8,0),0) -> 0 | L21: =IFERROR(C21/I21-$C$5,0) -> 0
A22: 5 | B22: =IF(VLOOKUP(A22,'דוח ביצוע (3)'!A:G,2,0)="","",VLOOKUP('תשלומי הורים ומלגות להורים (5) '!A22,'דוח ביצוע (3)'!A:G,2,0)) | D22: =SUMIFS('דוח הוצאות בפועל (4)'!$E$17:$E$3016,'דוח הוצאות בפועל (4)'!$B$17:$B$3016,'תשלומי הורים ומלגות להורים (5) '!B22,'דוח הוצאות בפועל (4)'!$D$17:$D$3016,"מלגות להורים") -> 0 | E22: =C22-D22 -> 0 | K22: =IFERROR(VLOOKUP(B22,'דוח ביצוע (3)'!B:J,8,0),0) -> 0 | L22: =IFERROR(C22/I22-$C$5,0) -> 0
A23: 6 | B23: =IF(VLOOKUP(A23,'דוח ביצוע (3)'!A:G,2,0)="","",VLOOKUP('תשלומי הורים ומלגות להורים (5) '!A23,'דוח ביצוע (3)'!A:G,2,0)) | D23: =SUMIFS('דוח הוצאות בפועל (4)'!$E$17:$E$3016,'דוח הוצאות בפועל (4)'!$B$17:$B$3016,'תשלומי הורים ומלגות להורים (5) '!B23,'דוח הוצאות בפועל (4)'!$D$17:$D$3016,"מלגות להורים") -> 0 | E23: =C23-D23 -> 0 | K23: =IFERROR(VLOOKUP(B23,'דוח ביצוע (3)'!B:J,8,0),0) -> 0 | L23: =IFERROR(C23/I23-$C$5,0) -> 0
A24: 7 | B24: =IF(VLOOKUP(A24,'דוח ביצוע (3)'!A:G,2,0)="","",VLOOKUP('תשלומי הורים ומלגות להורים (5) '!A24,'דוח ביצוע (3)'!A:G,2,0)) | D24: =SUMIFS('דוח הוצאות בפועל (4)'!$E$17:$E$3016,'דוח הוצאות בפועל (4)'!$B$17:$B$3016,'תשלומי הורים ומלגות להורים (5) '!B24,'דוח הוצאות בפועל (4)'!$D$17:$D$3016,"מלגות להורים") -> 0 | E24: =C24-D24 -> 0 | K24: =IFERROR(VLOOKUP(B24,'דוח ביצוע (3)'!B:J,8,0),0) -> 0 | L24: =IFERROR(C24/I24-$C$5,0) -> 0
A25: 8 | B25: =IF(VLOOKUP(A25,'דוח ביצוע (3)'!A:G,2,0)="","",VLOOKUP('תשלומי הורים ומלגות להורים (5) '!A25,'דוח ביצוע (3)'!A:G,2,0)) | D25: =SUMIFS('דוח הוצאות בפועל (4)'!$E$17:$E$3016,'דוח הוצאות בפועל (4)'!$B$17:$B$3016,'תשלומי הורים ומלגות להורים (5) '!B25,'דוח הוצאות בפועל (4)'!$D$17:$D$3016,"מלגות להורים") -> 0 | E25: =C25-D25 -> 0 | K25: =IFERROR(VLOOKUP(B25,'דוח ביצוע (3)'!B:J,8,0),0) -> 0 | L25: =IFERROR(C25/I25-$C$5,0) -> 0
A26: 9 | B26: =IF(VLOOKUP(A26,'דוח ביצוע (3)'!A:G,2,0)="","",VLOOKUP('תשלומי הורים ומלגות להורים (5) '!A26,'דוח ביצוע (3)'!A:G,2,0)) | D26: =SUMIFS('דוח הוצאות בפועל (4)'!$E$17:$E$3016,'דוח הוצאות בפועל (4)'!$B$17:$B$3016,'תשלומי הורים ומלגות להורים (5) '!B26,'דוח הוצאות בפועל (4)'!$D$17:$D$3016,"מלגות להורים") -> 0 | E26: =C26-D26 -> 0 | K26: =IFERROR(VLOOKUP(B26,'דוח ביצוע (3)'!B:J,8,0),0) -> 0 | L26: =IFERROR(C26/I26-$C$5,0) -> 0
A27: 10 | B27: =IF(VLOOKUP(A27,'דוח ביצוע (3)'!A:G,2,0)="","",VLOOKUP('תשלומי הורים ומלגות להורים (5) '!A27,'דוח ביצוע (3)'!A:G,2,0)) | D27: =SUMIFS('דוח הוצאות בפועל (4)'!$E$17:$E$3016,'דוח הוצאות בפועל (4)'!$B$17:$B$3016,'תשלומי הורים ומלגות להורים (5) '!B27,'דוח הוצאות בפועל (4)'!$D$17:$D$3016,"מלגות להורים") -> 0 | E27: =C27-D27 -> 0 | K27: =IFERROR(VLOOKUP(B27,'דוח ביצוע (3)'!B:J,8,0),0) -> 0 | L27: =IFERROR(C27/I27-$C$5,0) -> 0
A28: 11 | B28: =IF(VLOOKUP(A28,'דוח ביצוע (3)'!A:G,2,0)="","",VLOOKUP('תשלומי הורים ומלגות להורים (5) '!A28,'דוח ביצוע (3)'!A:G,2,0)) | D28: =SUMIFS('דוח הוצאות בפועל (4)'!$E$17:$E$3016,'דוח הוצאות בפועל (4)'!$B$17:$B$3016,'תשלומי הורים ומלגות להורים (5) '!B28,'דוח הוצאות בפועל (4)'!$D$17:$D$3016,"מלגות להורים") -> 0 | E28: =C28-D28 -> 0 | K28: =IFERROR(VLOOKUP(B28,'דוח ביצוע (3)'!B:J,8,0),0) -> 0 | L28: =IFERROR(C28/I28-$C$5,0) -> 0
A29: 12 | B29: =IF(VLOOKUP(A29,'דוח ביצוע (3)'!A:G,2,0)="","",VLOOKUP('תשלומי הורים ומלגות להורים (5) '!A29,'דוח ביצוע (3)'!A:G,2,0)) | D29: =SUMIFS('דוח הוצאות בפועל (4)'!$E$17:$E$3016,'דוח הוצאות בפועל (4)'!$B$17:$B$3016,'תשלומי הורים ומלגות להורים (5) '!B29,'דוח הוצאות בפועל (4)'!$D$17:$D$3016,"מלגות להורים") -> 0 | E29: =C29-D29 -> 0 | K29: =IFERROR(VLOOKUP(B29,'דוח ביצוע (3)'!B:J,8,0),0) -> 0 | L29: =IFERROR(C29/I29-$C$5,0) -> 0
... A517: 500 | B517: =IF(VLOOKUP(A517,'דוח ביצוע (3)'!A:G,2,0)="","",VLOOKUP('תשלומי הורים ומלגות להורים (5) '!A517,'דוח ביצוע (3)'!A:G,2,0)) | D517: =SUMIFS('דוח הוצאות בפועל (4)'!$E$17:$E$3016,'דוח הוצאות בפועל (4)'!$B$17:$B$3016,'תשלומי הורים ומלגות להורים (5) '!B517,'דוח הוצאות בפועל (4)'!$D$17:$D$3016,"מלגות להורים") -> 0 | E517: =C517-D517 -> 0 | K517: =IFERROR(VLOOKUP(B517,'דוח ביצוע (3)'!B:J,8,0),0) -> 0 | L517: =IFERROR(C517/I517-$C$5,0) -> 0

Sheet עלויות כח אדם (6)
B1: תוכן העניינים | D1: ='גנים ובתי ספר- מבנה תקציב'!$E$1 -> תכנית בתי הספר והגנים של החופש הגדול, קיץ תשפ"ו | N1: * | X1: * | Y1: * | Z1: * | AA1: * | AB1: * | AC1: * | AD1: * | AE1: *
C3: שם הרשות המקומית | D3: ='נתונים כלליים (1)'!C5 -> 0
C4: מספר אשכול למ"ס | D4: ='נתונים כלליים (1)'!C6
H5: =IF(AND(H6="",H7="")," ","שגיאות בגיליון:")
H6: =IF($C$11<$B$11,CONCATENATE("שימו לב, ישנם ",$B$11-C11," מוסדות אשר דווחו בדוח ביצוע ולא דווח עליהם הוצאות"),IF($B$11<$C$11,CONCATENATE("שימו לב, ישנם ",$C$11-$B$11," מוסדות אשר דווח עליהם הוצאות אולם לא דווחו בדוח ביצוע"),""))
D7: דוח ביצוע כספי - הוצאות בפועל - עלויות שכר | H7: =' איוש משרות (8)'!K6 | P7: בקרת תקינות
B9: סיכום
B10: סה"כ מוסדות מדווחים בדוח ביצוע | C10: סה"כ מוסדות שדווח עבורם הוצאות שכר | D10: סה"כ אנשי צוות שדווחו | E10: סה"כ שכר שדווח | F10: סה"כ שכר רכז רשותי שדווח | H10: בכל שורה יש למלא ראשית את איש הצוות ולאחר מכן את התפקיד
B11: ='דוח ביצוע (3)'!C13 -> 0 | C11: {=SUM(IF(FREQUENCY($B15:B$3016,$B158:B$3016)>0,1))} -> 0 | D11: =COUNT(D15:D5000) -> 0 | E11: =SUM(M15:M5000) -> 0 | F11: =M15 -> 0 | H11: יש לבחור את הנתונים מתוך הרשימה הנפתחת בלבד!
B14: סמל מוסד מקום פעילות | C14: שם מוסד | D14: ת.ז. עובד | E14: שם פרטי | F14: שם משפחה | G14: הועסק ע"י | H14: איש צוות | I14: תפקיד | J14: שכר ברוטו שעתי | K14: עלות שכר שעתית | L14: סך שעות | M14: עלות שכר לתקופה | O14: 1 | P14: בדיקת תקינות תעודת זהות | Q14: בקרת שכר ברוטו שעתי | R14: בקרת עלות שכר שעתית | S14: בקרת ברוטו שעתי- לא חרג מ-120 ש"ח | T14: בקרת שעות עבודה | U14: בקרת כפילויות עובדים | V14: הסבר במידה ולא תקין | W14: 1 | X14: תקינות | Y14: בדיקת עלות שכר שעתית | Z14: בדיקת כפילות | AA14: בקרת תקינות ת.ז. | AB14: בקרת רכזות בתי ספר (גדול מ-1 בכל בית ספר) | AC14: בקרת סגנית רכזת בתי ספר (גדול מ-1 בכל בית ספר) | AD14: בקרת תשלום שכר למורה/רכזת/סגנית רכזת- נמוך מ-75 ש"ח לשעה | AE14: עזר- רכזות | AF14: עזר- שכר
H15: רכז רשותי | I15: רכז רשותי | M15: =IF(AND(L15>0,K15>0),K15*L15,0) -> 0 | O15: =IF(ISNUMBER(M15>0),IF(ISBLANK(B15),"יש להזין סמל מוסד בעמודה B",""),"") | P15: =IF(B15="","",IF(AA15=FALSE,"לא תקין","תקין")) | Q15: =IF(B15="","",IFERROR(IF('עלויות כח אדם (6)'!J15>=VLOOKUP(I15,'סיווג התפקידים והעלויות'!$B$23:$C$32,2,0),"תקין","לא תקין"),"")) | R15: =IF(B15="","",IF(OR(Y15<100%,Y15>140%),"לא תקין","תקין")) | S15: =IF(B15="","",IFERROR(IF(J15>120,"לא תקין","תקין"),"")) | T15: =IF(B15="","",IF(H15="","יש להזין איש צוות",IF(OR(H15="מורה",H15="גננת",H15="רכז גן",H15="רכזת גן",H15="סייעת",H15="מדצית",H15="מדצ",H15="מדריך",H15="מדריכה",H15="תוספת כח אדם"),IF(L15<=90,"תקין","לא תקין"),IF(OR(H15="רכז בית ספר",H15="רכזת תכנית בבית הספר",H15="רכזת בית ספר"),IF(L15<=137,"תקין","לא תקין"),IF(OR(H15="סגנית רכזת מעל 150",H15="סגן רכז"),IF(L15<=93,"תקין","לא תקין"),"לא תקין"))))) | U15: =IF(B15="","",IF(Z15>1,IF(SUMIF(D:D,D15,L:L)>90,"לא תקין","תקין"),"תקין")) | X15: =IF(B15="","",IF(OR(R15="לא תקין",S15="לא תקין",T15="לא תקין",,U15="לא תקין"),"לא תקין","תקין")) | Y15: =IFERROR(IF(B15="","",K15/J15),"") | Z15: =IF(B15="","",COUNTIF(D:D,D15)) | AA15: =MOD(MID(REPT(0,9-LEN(D15))&D15,1,1)+MID("0246813579",MID(REPT(0,9-LEN(D15))&D15,2,1)+1,1)+MID(REPT(0,9-LEN(D15))&D15,3,1)+MID("0246813579",MID(REPT(0,9-LEN(D15))&D15,4,1)+1,1)+MID(REPT(0,9-LEN(D15))&D15,5,1)+MID("0246813579",MID(REPT(0,9-LEN(D15))&D15,6,1)+1,1)+MID(REPT(0,9-LEN(D15))&D15,7,1)+MID("0246813579",MID(REPT(0,9-LEN(D15))&D15,8,1)+1,1)+MID(REPT(0,9-LEN(D15))&D15,9,1),10)=0 -> TRUE | AB15: =COUNTIFS(B:B,B15,H:H,'סיווג התפקידים והעלויות'!$C$2) -> 0 | AC15: =COUNTIFS(B:B,B15,H:H,'סיווג התפקידים והעלויות'!$D$2) -> 0 | AD15: =IF(OR(AND(H15='סיווג התפקידים והעלויות'!$A$2,I15='סיווג התפקידים והעלויות'!$A$3),'עלויות כח אדם (6)'!H15='סיווג התפקידים והעלויות'!$C$2,'עלויות כח אדם (6)'!H15='סיווג התפקידים והעלויות'!$D$2),IF('עלויות כח אדם (6)'!J15<75,"לא תקין","תקין"),"") | AE15: =IF(B15<>"",B15&H15,"") | AF15: =M15 -> 0
C16: =IF(B16<>"",IFERROR(VLOOKUP(B:B,'מצבת והרשמה (2)'!$C$20:$N$520,2,0)," ")," ") | I16: =SUBSTITUTE(IFERROR(IF(H16="מדצ","מדצ/ית",IF(H16="סגנית רכזת מעל 150","סגנ/ית רכז/ת>150",IF(H16="רכזת תכנית בבית הספר","רכז/ת תכנית בבית הספר"))),""),"FALSE","") | M16: =IF(AND(L16>0,K16>0),K16*L16,0) -> 0 | N16: =TEXT(LEFT(H16,2),0) | O16: =IF(ISNUMBER(M16>0),IF(ISBLANK(B16),"יש להזין סמל מוסד בעמודה B",""),"") | P16: =IF(B16="","",IF(AA16=FALSE,"לא תקין","תקין")) | Q16: =IF(B16="","",IFERROR(IF('עלויות כח אדם (6)'!J16>=VLOOKUP(I16,'סיווג התפקידים והעלויות'!$B$23:$C$32,2,0),"תקין","לא תקין"),"")) | R16: =IF(B16="","",IF(OR(Y16<100%,Y16>140%),"לא תקין","תקין")) | S16: =IF(B16="","",IFERROR(IF(J16>120,"לא תקין","תקין"),"")) | T16: =IF(B16="","",IF(H16="","יש להזין איש צוות",IF(OR(H16="מורה",H16="גננת",H16="רכז גן",H16="רכזת גן",H16="סייעת",H16="מדצית",H16="מדצ",H16="מדריך",H16="מדריכה",H16="תוספת כח אדם"),IF(L16<=90,"תקין","לא תקין"),IF(OR(H16="רכז בית ספר",H16="רכזת תכנית בבית הספר",H16="רכזת בית ספר"),IF(L16<=137,"תקין","לא תקין"),IF(OR(H16="סגנית רכזת מעל 150",H16="סגן רכז"),IF(L16<=93,"תקין","לא תקין"),"לא תקין"))))) | U16: =IF(B16="","",IF(Z16>1,IF(SUMIF(D:D,D16,L:L)>90,"לא תקין","תקין"),"תקין")) | X16: =IF(B16="","",IF(OR(R16="לא תקין",S16="לא תקין",T16="לא תקין",,U16="לא תקין"),"לא תקין","תקין")) | Y16: =IFERROR(IF(B16="","",K16/J16),"") | Z16: =IF(B16="","",COUNTIF(D:D,D16)) | AA16: =MOD(MID(REPT(0,9-LEN(D16))&D16,1,1)+MID("0246813579",MID(REPT(0,9-LEN(D16))&D16,2,1)+1,1)+MID(REPT(0,9-LEN(D16))&D16,3,1)+MID("0246813579",MID(REPT(0,9-LEN(D16))&D16,4,1)+1,1)+MID(REPT(0,9-LEN(D16))&D16,5,1)+MID("0246813579",MID(REPT(0,9-LEN(D16))&D16,6,1)+1,1)+MID(REPT(0,9-LEN(D16))&D16,7,1)+MID("0246813579",MID(REPT(0,9-LEN(D16))&D16,8,1)+1,1)+MID(REPT(0,9-LEN(D16))&D16,9,1),10)=0 -> TRUE | AB16: =COUNTIFS(B:B,B16,H:H,'סיווג התפקידים והעלויות'!$C$2) -> 0 | AC16: =COUNTIFS(B:B,B16,H:H,'סיווג התפקידים והעלויות'!$D$2) -> 0 | AD16: =IF(OR(AND(H16='סיווג התפקידים והעלויות'!$A$2,I16='סיווג התפקידים והעלויות'!$A$3),'עלויות כח אדם (6)'!H16='סיווג התפקידים והעלויות'!$C$2,'עלויות כח אדם (6)'!H16='סיווג התפקידים והעלויות'!$D$2),IF('עלויות כח אדם (6)'!J16<75,"לא תקין","תקין"),"") | AE16: =IF(B16<>"",B16&H16,"") | AF16: =M16 -> 0
C17: =IF(B17<>"",IFERROR(VLOOKUP(B:B,'מצבת והרשמה (2)'!$C$20:$N$520,2,0)," ")," ") | M17: =IF(AND(L17>0,K17>0),K17*L17,0) -> 0 | N17: =TEXT(LEFT(H17,2),0) | O17: =IF(ISNUMBER(M17>0),IF(ISBLANK(B17),"יש להזין סמל מוסד בעמודה B",""),"") | P17: =IF(B17="","",IF(AA17=FALSE,"לא תקין","תקין")) | Q17: =IF(B17="","",IFERROR(IF('עלויות כח אדם (6)'!J17>=VLOOKUP(I17,'סיווג התפקידים והעלויות'!$B$23:$C$32,2,0),"תקין","לא תקין"),"")) | R17: =IF(B17="","",IF(OR(Y17<100%,Y17>140%),"לא תקין","תקין")) | S17: =IF(B17="","",IFERROR(IF(J17>120,"לא תקין","תקין"),"")) | T17: =IF(B17="","",IF(H17="","יש להזין איש צוות",IF(OR(H17="מורה",H17="גננת",H17="רכז גן",H17="רכזת גן",H17="סייעת",H17="מדצית",H17="מדצ",H17="מדריך",H17="מדריכה",H17="תוספת כח אדם"),IF(L17<=90,"תקין","לא תקין"),IF(OR(H17="רכז בית ספר",H17="רכזת תכנית בבית הספר",H17="רכזת בית ספר"),IF(L17<=137,"תקין","לא תקין"),IF(OR(H17="סגנית רכזת מעל 150",H17="סגן רכז"),IF(L17<=93,"תקין","לא תקין"),"לא תקין"))))) | U17: =IF(B17="","",IF(Z17>1,IF(SUMIF(D:D,D17,L:L)>90,"לא תקין","תקין"),"תקין")) | X17: =IF(B17="","",IF(OR(R17="לא תקין",S17="לא תקין",T17="לא תקין",,U17="לא תקין"),"לא תקין","תקין")) | Y17: =IFERROR(IF(B17="","",K17/J17),"") | Z17: =IF(B17="","",COUNTIF(D:D,D17)) | AA17: =MOD(MID(REPT(0,9-LEN(D17))&D17,1,1)+MID("0246813579",MID(REPT(0,9-LEN(D17))&D17,2,1)+1,1)+MID(REPT(0,9-LEN(D17))&D17,3,1)+MID("0246813579",MID(REPT(0,9-LEN(D17))&D17,4,1)+1,1)+MID(REPT(0,9-LEN(D17))&D17,5,1)+MID("0246813579",MID(REPT(0,9-LEN(D17))&D17,6,1)+1,1)+MID(REPT(0,9-LEN(D17))&D17,7,1)+MID("0246813579",MID(REPT(0,9-LEN(D17))&D17,8,1)+1,1)+MID(REPT(0,9-LEN(D17))&D17,9,1),10)=0 -> TRUE | AB17: =COUNTIFS(B:B,B17,H:H,'סיווג התפקידים והעלויות'!$C$2) -> 0 | AC17: =COUNTIFS(B:B,B17,H:H,'סיווג התפקידים והעלויות'!$D$2) -> 0 | AD17: =IF(OR(AND(H17='סיווג התפקידים והעלויות'!$A$2,I17='סיווג התפקידים והעלויות'!$A$3),'עלויות כח אדם (6)'!H17='סיווג התפקידים והעלויות'!$C$2,'עלויות כח אדם (6)'!H17='סיווג התפקידים והעלויות'!$D$2),IF('עלויות כח אדם (6)'!J17<75,"לא תקין","תקין"),"") | AE17: =IF(B17<>"",B17&H17,"") | AF17: =M17 -> 0
C18: =IF(B18<>"",IFERROR(VLOOKUP(B:B,'מצבת והרשמה (2)'!$C$20:$N$520,2,0)," ")," ") | M18: =IF(AND(L18>0,K18>0),K18*L18,"") | N18: =TEXT(LEFT(H18,2),0) | O18: =IF(ISNUMBER(M18>0),IF(ISBLANK(B18),"יש להזין סמל מוסד בעמודה B",""),"") | P18: =IF(B18="","",IF(AA18=FALSE,"לא תקין","תקין")) | Q18: =IF(B18="","",IFERROR(IF('עלויות כח אדם (6)'!J18>=VLOOKUP(I18,'סיווג התפקידים והעלויות'!$B$23:$C$32,2,0),"תקין","לא תקין"),"")) | R18: =IF(B18="","",IF(OR(Y18<100%,Y18>140%),"לא תקין","תקין")) | S18: =IF(B18="","",IFERROR(IF(J18>120,"לא תקין","תקין"),"")) | T18: =IF(B18="","",IF(H18="","יש להזין איש צוות",IF(OR(H18="מורה",H18="גננת",H18="רכז גן",H18="רכזת גן",H18="סייעת",H18="מדצית",H18="מדצ",H18="מדריך",H18="מדריכה",H18="תוספת כח אדם"),IF(L18<=90,"תקין","לא תקין"),IF(OR(H18="רכז בית ספר",H18="רכזת תכנית בבית הספר",H18="רכזת בית ספר"),IF(L18<=137,"תקין","לא תקין"),IF(OR(H18="סגנית רכזת מעל 150",H18="סגן רכז"),IF(L18<=93,"תקין","לא תקין"),"לא תקין"))))) | U18: =IF(B18="","",IF(Z18>1,IF(SUMIF(D:D,D18,L:L)>90,"לא תקין","תקין"),"תקין")) | X18: =IF(B18="","",IF(OR(R18="לא תקין",S18="לא תקין",T18="לא תקין",,U18="לא תקין"),"לא תקין","תקין")) | Y18: =IFERROR(IF(B18="","",K18/J18),"") | Z18: =IF(B18="","",COUNTIF(D:D,D18)) | AA18: =MOD(MID(REPT(0,9-LEN(D18))&D18,1,1)+MID("0246813579",MID(REPT(0,9-LEN(D18))&D18,2,1)+1,1)+MID(REPT(0,9-LEN(D18))&D18,3,1)+MID("0246813579",MID(REPT(0,9-LEN(D18))&D18,4,1)+1,1)+MID(REPT(0,9-LEN(D18))&D18,5,1)+MID("0246813579",MID(REPT(0,9-LEN(D18))&D18,6,1)+1,1)+MID(REPT(0,9-LEN(D18))&D18,7,1)+MID("0246813579",MID(REPT(0,9-LEN(D18))&D18,8,1)+1,1)+MID(REPT(0,9-LEN(D18))&D18,9,1),10)=0 -> TRUE | AB18: =COUNTIFS(B:B,B18,H:H,'סיווג התפקידים והעלויות'!$C$2) -> 0 | AC18: =COUNTIFS(B:B,B18,H:H,'סיווג התפקידים והעלויות'!$D$2) -> 0 | AD18: =IF(OR(AND(H18='סיווג התפקידים והעלויות'!$A$2,I18='סיווג התפקידים והעלויות'!$A$3),'עלויות כח אדם (6)'!H18='סיווג התפקידים והעלויות'!$C$2,'עלויות כח אדם (6)'!H18='סיווג התפקידים והעלויות'!$D$2),IF('עלויות כח אדם (6)'!J18<75,"לא תקין","תקין"),"") | AE18: =IF(B18<>"",B18&H18,"") | AF18: =M18
C19: =IF(B19<>"",IFERROR(VLOOKUP(B:B,'מצבת והרשמה (2)'!$C$20:$N$520,2,0)," ")," ") | I19: =SUBSTITUTE(IFERROR(IF(H19="מדצ","מדצ/ית",IF(H19="סגנית רכזת מעל 150","סגנ/ית רכז/ת>150",IF(H19="רכזת תכנית בבית הספר","רכז/ת תכנית בבית הספר"))),""),"FALSE","") | M19: =IF(AND(L19>0,K19>0),K19*L19,"") | N19: =TEXT(LEFT(H19,2),0) | O19: =IF(ISNUMBER(M19>0),IF(ISBLANK(B19),"יש להזין סמל מוסד בעמודה B",""),"") | P19: =IF(B19="","",IF(AA19=FALSE,"לא תקין","תקין")) | Q19: =IF(B19="","",IFERROR(IF('עלויות כח אדם (6)'!J19>=VLOOKUP(I19,'סיווג התפקידים והעלויות'!$B$23:$C$32,2,0),"תקין","לא תקין"),"")) | R19: =IF(B19="","",IF(OR(Y19<100%,Y19>140%),"לא תקין","תקין")) | S19: =IF(B19="","",IFERROR(IF(J19>120,"לא תקין","תקין"),"")) | T19: =IF(B19="","",IF(H19="","יש להזין איש צוות",IF(OR(H19="מורה",H19="גננת",H19="רכז גן",H19="רכזת גן",H19="סייעת",H19="מדצית",H19="מדצ",H19="מדריך",H19="מדריכה",H19="תוספת כח אדם"),IF(L19<=90,"תקין","לא תקין"),IF(OR(H19="רכז בית ספר",H19="רכזת תכנית בבית הספר",H19="רכזת בית ספר"),IF(L19<=137,"תקין","לא תקין"),IF(OR(H19="סגנית רכזת מעל 150",H19="סגן רכז"),IF(L19<=93,"תקין","לא תקין"),"לא תקין"))))) | U19: =IF(B19="","",IF(Z19>1,IF(SUMIF(D:D,D19,L:L)>90,"לא תקין","תקין"),"תקין")) | X19: =IF(B19="","",IF(OR(R19="לא תקין",S19="לא תקין",T19="לא תקין",,U19="לא תקין"),"לא תקין","תקין")) | Y19: =IFERROR(IF(B19="","",K19/J19),"") | Z19: =IF(B19="","",COUNTIF(D:D,D19)) | AA19: =MOD(MID(REPT(0,9-LEN(D19))&D19,1,1)+MID("0246813579",MID(REPT(0,9-LEN(D19))&D19,2,1)+1,1)+MID(REPT(0,9-LEN(D19))&D19,3,1)+MID("0246813579",MID(REPT(0,9-LEN(D19))&D19,4,1)+1,1)+MID(REPT(0,9-LEN(D19))&D19,5,1)+MID("0246813579",MID(REPT(0,9-LEN(D19))&D19,6,1)+1,1)+MID(REPT(0,9-LEN(D19))&D19,7,1)+MID("0246813579",MID(REPT(0,9-LEN(D19))&D19,8,1)+1,1)+MID(REPT(0,9-LEN(D19))&D19,9,1),10)=0 -> TRUE | AB19: =COUNTIFS(B:B,B19,H:H,'סיווג התפקידים והעלויות'!$C$2) -> 0 | AC19: =COUNTIFS(B:B,B19,H:H,'סיווג התפקידים והעלויות'!$D$2) -> 0 | AD19: =IF(OR(AND(H19='סיווג התפקידים והעלויות'!$A$2,I19='סיווג התפקידים והעלויות'!$A$3),'עלויות כח אדם (6)'!H19='סיווג התפקידים והעלויות'!$C$2,'עלויות כח אדם (6)'!H19='סיווג התפקידים והעלויות'!$D$2),IF('עלויות כח אדם (6)'!J19<75,"לא תקין","תקין"),"") | AE19: =IF(B19<>"",B19&H19,"") | AF19: =M19
C20: =IF(B20<>"",IFERROR(VLOOKUP(B:B,'מצבת והרשמה (2)'!$C$20:$N$520,2,0)," ")," ") | I20: =SUBSTITUTE(IFERROR(IF(H20="מדצ","מדצ/ית",IF(H20="סגנית רכזת מעל 150","סגנ/ית רכז/ת>150",IF(H20="רכזת תכנית בבית הספר","רכז/ת תכנית בבית הספר"))),""),"FALSE","") | M20: =IF(AND(L20>0,K20>0),K20*L20,"") | N20: =TEXT(LEFT(H20,2),0) | O20: =IF(ISNUMBER(M20>0),IF(ISBLANK(B20),"יש להזין סמל מוסד בעמודה B",""),"") | P20: =IF(B20="","",IF(AA20=FALSE,"לא תקין","תקין")) | Q20: =IF(B20="","",IFERROR(IF('עלויות כח אדם (6)'!J20>=VLOOKUP(I20,'סיווג התפקידים והעלויות'!$B$23:$C$32,2,0),"תקין","לא תקין"),"")) | R20: =IF(B20="","",IF(OR(Y20<100%,Y20>140%),"לא תקין","תקין")) | S20: =IF(B20="","",IFERROR(IF(J20>120,"לא תקין","תקין"),"")) | T20: =IF(B20="","",IF(H20="","יש להזין איש צוות",IF(OR(H20="מורה",H20="גננת",H20="רכז גן",H20="רכזת גן",H20="סייעת",H20="מדצית",H20="מדצ",H20="מדריך",H20="מדריכה",H20="תוספת כח אדם"),IF(L20<=90,"תקין","לא תקין"),IF(OR(H20="רכז בית ספר",H20="רכזת תכנית בבית הספר",H20="רכזת בית ספר"),IF(L20<=137,"תקין","לא תקין"),IF(OR(H20="סגנית רכזת מעל 150",H20="סגן רכז"),IF(L20<=93,"תקין","לא תקין"),"לא תקין"))))) | U20: =IF(B20="","",IF(Z20>1,IF(SUMIF(D:D,D20,L:L)>90,"לא תקין","תקין"),"תקין")) | X20: =IF(B20="","",IF(OR(R20="לא תקין",S20="לא תקין",T20="לא תקין",,U20="לא תקין"),"לא תקין","תקין")) | Y20: =IFERROR(IF(B20="","",K20/J20),"") | Z20: =IF(B20="","",COUNTIF(D:D,D20)) | AA20: =MOD(MID(REPT(0,9-LEN(D20))&D20,1,1)+MID("0246813579",MID(REPT(0,9-LEN(D20))&D20,2,1)+1,1)+MID(REPT(0,9-LEN(D20))&D20,3,1)+MID("0246813579",MID(REPT(0,9-LEN(D20))&D20,4,1)+1,1)+MID(REPT(0,9-LEN(D20))&D20,5,1)+MID("0246813579",MID(REPT(0,9-LEN(D20))&D20,6,1)+1,1)+MID(REPT(0,9-LEN(D20))&D20,7,1)+MID("0246813579",MID(REPT(0,9-LEN(D20))&D20,8,1)+1,1)+MID(REPT(0,9-LEN(D20))&D20,9,1),10)=0 -> TRUE | AB20: =COUNTIFS(B:B,B20,H:H,'סיווג התפקידים והעלויות'!$C$2) -> 0 | AC20: =COUNTIFS(B:B,B20,H:H,'סיווג התפקידים והעלויות'!$D$2) -> 0 | AD20: =IF(OR(AND(H20='סיווג התפקידים והעלויות'!$A$2,I20='סיווג התפקידים והעלויות'!$A$3),'עלויות כח אדם (6)'!H20='סיווג התפקידים והעלויות'!$C$2,'עלויות כח אדם (6)'!H20='סיווג התפקידים והעלויות'!$D$2),IF('עלויות כח אדם (6)'!J20<75,"לא תקין","תקין"),"") | AE20: =IF(B20<>"",B20&H20,"") | AF20: =M20
C21: =IF(B21<>"",IFERROR(VLOOKUP(B:B,'מצבת והרשמה (2)'!$C$20:$N$520,2,0)," ")," ") | I21: =SUBSTITUTE(IFERROR(IF(H21="מדצ","מדצ/ית",IF(H21="סגנית רכזת מעל 150","סגנ/ית רכז/ת>150",IF(H21="רכזת תכנית בבית הספר","רכז/ת תכנית בבית הספר"))),""),"FALSE","") | M21: =IF(AND(L21>0,K21>0),K21*L21,"") | N21: =TEXT(LEFT(H21,2),0) | O21: =IF(ISNUMBER(M21>0),IF(ISBLANK(B21),"יש להזין סמל מוסד בעמודה B",""),"") | P21: =IF(B21="","",IF(AA21=FALSE,"לא תקין","תקין")) | Q21: =IF(B21="","",IFERROR(IF('עלויות כח אדם (6)'!J21>=VLOOKUP(I21,'סיווג התפקידים והעלויות'!$B$23:$C$32,2,0),"תקין","לא תקין"),"")) | R21: =IF(B21="","",IF(OR(Y21<100%,Y21>140%),"לא תקין","תקין")) | S21: =IF(B21="","",IFERROR(IF(J21>120,"לא תקין","תקין"),"")) | T21: =IF(B21="","",IF(H21="","יש להזין איש צוות",IF(OR(H21="מורה",H21="גננת",H21="רכז גן",H21="רכזת גן",H21="סייעת",H21="מדצית",H21="מדצ",H21="מדריך",H21="מדריכה",H21="תוספת כח אדם"),IF(L21<=90,"תקין","לא תקין"),IF(OR(H21="רכז בית ספר",H21="רכזת תכנית בבית הספר",H21="רכזת בית ספר"),IF(L21<=137,"תקין","לא תקין"),IF(OR(H21="סגנית רכזת מעל 150",H21="סגן רכז"),IF(L21<=93,"תקין","לא תקין"),"לא תקין"))))) | U21: =IF(B21="","",IF(Z21>1,IF(SUMIF(D:D,D21,L:L)>90,"לא תקין","תקין"),"תקין")) | X21: =IF(B21="","",IF(OR(R21="לא תקין",S21="לא תקין",T21="לא תקין",,U21="לא תקין"),"לא תקין","תקין")) | Y21: =IFERROR(IF(B21="","",K21/J21),"") | Z21: =IF(B21="","",COUNTIF(D:D,D21)) | AA21: =MOD(MID(REPT(0,9-LEN(D21))&D21,1,1)+MID("0246813579",MID(REPT(0,9-LEN(D21))&D21,2,1)+1,1)+MID(REPT(0,9-LEN(D21))&D21,3,1)+MID("0246813579",MID(REPT(0,9-LEN(D21))&D21,4,1)+1,1)+MID(REPT(0,9-LEN(D21))&D21,5,1)+MID("0246813579",MID(REPT(0,9-LEN(D21))&D21,6,1)+1,1)+MID(REPT(0,9-LEN(D21))&D21,7,1)+MID("0246813579",MID(REPT(0,9-LEN(D21))&D21,8,1)+1,1)+MID(REPT(0,9-LEN(D21))&D21,9,1),10)=0 -> TRUE | AB21: =COUNTIFS(B:B,B21,H:H,'סיווג התפקידים והעלויות'!$C$2) -> 0 | AC21: =COUNTIFS(B:B,B21,H:H,'סיווג התפקידים והעלויות'!$D$2) -> 0 | AD21: =IF(OR(AND(H21='סיווג התפקידים והעלויות'!$A$2,I21='סיווג התפקידים והעלויות'!$A$3),'עלויות כח אדם (6)'!H21='סיווג התפקידים והעלויות'!$C$2,'עלויות כח אדם (6)'!H21='סיווג התפקידים והעלויות'!$D$2),IF('עלויות כח אדם (6)'!J21<75,"לא תקין","תקין"),"") | AE21: =IF(B21<>"",B21&H21,"") | AF21: =M21
C22: =IF(B22<>"",IFERROR(VLOOKUP(B:B,'מצבת והרשמה (2)'!$C$20:$N$520,2,0)," ")," ") | I22: =SUBSTITUTE(IFERROR(IF(H22="מדצ","מדצ/ית",IF(H22="סגנית רכזת מעל 150","סגנ/ית רכז/ת>150",IF(H22="רכזת תכנית בבית הספר","רכז/ת תכנית בבית הספר"))),""),"FALSE","") | M22: =IF(AND(L22>0,K22>0),K22*L22,"") | N22: =TEXT(LEFT(H22,2),0) | O22: =IF(ISNUMBER(M22>0),IF(ISBLANK(B22),"יש להזין סמל מוסד בעמודה B",""),"") | P22: =IF(B22="","",IF(AA22=FALSE,"לא תקין","תקין")) | Q22: =IF(B22="","",IFERROR(IF('עלויות כח אדם (6)'!J22>=VLOOKUP(I22,'סיווג התפקידים והעלויות'!$B$23:$C$32,2,0),"תקין","לא תקין"),"")) | R22: =IF(B22="","",IF(OR(Y22<100%,Y22>140%),"לא תקין","תקין")) | S22: =IF(B22="","",IFERROR(IF(J22>120,"לא תקין","תקין"),"")) | T22: =IF(B22="","",IF(H22="","יש להזין איש צוות",IF(OR(H22="מורה",H22="גננת",H22="רכז גן",H22="רכזת גן",H22="סייעת",H22="מדצית",H22="מדצ",H22="מדריך",H22="מדריכה",H22="תוספת כח אדם"),IF(L22<=90,"תקין","לא תקין"),IF(OR(H22="רכז בית ספר",H22="רכזת תכנית בבית הספר",H22="רכזת בית ספר"),IF(L22<=137,"תקין","לא תקין"),IF(OR(H22="סגנית רכזת מעל 150",H22="סגן רכז"),IF(L22<=93,"תקין","לא תקין"),"לא תקין"))))) | U22: =IF(B22="","",IF(Z22>1,IF(SUMIF(D:D,D22,L:L)>90,"לא תקין","תקין"),"תקין")) | X22: =IF(B22="","",IF(OR(R22="לא תקין",S22="לא תקין",T22="לא תקין",,U22="לא תקין"),"לא תקין","תקין")) | Y22: =IFERROR(IF(B22="","",K22/J22),"") | Z22: =IF(B22="","",COUNTIF(D:D,D22)) | AA22: =MOD(MID(REPT(0,9-LEN(D22))&D22,1,1)+MID("0246813579",MID(REPT(0,9-LEN(D22))&D22,2,1)+1,1)+MID(REPT(0,9-LEN(D22))&D22,3,1)+MID("0246813579",MID(REPT(0,9-LEN(D22))&D22,4,1)+1,1)+MID(REPT(0,9-LEN(D22))&D22,5,1)+MID("0246813579",MID(REPT(0,9-LEN(D22))&D22,6,1)+1,1)+MID(REPT(0,9-LEN(D22))&D22,7,1)+MID("0246813579",MID(REPT(0,9-LEN(D22))&D22,8,1)+1,1)+MID(REPT(0,9-LEN(D22))&D22,9,1),10)=0 -> TRUE | AB22: =COUNTIFS(B:B,B22,H:H,'סיווג התפקידים והעלויות'!$C$2) -> 0 | AC22: =COUNTIFS(B:B,B22,H:H,'סיווג התפקידים והעלויות'!$D$2) -> 0 | AD22: =IF(OR(AND(H22='סיווג התפקידים והעלויות'!$A$2,I22='סיווג התפקידים והעלויות'!$A$3),'עלויות כח אדם (6)'!H22='סיווג התפקידים והעלויות'!$C$2,'עלויות כח אדם (6)'!H22='סיווג התפקידים והעלויות'!$D$2),IF('עלויות כח אדם (6)'!J22<75,"לא תקין","תקין"),"") | AE22: =IF(B22<>"",B22&H22,"") | AF22: =M22
C23: =IF(B23<>"",IFERROR(VLOOKUP(B:B,'מצבת והרשמה (2)'!$C$20:$N$520,2,0)," ")," ") | I23: =SUBSTITUTE(IFERROR(IF(H23="מדצ","מדצ/ית",IF(H23="סגנית רכזת מעל 150","סגנ/ית רכז/ת>150",IF(H23="רכזת תכנית בבית הספר","רכז/ת תכנית בבית הספר"))),""),"FALSE","") | M23: =IF(AND(L23>0,K23>0),K23*L23,"") | N23: =TEXT(LEFT(H23,2),0) | O23: =IF(ISNUMBER(M23>0),IF(ISBLANK(B23),"יש להזין סמל מוסד בעמודה B",""),"") | P23: =IF(B23="","",IF(AA23=FALSE,"לא תקין","תקין")) | Q23: =IF(B23="","",IFERROR(IF('עלויות כח אדם (6)'!J23>=VLOOKUP(I23,'סיווג התפקידים והעלויות'!$B$23:$C$32,2,0),"תקין","לא תקין"),"")) | R23: =IF(B23="","",IF(OR(Y23<100%,Y23>140%),"לא תקין","תקין")) | S23: =IF(B23="","",IFERROR(IF(J23>120,"לא תקין","תקין"),"")) | T23: =IF(B23="","",IF(H23="","יש להזין איש צוות",IF(OR(H23="מורה",H23="גננת",H23="רכז גן",H23="רכזת גן",H23="סייעת",H23="מדצית",H23="מדצ",H23="מדריך",H23="מדריכה",H23="תוספת כח אדם"),IF(L23<=90,"תקין","לא תקין"),IF(OR(H23="רכז בית ספר",H23="רכזת תכנית בבית הספר",H23="רכזת בית ספר"),IF(L23<=137,"תקין","לא תקין"),IF(OR(H23="סגנית רכזת מעל 150",H23="סגן רכז"),IF(L23<=93,"תקין","לא תקין"),"לא תקין"))))) | U23: =IF(B23="","",IF(Z23>1,IF(SUMIF(D:D,D23,L:L)>90,"לא תקין","תקין"),"תקין")) | X23: =IF(B23="","",IF(OR(R23="לא תקין",S23="לא תקין",T23="לא תקין",,U23="לא תקין"),"לא תקין","תקין")) | Y23: =IFERROR(IF(B23="","",K23/J23),"") | Z23: =IF(B23="","",COUNTIF(D:D,D23)) | AA23: =MOD(MID(REPT(0,9-LEN(D23))&D23,1,1)+MID("0246813579",MID(REPT(0,9-LEN(D23))&D23,2,1)+1,1)+MID(REPT(0,9-LEN(D23))&D23,3,1)+MID("0246813579",MID(REPT(0,9-LEN(D23))&D23,4,1)+1,1)+MID(REPT(0,9-LEN(D23))&D23,5,1)+MID("0246813579",MID(REPT(0,9-LEN(D23))&D23,6,1)+1,1)+MID(REPT(0,9-LEN(D23))&D23,7,1)+MID("0246813579",MID(REPT(0,9-LEN(D23))&D23,8,1)+1,1)+MID(REPT(0,9-LEN(D23))&D23,9,1),10)=0 -> TRUE | AB23: =COUNTIFS(B:B,B23,H:H,'סיווג התפקידים והעלויות'!$C$2) -> 0 | AC23: =COUNTIFS(B:B,B23,H:H,'סיווג התפקידים והעלויות'!$D$2) -> 0 | AD23: =IF(OR(AND(H23='סיווג התפקידים והעלויות'!$A$2,I23='סיווג התפקידים והעלויות'!$A$3),'עלויות כח אדם (6)'!H23='סיווג התפקידים והעלויות'!$C$2,'עלויות כח אדם (6)'!H23='סיווג התפקידים והעלויות'!$D$2),IF('עלויות כח אדם (6)'!J23<75,"לא תקין","תקין"),"") | AE23: =IF(B23<>"",B23&H23,"") | AF23: =M23
C24: =IF(B24<>"",IFERROR(VLOOKUP(B:B,'מצבת והרשמה (2)'!$C$20:$N$520,2,0)," ")," ") | I24: =SUBSTITUTE(IFERROR(IF(H24="מדצ","מדצ/ית",IF(H24="סגנית רכזת מעל 150","סגנ/ית רכז/ת>150",IF(H24="רכזת תכנית בבית הספר","רכז/ת תכנית בבית הספר"))),""),"FALSE","") | M24: =IF(AND(L24>0,K24>0),K24*L24,"") | N24: =TEXT(LEFT(H24,2),0) | O24: =IF(ISNUMBER(M24>0),IF(ISBLANK(B24),"יש להזין סמל מוסד בעמודה B",""),"") | P24: =IF(B24="","",IF(AA24=FALSE,"לא תקין","תקין")) | Q24: =IF(B24="","",IFERROR(IF('עלויות כח אדם (6)'!J24>=VLOOKUP(I24,'סיווג התפקידים והעלויות'!$B$23:$C$32,2,0),"תקין","לא תקין"),"")) | R24: =IF(B24="","",IF(OR(Y24<100%,Y24>140%),"לא תקין","תקין")) | S24: =IF(B24="","",IFERROR(IF(J24>120,"לא תקין","תקין"),"")) | T24: =IF(B24="","",IF(H24="","יש להזין איש צוות",IF(OR(H24="מורה",H24="גננת",H24="רכז גן",H24="רכזת גן",H24="סייעת",H24="מדצית",H24="מדצ",H24="מדריך",H24="מדריכה",H24="תוספת כח אדם"),IF(L24<=90,"תקין","לא תקין"),IF(OR(H24="רכז בית ספר",H24="רכזת תכנית בבית הספר",H24="רכזת בית ספר"),IF(L24<=137,"תקין","לא תקין"),IF(OR(H24="סגנית רכזת מעל 150",H24="סגן רכז"),IF(L24<=93,"תקין","לא תקין"),"לא תקין"))))) | U24: =IF(B24="","",IF(Z24>1,IF(SUMIF(D:D,D24,L:L)>90,"לא תקין","תקין"),"תקין")) | X24: =IF(B24="","",IF(OR(R24="לא תקין",S24="לא תקין",T24="לא תקין",,U24="לא תקין"),"לא תקין","תקין")) | Y24: =IFERROR(IF(B24="","",K24/J24),"") | Z24: =IF(B24="","",COUNTIF(D:D,D24)) | AA24: =MOD(MID(REPT(0,9-LEN(D24))&D24,1,1)+MID("0246813579",MID(REPT(0,9-LEN(D24))&D24,2,1)+1,1)+MID(REPT(0,9-LEN(D24))&D24,3,1)+MID("0246813579",MID(REPT(0,9-LEN(D24))&D24,4,1)+1,1)+MID(REPT(0,9-LEN(D24))&D24,5,1)+MID("0246813579",MID(REPT(0,9-LEN(D24))&D24,6,1)+1,1)+MID(REPT(0,9-LEN(D24))&D24,7,1)+MID("0246813579",MID(REPT(0,9-LEN(D24))&D24,8,1)+1,1)+MID(REPT(0,9-LEN(D24))&D24,9,1),10)=0 -> TRUE | AB24: =COUNTIFS(B:B,B24,H:H,'סיווג התפקידים והעלויות'!$C$2) -> 0 | AC24: =COUNTIFS(B:B,B24,H:H,'סיווג התפקידים והעלויות'!$D$2) -> 0 | AD24: =IF(OR(AND(H24='סיווג התפקידים והעלויות'!$A$2,I24='סיווג התפקידים והעלויות'!$A$3),'עלויות כח אדם (6)'!H24='סיווג התפקידים והעלויות'!$C$2,'עלויות כח אדם (6)'!H24='סיווג התפקידים והעלויות'!$D$2),IF('עלויות כח אדם (6)'!J24<75,"לא תקין","תקין"),"") | AE24: =IF(B24<>"",B24&H24,"") | AF24: =M24
C25: =IF(B25<>"",IFERROR(VLOOKUP(B:B,'מצבת והרשמה (2)'!$C$20:$N$520,2,0)," ")," ") | I25: =SUBSTITUTE(IFERROR(IF(H25="מדצ","מדצ/ית",IF(H25="סגנית רכזת מעל 150","סגנ/ית רכז/ת>150",IF(H25="רכזת תכנית בבית הספר","רכז/ת תכנית בבית הספר"))),""),"FALSE","") | M25: =IF(AND(L25>0,K25>0),K25*L25,"") | N25: =TEXT(LEFT(H25,2),0) | O25: =IF(ISNUMBER(M25>0),IF(ISBLANK(B25),"יש להזין סמל מוסד בעמודה B",""),"") | P25: =IF(B25="","",IF(AA25=FALSE,"לא תקין","תקין")) | Q25: =IF(B25="","",IFERROR(IF('עלויות כח אדם (6)'!J25>=VLOOKUP(I25,'סיווג התפקידים והעלויות'!$B$23:$C$32,2,0),"תקין","לא תקין"),"")) | R25: =IF(B25="","",IF(OR(Y25<100%,Y25>140%),"לא תקין","תקין")) | S25: =IF(B25="","",IFERROR(IF(J25>120,"לא תקין","תקין"),"")) | T25: =IF(B25="","",IF(H25="","יש להזין איש צוות",IF(OR(H25="מורה",H25="גננת",H25="רכז גן",H25="רכזת גן",H25="סייעת",H25="מדצית",H25="מדצ",H25="מדריך",H25="מדריכה",H25="תוספת כח אדם"),IF(L25<=90,"תקין","לא תקין"),IF(OR(H25="רכז בית ספר",H25="רכזת תכנית בבית הספר",H25="רכזת בית ספר"),IF(L25<=137,"תקין","לא תקין"),IF(OR(H25="סגנית רכזת מעל 150",H25="סגן רכז"),IF(L25<=93,"תקין","לא תקין"),"לא תקין"))))) | U25: =IF(B25="","",IF(Z25>1,IF(SUMIF(D:D,D25,L:L)>90,"לא תקין","תקין"),"תקין")) | X25: =IF(B25="","",IF(OR(R25="לא תקין",S25="לא תקין",T25="לא תקין",,U25="לא תקין"),"לא תקין","תקין")) | Y25: =IFERROR(IF(B25="","",K25/J25),"") | Z25: =IF(B25="","",COUNTIF(D:D,D25)) | AA25: =MOD(MID(REPT(0,9-LEN(D25))&D25,1,1)+MID("0246813579",MID(REPT(0,9-LEN(D25))&D25,2,1)+1,1)+MID(REPT(0,9-LEN(D25))&D25,3,1)+MID("0246813579",MID(REPT(0,9-LEN(D25))&D25,4,1)+1,1)+MID(REPT(0,9-LEN(D25))&D25,5,1)+MID("0246813579",MID(REPT(0,9-LEN(D25))&D25,6,1)+1,1)+MID(REPT(0,9-LEN(D25))&D25,7,1)+MID("0246813579",MID(REPT(0,9-LEN(D25))&D25,8,1)+1,1)+MID(REPT(0,9-LEN(D25))&D25,9,1),10)=0 -> TRUE | AB25: =COUNTIFS(B:B,B25,H:H,'סיווג התפקידים והעלויות'!$C$2) -> 0 | AC25: =COUNTIFS(B:B,B25,H:H,'סיווג התפקידים והעלויות'!$D$2) -> 0 | AD25: =IF(OR(AND(H25='סיווג התפקידים והעלויות'!$A$2,I25='סיווג התפקידים והעלויות'!$A$3),'עלויות כח אדם (6)'!H25='סיווג התפקידים והעלויות'!$C$2,'עלויות כח אדם (6)'!H25='סיווג התפקידים והעלויות'!$D$2),IF('עלויות כח אדם (6)'!J25<75,"לא תקין","תקין"),"") | AE25: =IF(B25<>"",B25&H25,"") | AF25: =M25
C26: =IF(B26<>"",IFERROR(VLOOKUP(B:B,'מצבת והרשמה (2)'!$C$20:$N$520,2,0)," ")," ") | I26: =SUBSTITUTE(IFERROR(IF(H26="מדצ","מדצ/ית",IF(H26="סגנית רכזת מעל 150","סגנ/ית רכז/ת>150",IF(H26="רכזת תכנית בבית הספר","רכז/ת תכנית בבית הספר"))),""),"FALSE","") | M26: =IF(AND(L26>0,K26>0),K26*L26,"") | N26: =TEXT(LEFT(H26,2),0) | O26: =IF(ISNUMBER(M26>0),IF(ISBLANK(B26),"יש להזין סמל מוסד בעמודה B",""),"") | P26: =IF(B26="","",IF(AA26=FALSE,"לא תקין","תקין")) | Q26: =IF(B26="","",IFERROR(IF('עלויות כח אדם (6)'!J26>=VLOOKUP(I26,'סיווג התפקידים והעלויות'!$B$23:$C$32,2,0),"תקין","לא תקין"),"")) | R26: =IF(B26="","",IF(OR(Y26<100%,Y26>140%),"לא תקין","תקין")) | S26: =IF(B26="","",IFERROR(IF(J26>120,"לא תקין","תקין"),"")) | T26: =IF(B26="","",IF(H26="","יש להזין איש צוות",IF(OR(H26="מורה",H26="גננת",H26="רכז גן",H26="רכזת גן",H26="סייעת",H26="מדצית",H26="מדצ",H26="מדריך",H26="מדריכה",H26="תוספת כח אדם"),IF(L26<=90,"תקין","לא תקין"),IF(OR(H26="רכז בית ספר",H26="רכזת תכנית בבית הספר",H26="רכזת בית ספר"),IF(L26<=137,"תקין","לא תקין"),IF(OR(H26="סגנית רכזת מעל 150",H26="סגן רכז"),IF(L26<=93,"תקין","לא תקין"),"לא תקין"))))) | U26: =IF(B26="","",IF(Z26>1,IF(SUMIF(D:D,D26,L:L)>90,"לא תקין","תקין"),"תקין")) | X26: =IF(B26="","",IF(OR(R26="לא תקין",S26="לא תקין",T26="לא תקין",,U26="לא תקין"),"לא תקין","תקין")) | Y26: =IFERROR(IF(B26="","",K26/J26),"") | Z26: =IF(B26="","",COUNTIF(D:D,D26)) | AA26: =MOD(MID(REPT(0,9-LEN(D26))&D26,1,1)+MID("0246813579",MID(REPT(0,9-LEN(D26))&D26,2,1)+1,1)+MID(REPT(0,9-LEN(D26))&D26,3,1)+MID("0246813579",MID(REPT(0,9-LEN(D26))&D26,4,1)+1,1)+MID(REPT(0,9-LEN(D26))&D26,5,1)+MID("0246813579",MID(REPT(0,9-LEN(D26))&D26,6,1)+1,1)+MID(REPT(0,9-LEN(D26))&D26,7,1)+MID("0246813579",MID(REPT(0,9-LEN(D26))&D26,8,1)+1,1)+MID(REPT(0,9-LEN(D26))&D26,9,1),10)=0 -> TRUE | AB26: =COUNTIFS(B:B,B26,H:H,'סיווג התפקידים והעלויות'!$C$2) -> 0 | AC26: =COUNTIFS(B:B,B26,H:H,'סיווג התפקידים והעלויות'!$D$2) -> 0 | AD26: =IF(OR(AND(H26='סיווג התפקידים והעלויות'!$A$2,I26='סיווג התפקידים והעלויות'!$A$3),'עלויות כח אדם (6)'!H26='סיווג התפקידים והעלויות'!$C$2,'עלויות כח אדם (6)'!H26='סיווג התפקידים והעלויות'!$D$2),IF('עלויות כח אדם (6)'!J26<75,"לא תקין","תקין"),"") | AE26: =IF(B26<>"",B26&H26,"") | AF26: =M26
C27: =IF(B27<>"",IFERROR(VLOOKUP(B:B,'מצבת והרשמה (2)'!$C$20:$N$520,2,0)," ")," ") | I27: =SUBSTITUTE(IFERROR(IF(H27="מדצ","מדצ/ית",IF(H27="סגנית רכזת מעל 150","סגנ/ית רכז/ת>150",IF(H27="רכזת תכנית בבית הספר","רכז/ת תכנית בבית הספר"))),""),"FALSE","") | M27: =IF(AND(L27>0,K27>0),K27*L27,"") | N27: =TEXT(LEFT(H27,2),0) | O27: =IF(ISNUMBER(M27>0),IF(ISBLANK(B27),"יש להזין סמל מוסד בעמודה B",""),"") | P27: =IF(B27="","",IF(AA27=FALSE,"לא תקין","תקין")) | Q27: =IF(B27="","",IFERROR(IF('עלויות כח אדם (6)'!J27>=VLOOKUP(I27,'סיווג התפקידים והעלויות'!$B$23:$C$32,2,0),"תקין","לא תקין"),"")) | R27: =IF(B27="","",IF(OR(Y27<100%,Y27>140%),"לא תקין","תקין")) | S27: =IF(B27="","",IFERROR(IF(J27>120,"לא תקין","תקין"),"")) | T27: =IF(B27="","",IF(H27="","יש להזין איש צוות",IF(OR(H27="מורה",H27="גננת",H27="רכז גן",H27="רכזת גן",H27="סייעת",H27="מדצית",H27="מדצ",H27="מדריך",H27="מדריכה",H27="תוספת כח אדם"),IF(L27<=90,"תקין","לא תקין"),IF(OR(H27="רכז בית ספר",H27="רכזת תכנית בבית הספר",H27="רכזת בית ספר"),IF(L27<=137,"תקין","לא תקין"),IF(OR(H27="סגנית רכזת מעל 150",H27="סגן רכז"),IF(L27<=93,"תקין","לא תקין"),"לא תקין"))))) | U27: =IF(B27="","",IF(Z27>1,IF(SUMIF(D:D,D27,L:L)>90,"לא תקין","תקין"),"תקין")) | X27: =IF(B27="","",IF(OR(R27="לא תקין",S27="לא תקין",T27="לא תקין",,U27="לא תקין"),"לא תקין","תקין")) | Y27: =IFERROR(IF(B27="","",K27/J27),"") | Z27: =IF(B27="","",COUNTIF(D:D,D27)) | AA27: =MOD(MID(REPT(0,9-LEN(D27))&D27,1,1)+MID("0246813579",MID(REPT(0,9-LEN(D27))&D27,2,1)+1,1)+MID(REPT(0,9-LEN(D27))&D27,3,1)+MID("0246813579",MID(REPT(0,9-LEN(D27))&D27,4,1)+1,1)+MID(REPT(0,9-LEN(D27))&D27,5,1)+MID("0246813579",MID(REPT(0,9-LEN(D27))&D27,6,1)+1,1)+MID(REPT(0,9-LEN(D27))&D27,7,1)+MID("0246813579",MID(REPT(0,9-LEN(D27))&D27,8,1)+1,1)+MID(REPT(0,9-LEN(D27))&D27,9,1),10)=0 -> TRUE | AB27: =COUNTIFS(B:B,B27,H:H,'סיווג התפקידים והעלויות'!$C$2) -> 0 | AC27: =COUNTIFS(B:B,B27,H:H,'סיווג התפקידים והעלויות'!$D$2) -> 0 | AD27: =IF(OR(AND(H27='סיווג התפקידים והעלויות'!$A$2,I27='סיווג התפקידים והעלויות'!$A$3),'עלויות כח אדם (6)'!H27='סיווג התפקידים והעלויות'!$C$2,'עלויות כח אדם (6)'!H27='סיווג התפקידים והעלויות'!$D$2),IF('עלויות כח אדם (6)'!J27<75,"לא תקין","תקין"),"") | AE27: =IF(B27<>"",B27&H27,"") | AF27: =M27
C28: =IF(B28<>"",IFERROR(VLOOKUP(B:B,'מצבת והרשמה (2)'!$C$20:$N$520,2,0)," ")," ") | I28: =SUBSTITUTE(IFERROR(IF(H28="מדצ","מדצ/ית",IF(H28="סגנית רכזת מעל 150","סגנ/ית רכז/ת>150",IF(H28="רכזת תכנית בבית הספר","רכז/ת תכנית בבית הספר"))),""),"FALSE","") | M28: =IF(AND(L28>0,K28>0),K28*L28,"") | N28: =TEXT(LEFT(H28,2),0) | O28: =IF(ISNUMBER(M28>0),IF(ISBLANK(B28),"יש להזין סמל מוסד בעמודה B",""),"") | P28: =IF(B28="","",IF(AA28=FALSE,"לא תקין","תקין")) | Q28: =IF(B28="","",IFERROR(IF('עלויות כח אדם (6)'!J28>=VLOOKUP(I28,'סיווג התפקידים והעלויות'!$B$23:$C$32,2,0),"תקין","לא תקין"),"")) | R28: =IF(B28="","",IF(OR(Y28<100%,Y28>140%),"לא תקין","תקין")) | S28: =IF(B28="","",IFERROR(IF(J28>120,"לא תקין","תקין"),"")) | T28: =IF(B28="","",IF(H28="","יש להזין איש צוות",IF(OR(H28="מורה",H28="גננת",H28="רכז גן",H28="רכזת גן",H28="סייעת",H28="מדצית",H28="מדצ",H28="מדריך",H28="מדריכה",H28="תוספת כח אדם"),IF(L28<=90,"תקין","לא תקין"),IF(OR(H28="רכז בית ספר",H28="רכזת תכנית בבית הספר",H28="רכזת בית ספר"),IF(L28<=137,"תקין","לא תקין"),IF(OR(H28="סגנית רכזת מעל 150",H28="סגן רכז"),IF(L28<=93,"תקין","לא תקין"),"לא תקין"))))) | U28: =IF(B28="","",IF(Z28>1,IF(SUMIF(D:D,D28,L:L)>90,"לא תקין","תקין"),"תקין")) | X28: =IF(B28="","",IF(OR(R28="לא תקין",S28="לא תקין",T28="לא תקין",,U28="לא תקין"),"לא תקין","תקין")) | Y28: =IFERROR(IF(B28="","",K28/J28),"") | Z28: =IF(B28="","",COUNTIF(D:D,D28)) | AA28: =MOD(MID(REPT(0,9-LEN(D28))&D28,1,1)+MID("0246813579",MID(REPT(0,9-LEN(D28))&D28,2,1)+1,1)+MID(REPT(0,9-LEN(D28))&D28,3,1)+MID("0246813579",MID(REPT(0,9-LEN(D28))&D28,4,1)+1,1)+MID(REPT(0,9-LEN(D28))&D28,5,1)+MID("0246813579",MID(REPT(0,9-LEN(D28))&D28,6,1)+1,1)+MID(REPT(0,9-LEN(D28))&D28,7,1)+MID("0246813579",MID(REPT(0,9-LEN(D28))&D28,8,1)+1,1)+MID(REPT(0,9-LEN(D28))&D28,9,1),10)=0 -> TRUE | AB28: =COUNTIFS(B:B,B28,H:H,'סיווג התפקידים והעלויות'!$C$2) -> 0 | AC28: =COUNTIFS(B:B,B28,H:H,'סיווג התפקידים והעלויות'!$D$2) -> 0 | AD28: =IF(OR(AND(H28='סיווג התפקידים והעלויות'!$A$2,I28='סיווג התפקידים והעלויות'!$A$3),'עלויות כח אדם (6)'!H28='סיווג התפקידים והעלויות'!$C$2,'עלויות כח אדם (6)'!H28='סיווג התפקידים והעלויות'!$D$2),IF('עלויות כח אדם (6)'!J28<75,"לא תקין","תקין"),"") | AE28: =IF(B28<>"",B28&H28,"") | AF28: =M28
C29: =IF(B29<>"",IFERROR(VLOOKUP(B:B,'מצבת והרשמה (2)'!$C$20:$N$520,2,0)," ")," ") | I29: =SUBSTITUTE(IFERROR(IF(H29="מדצ","מדצ/ית",IF(H29="סגנית רכזת מעל 150","סגנ/ית רכז/ת>150",IF(H29="רכזת תכנית בבית הספר","רכז/ת תכנית בבית הספר"))),""),"FALSE","") | M29: =IF(AND(L29>0,K29>0),K29*L29,"") | N29: =TEXT(LEFT(H29,2),0) | O29: =IF(ISNUMBER(M29>0),IF(ISBLANK(B29),"יש להזין סמל מוסד בעמודה B",""),"") | P29: =IF(B29="","",IF(AA29=FALSE,"לא תקין","תקין")) | Q29: =IF(B29="","",IFERROR(IF('עלויות כח אדם (6)'!J29>=VLOOKUP(I29,'סיווג התפקידים והעלויות'!$B$23:$C$32,2,0),"תקין","לא תקין"),"")) | R29: =IF(B29="","",IF(OR(Y29<100%,Y29>140%),"לא תקין","תקין")) | S29: =IF(B29="","",IFERROR(IF(J29>120,"לא תקין","תקין"),"")) | T29: =IF(B29="","",IF(H29="","יש להזין איש צוות",IF(OR(H29="מורה",H29="גננת",H29="רכז גן",H29="רכזת גן",H29="סייעת",H29="מדצית",H29="מדצ",H29="מדריך",H29="מדריכה",H29="תוספת כח אדם"),IF(L29<=90,"תקין","לא תקין"),IF(OR(H29="רכז בית ספר",H29="רכזת תכנית בבית הספר",H29="רכזת בית ספר"),IF(L29<=137,"תקין","לא תקין"),IF(OR(H29="סגנית רכזת מעל 150",H29="סגן רכז"),IF(L29<=93,"תקין","לא תקין"),"לא תקין"))))) | U29: =IF(B29="","",IF(Z29>1,IF(SUMIF(D:D,D29,L:L)>90,"לא תקין","תקין"),"תקין")) | X29: =IF(B29="","",IF(OR(R29="לא תקין",S29="לא תקין",T29="לא תקין",,U29="לא תקין"),"לא תקין","תקין")) | Y29: =IFERROR(IF(B29="","",K29/J29),"") | Z29: =IF(B29="","",COUNTIF(D:D,D29)) | AA29: =MOD(MID(REPT(0,9-LEN(D29))&D29,1,1)+MID("0246813579",MID(REPT(0,9-LEN(D29))&D29,2,1)+1,1)+MID(REPT(0,9-LEN(D29))&D29,3,1)+MID("0246813579",MID(REPT(0,9-LEN(D29))&D29,4,1)+1,1)+MID(REPT(0,9-LEN(D29))&D29,5,1)+MID("0246813579",MID(REPT(0,9-LEN(D29))&D29,6,1)+1,1)+MID(REPT(0,9-LEN(D29))&D29,7,1)+MID("0246813579",MID(REPT(0,9-LEN(D29))&D29,8,1)+1,1)+MID(REPT(0,9-LEN(D29))&D29,9,1),10)=0 -> TRUE | AB29: =COUNTIFS(B:B,B29,H:H,'סיווג התפקידים והעלויות'!$C$2) -> 0 | AC29: =COUNTIFS(B:B,B29,H:H,'סיווג התפקידים והעלויות'!$D$2) -> 0 | AD29: =IF(OR(AND(H29='סיווג התפקידים והעלויות'!$A$2,I29='סיווג התפקידים והעלויות'!$A$3),'עלויות כח אדם (6)'!H29='סיווג התפקידים והעלויות'!$C$2,'עלויות כח אדם (6)'!H29='סיווג התפקידים והעלויות'!$D$2),IF('עלויות כח אדם (6)'!J29<75,"לא תקין","תקין"),"") | AE29: =IF(B29<>"",B29&H29,"") | AF29: =M29
C30: =IF(B30<>"",IFERROR(VLOOKUP(B:B,'מצבת והרשמה (2)'!$C$20:$N$520,2,0)," ")," ") | I30: =SUBSTITUTE(IFERROR(IF(H30="מדצ","מדצ/ית",IF(H30="סגנית רכזת מעל 150","סגנ/ית רכז/ת>150",IF(H30="רכזת תכנית בבית הספר","רכז/ת תכנית בבית הספר"))),""),"FALSE","") | M30: =IF(AND(L30>0,K30>0),K30*L30,"") | N30: =TEXT(LEFT(H30,2),0) | O30: =IF(ISNUMBER(M30>0),IF(ISBLANK(B30),"יש להזין סמל מוסד בעמודה B",""),"") | P30: =IF(B30="","",IF(AA30=FALSE,"לא תקין","תקין")) | Q30: =IF(B30="","",IFERROR(IF('עלויות כח אדם (6)'!J30>=VLOOKUP(I30,'סיווג התפקידים והעלויות'!$B$23:$C$32,2,0),"תקין","לא תקין"),"")) | R30: =IF(B30="","",IF(OR(Y30<100%,Y30>140%),"לא תקין","תקין")) | S30: =IF(B30="","",IFERROR(IF(J30>120,"לא תקין","תקין"),"")) | T30: =IF(B30="","",IF(H30="","יש להזין איש צוות",IF(OR(H30="מורה",H30="גננת",H30="רכז גן",H30="רכזת גן",H30="סייעת",H30="מדצית",H30="מדצ",H30="מדריך",H30="מדריכה",H30="תוספת כח אדם"),IF(L30<=90,"תקין","לא תקין"),IF(OR(H30="רכז בית ספר",H30="רכזת תכנית בבית הספר",H30="רכזת בית ספר"),IF(L30<=137,"תקין","לא תקין"),IF(OR(H30="סגנית רכזת מעל 150",H30="סגן רכז"),IF(L30<=93,"תקין","לא תקין"),"לא תקין"))))) | U30: =IF(B30="","",IF(Z30>1,IF(SUMIF(D:D,D30,L:L)>90,"לא תקין","תקין"),"תקין")) | X30: =IF(B30="","",IF(OR(R30="לא תקין",S30="לא תקין",T30="לא תקין",,U30="לא תקין"),"לא תקין","תקין")) | Y30: =IFERROR(IF(B30="","",K30/J30),"") | Z30: =IF(B30="","",COUNTIF(D:D,D30)) | AA30: =MOD(MID(REPT(0,9-LEN(D30))&D30,1,1)+MID("0246813579",MID(REPT(0,9-LEN(D30))&D30,2,1)+1,1)+MID(REPT(0,9-LEN(D30))&D30,3,1)+MID("0246813579",MID(REPT(0,9-LEN(D30))&D30,4,1)+1,1)+MID(REPT(0,9-LEN(D30))&D30,5,1)+MID("0246813579",MID(REPT(0,9-LEN(D30))&D30,6,1)+1,1)+MID(REPT(0,9-LEN(D30))&D30,7,1)+MID("0246813579",MID(REPT(0,9-LEN(D30))&D30,8,1)+1,1)+MID(REPT(0,9-LEN(D30))&D30,9,1),10)=0 -> TRUE | AB30: =COUNTIFS(B:B,B30,H:H,'סיווג התפקידים והעלויות'!$C$2) -> 0 | AC30: =COUNTIFS(B:B,B30,H:H,'סיווג התפקידים והעלויות'!$D$2) -> 0 | AD30: =IF(OR(AND(H30='סיווג התפקידים והעלויות'!$A$2,I30='סיווג התפקידים והעלויות'!$A$3),'עלויות כח אדם (6)'!H30='סיווג התפקידים והעלויות'!$C$2,'עלויות כח אדם (6)'!H30='סיווג התפקידים והעלויות'!$D$2),IF('עלויות כח אדם (6)'!J30<75,"לא תקין","תקין"),"") | AE30: =IF(B30<>"",B30&H30,"") | AF30: =M30
... C3014: =IF(B3014<>"",IFERROR(VLOOKUP(B:B,'מצבת והרשמה (2)'!$C$20:$N$520,2,0)," ")," ") | I3014: =SUBSTITUTE(IFERROR(IF(H3014="מדצ","מדצ/ית",IF(H3014="סגנית רכזת מעל 150","סגנ/ית רכז/ת>150",IF(H3014="רכזת תכנית בבית הספר","רכז/ת תכנית בבית הספר"))),""),"FALSE","") | M3014: =IF(AND(L3014>0,K3014>0),K3014*L3014,"") | N3014: =TEXT(LEFT(H3014,2),0) | O3014: =IF(ISNUMBER(M3014>0),IF(ISBLANK(B3014),"יש להזין סמל מוסד בעמודה B",""),"") | P3014: =IF(B3014="","",IF(AA3014=FALSE,"לא תקין","תקין")) | Q3014: =IF(B3014="","",IFERROR(IF('עלויות כח אדם (6)'!J3014>=VLOOKUP(I3014,'סיווג התפקידים והעלויות'!$B$23:$C$32,2,0),"תקין","לא תקין"),"")) | R3014: =IF(B3014="","",IF(OR(Y3014<100%,Y3014>140%),"לא תקין","תקין")) | S3014: =IF(B3014="","",IFERROR(IF(J3014>120,"לא תקין","תקין"),"")) | T3014: =IF(B3014="","",IF(H3014="","יש להזין איש צוות",IF(OR(H3014="מורה",H3014="גננת",H3014="רכז גן",H3014="רכזת גן",H3014="סייעת",H3014="מדצית",H3014="מדצ",H3014="מדריך",H3014="מדריכה",H3014="תוספת כח אדם"),IF(L3014<=90,"תקין","לא תקין"),IF(OR(H3014="רכז בית ספר",H3014="רכזת תכנית בבית הספר",H3014="רכזת בית ספר"),IF(L3014<=137,"תקין","לא תקין"),IF(OR(H3014="סגנית רכזת מעל 150",H3014="סגן רכז"),IF(L3014<=93,"תקין","לא תקין"),"לא תקין"))))) | U3014: =IF(B3014="","",IF(Z3014>1,IF(SUMIF(D:D,D3014,L:L)>90,"לא תקין","תקין"),"תקין")) | X3014: =IF(B3014="","",IF(OR(R3014="לא תקין",S3014="לא תקין",T3014="לא תקין",,U3014="לא תקין"),"לא תקין","תקין")) | Y3014: =IFERROR(IF(B3014="","",K3014/J3014),"") | Z3014: =IF(B3014="","",COUNTIF(D:D,D3014)) | AA3014: =MOD(MID(REPT(0,9-LEN(D3014))&D3014,1,1)+MID("0246813579",MID(REPT(0,9-LEN(D3014))&D3014,2,1)+1,1)+MID(REPT(0,9-LEN(D3014))&D3014,3,1)+MID("0246813579",MID(REPT(0,9-LEN(D3014))&D3014,4,1)+1,1)+MID(REPT(0,9-LEN(D3014))&D3014,5,1)+MID("0246813579",MID(REPT(0,9-LEN(D3014))&D3014,6,1)+1,1)+MID(REPT(0,9-LEN(D3014))&D3014,7,1)+MID("0246813579",MID(REPT(0,9-LEN(D3014))&D3014,8,1)+1,1)+MID(REPT(0,9-LEN(D3014))&D3014,9,1),10)=0 -> TRUE | AB3014: =COUNTIFS(B:B,B3014,H:H,'סיווג התפקידים והעלויות'!$C$2) -> 0 | AC3014: =COUNTIFS(B:B,B3014,H:H,'סיווג התפקידים והעלויות'!$D$2) -> 0 | AD3014: =IF(OR(AND(H3014='סיווג התפקידים והעלויות'!$A$2,I3014='סיווג התפקידים והעלויות'!$A$3),'עלויות כח אדם (6)'!H3014='סיווג התפקידים והעלויות'!$C$2,'עלויות כח אדם (6)'!H3014='סיווג התפקידים והעלויות'!$D$2),IF('עלויות כח אדם (6)'!J3014<75,"לא תקין","תקין"),"") | AE3014: =IF(B3014<>"",B3014&H3014,"") | AF3014: =M3014

Sheet סייעות רפואיות או אישיות (7)
A1: תוכן העניינים | F1: ='גנים ובתי ספר- מבנה תקציב'!$E$1 -> תכנית בתי הספר והגנים של החופש הגדול, קיץ תשפ"ו | O1: * | R1: *
C4: שם הרשות המקומית | D4: ='נתונים כלליים (1)'!$C$5 -> 0
C5: סוג מוסד | D5: בתי ספר
C6: מספר אשכול למ"ס | D6: ='נתונים כלליים (1)'!$C$6
R7: =75*59.57 -> 4467.75
F8: תקצוב עבור סייעות רפואיות/ אישיות
C9: עפ"י סעיף ג.1.ד.1 לקול קורא לתלמידים עם זכאות לסל אישי ו/או זכאות לסייעת רפואית, בגן/בכיתה לחינוך רגיל, שמקבלים בפועל תמיכה מסוג סיוע לאורך השנה, תתאפשר סייעת אישית גם במהלך הפעילות בחופשה בהיקף שעות שבועיות דומה לזה שהיה במהלך השנה. עלות תגמול הנוסף לסייעת אישית (שצמודה לילד) הינה 75 ש"ח ליום (מעבר לשכרה שמשולם עבור תקופה זו).
C12: מספר סייעות רפואיות/אישיות שהועסקו | D12: סה"כ שכר שדווח | E12: תקצוב משרד החינוך | F12: תשלום
C13: =COUNT(F17:F399) -> 0 | D13: =SUM(J17:J399) -> 0 | E13: =SUM(P17:P385) -> 0 | F13: =SUM(Q17:Q385) -> 0
H15: דיווח א-ג | K15: דיווח ד-ו
C16: סמל מוסד | D16: מעמד | E16: שכבת גיל (א-ג, ד-ו) | F16: ת.ז תלמיד | G16: ת.ז סייעת רפואית/אישית | H16: שכר ברוטו ליום | I16: מס' ימי העסקה | J16: סה"כ שכר ברוטו לתקופה | K16: שכר ברוטו שעתי | L16: עלות שכר שעתית | M16: סך שעות | N16: עלות שכר לתקופה | O16: בדיקת כפילויות | P16: תקצוב משרד החינוך | Q16: תשלום | R16: מס' יחידות לתשלום
D17: =IFERROR(VLOOKUP(C17,'נתוני רישום ומצבת'!B:G,6,0),"") | J17: =IFERROR(H17*I17,"") -> 0 | N17: =L17*M17 -> 0 | O17: =COUNTIF($G$16:$G$4001,G17) -> 0 | P17: =IF(C17>0,IF(AND(E17="א-ג",J17>0),MIN(I17,15)*MIN(H17,75),IF(AND(E17="ד-ו",N17>0),MIN(L17,59.57)*MIN(M17,75),0)),0) -> 0 | Q17: =IF(E17="א-ג",MIN(J17,P17),MIN(N17,P17)) -> 0 | R17: =IF(E17="א-ג",Q17/1125,Q17/$R$7) -> 0
D18: =IFERROR(VLOOKUP(C18,'נתוני רישום ומצבת'!B:G,6,0),"") | J18: =IFERROR(H18*I18,"") -> 0 | N18: =L18*M18 -> 0 | O18: =COUNTIF($G$16:$G$4001,G18) -> 0 | P18: =IF(C18>0,IF(AND(E18="א-ג",J18>0),MIN(I18,15)*MIN(H18,75),IF(AND(E18="ד-ו",N18>0),MIN(L18,59.57)*MIN(M18,75),0)),0) -> 0 | Q18: =IF(E18="א-ג",MIN(J18,P18),MIN(N18,P18)) -> 0 | R18: =IF(E18="א-ג",Q18/1125,Q18/$R$7) -> 0
D19: =IFERROR(VLOOKUP(C19,'נתוני רישום ומצבת'!B:G,6,0),"") | J19: =IFERROR(H19*I19,"") -> 0 | N19: =L19*M19 -> 0 | O19: =COUNTIF($G$16:$G$4001,G19) -> 0 | P19: =IF(C19>0,IF(AND(E19="א-ג",J19>0),MIN(I19,15)*MIN(H19,75),IF(AND(E19="ד-ו",N19>0),MIN(L19,59.57)*MIN(M19,75),0)),0) -> 0 | Q19: =IF(E19="א-ג",MIN(J19,P19),MIN(N19,P19)) -> 0 | R19: =IF(E19="א-ג",Q19/1125,Q19/$R$7) -> 0
D20: =IFERROR(VLOOKUP(C20,'נתוני רישום ומצבת'!B:G,6,0),"") | J20: =IFERROR(H20*I20,"") -> 0 | N20: =L20*M20 -> 0 | O20: =COUNTIF($G$16:$G$4001,G20) -> 0 | P20: =IF(C20>0,IF(AND(E20="א-ג",J20>0),MIN(I20,15)*MIN(H20,75),IF(AND(E20="ד-ו",N20>0),MIN(L20,59.57)*MIN(M20,75),0)),0) -> 0 | Q20: =IF(E20="א-ג",MIN(J20,P20),MIN(N20,P20)) -> 0 | R20: =IF(E20="א-ג",Q20/1125,Q20/$R$7) -> 0
D21: =IFERROR(VLOOKUP(C21,'נתוני רישום ומצבת'!B:G,6,0),"") | J21: =IFERROR(H21*I21,"") -> 0 | N21: =L21*M21 -> 0 | O21: =COUNTIF($G$16:$G$4001,G21) -> 0 | P21: =IF(C21>0,IF(AND(E21="א-ג",J21>0),MIN(I21,15)*MIN(H21,75),IF(AND(E21="ד-ו",N21>0),MIN(L21,59.57)*MIN(M21,75),0)),0) -> 0 | Q21: =IF(E21="א-ג",MIN(J21,P21),MIN(N21,P21)) -> 0 | R21: =IF(E21="א-ג",Q21/1125,Q21/$R$7) -> 0
D22: =IFERROR(VLOOKUP(C22,'נתוני רישום ומצבת'!B:G,6,0),"") | J22: =IFERROR(H22*I22,"") -> 0 | N22: =L22*M22 -> 0 | O22: =COUNTIF($G$16:$G$4001,G22) -> 0 | P22: =IF(C22>0,IF(AND(E22="א-ג",J22>0),MIN(I22,15)*MIN(H22,75),IF(AND(E22="ד-ו",N22>0),MIN(L22,59.57)*MIN(M22,75),0)),0) -> 0 | Q22: =IF(E22="א-ג",MIN(J22,P22),MIN(N22,P22)) -> 0 | R22: =IF(E22="א-ג",Q22/1125,Q22/$R$7) -> 0
D23: =IFERROR(VLOOKUP(C23,'נתוני רישום ומצבת'!B:G,6,0),"") | J23: =IFERROR(H23*I23,"") -> 0 | N23: =L23*M23 -> 0 | O23: =COUNTIF($G$16:$G$4001,G23) -> 0 | P23: =IF(C23>0,IF(AND(E23="א-ג",J23>0),MIN(I23,15)*MIN(H23,75),IF(AND(E23="ד-ו",N23>0),MIN(L23,59.57)*MIN(M23,75),0)),0) -> 0 | Q23: =IF(E23="א-ג",MIN(J23,P23),MIN(N23,P23)) -> 0 | R23: =IF(E23="א-ג",Q23/1125,Q23/$R$7) -> 0
D24: =IFERROR(VLOOKUP(C24,'נתוני רישום ומצבת'!B:G,6,0),"") | J24: =IFERROR(H24*I24,"") -> 0 | N24: =L24*M24 -> 0 | O24: =COUNTIF($G$16:$G$4001,G24) -> 0 | P24: =IF(C24>0,IF(AND(E24="א-ג",J24>0),MIN(I24,15)*MIN(H24,75),IF(AND(E24="ד-ו",N24>0),MIN(L24,59.57)*MIN(M24,75),0)),0) -> 0 | Q24: =IF(E24="א-ג",MIN(J24,P24),MIN(N24,P24)) -> 0 | R24: =IF(E24="א-ג",Q24/1125,Q24/$R$7) -> 0
D25: =IFERROR(VLOOKUP(C25,'נתוני רישום ומצבת'!B:G,6,0),"") | J25: =IFERROR(H25*I25,"") -> 0 | N25: =L25*M25 -> 0 | O25: =COUNTIF($G$16:$G$4001,G25) -> 0 | P25: =IF(C25>0,IF(AND(E25="א-ג",J25>0),MIN(I25,15)*MIN(H25,75),IF(AND(E25="ד-ו",N25>0),MIN(L25,59.57)*MIN(M25,75),0)),0) -> 0 | Q25: =IF(E25="א-ג",MIN(J25,P25),MIN(N25,P25)) -> 0 | R25: =IF(E25="א-ג",Q25/1125,Q25/$R$7) -> 0
D26: =IFERROR(VLOOKUP(C26,'נתוני רישום ומצבת'!B:G,6,0),"") | J26: =IFERROR(H26*I26,"") -> 0 | N26: =L26*M26 -> 0 | O26: =COUNTIF($G$16:$G$4001,G26) -> 0 | P26: =IF(C26>0,IF(AND(E26="א-ג",J26>0),MIN(I26,15)*MIN(H26,75),IF(AND(E26="ד-ו",N26>0),MIN(L26,59.57)*MIN(M26,75),0)),0) -> 0 | Q26: =IF(E26="א-ג",MIN(J26,P26),MIN(N26,P26)) -> 0 | R26: =IF(E26="א-ג",Q26/1125,Q26/$R$7) -> 0
D27: =IFERROR(VLOOKUP(C27,'נתוני רישום ומצבת'!B:G,6,0),"") | J27: =IFERROR(H27*I27,"") -> 0 | N27: =L27*M27 -> 0 | O27: =COUNTIF($G$16:$G$4001,G27) -> 0 | P27: =IF(C27>0,IF(AND(E27="א-ג",J27>0),MIN(I27,15)*MIN(H27,75),IF(AND(E27="ד-ו",N27>0),MIN(L27,59.57)*MIN(M27,75),0)),0) -> 0 | Q27: =IF(E27="א-ג",MIN(J27,P27),MIN(N27,P27)) -> 0 | R27: =IF(E27="א-ג",Q27/1125,Q27/$R$7) -> 0
D28: =IFERROR(VLOOKUP(C28,'נתוני רישום ומצבת'!B:G,6,0),"") | J28: =IFERROR(H28*I28,"") -> 0 | N28: =L28*M28 -> 0 | O28: =COUNTIF($G$16:$G$4001,G28) -> 0 | P28: =IF(C28>0,IF(AND(E28="א-ג",J28>0),MIN(I28,15)*MIN(H28,75),IF(AND(E28="ד-ו",N28>0),MIN(L28,59.57)*MIN(M28,75),0)),0) -> 0 | Q28: =IF(E28="א-ג",MIN(J28,P28),MIN(N28,P28)) -> 0 | R28: =IF(E28="א-ג",Q28/1125,Q28/$R$7) -> 0
... D57: =IFERROR(VLOOKUP(C57,'נתוני רישום ומצבת'!B:G,6,0),"") | J57: =IFERROR(H57*I57,"") -> 0 | N57: =L57*M57 -> 0 | O57: =COUNTIF($G$16:$G$4001,G57) -> 0 | P57: =IF(C57>0,IF(AND(E57="א-ג",J57>0),MIN(I57,15)*MIN(H57,75),IF(AND(E57="ד-ו",N57>0),MIN(L57,59.57)*MIN(M57,75),0)),0) -> 0 | Q57: =IF(E57="א-ג",MIN(J57,P57),MIN(N57,P57)) -> 0 | R57: =IF(E57="א-ג",Q57/1125,Q57/$R$7) -> 0
J58: =IFERROR(H58*I58,"") -> 0 | N58: =L58*M58 -> 0 | O58: =COUNTIF($G$16:$G$4001,G58) -> 0 | P58: =IF(C58>0,IF(AND(E58="א-ג",J58>0),MIN(I58,15)*MIN(H58,75),IF(AND(E58="ד-ו",N58>0),MIN(L58,59.57)*MIN(M58,75),0)),0) -> 0 | Q58: =IF(E58="א-ג",MIN(J58,P58),MIN(N58,P58)) -> 0 | R58: =IF(E58="א-ג",Q58/1125,Q58/$R$7) -> 0
J59: =IFERROR(H59*I59,"") -> 0 | N59: =L59*M59 -> 0 | O59: =COUNTIF($G$16:$G$4001,G59) -> 0 | P59: =IF(C59>0,IF(AND(E59="א-ג",J59>0),MIN(I59,15)*MIN(H59,75),IF(AND(E59="ד-ו",N59>0),MIN(L59,59.57)*MIN(M59,75),0)),0) -> 0 | Q59: =IF(E59="א-ג",MIN(J59,P59),MIN(N59,P59)) -> 0 | R59: =IF(E59="א-ג",Q59/1125,Q59/$R$7) -> 0
J60: =IFERROR(H60*I60,"") -> 0 | N60: =L60*M60 -> 0 | O60: =COUNTIF($G$16:$G$4001,G60) -> 0 | P60: =IF(C60>0,IF(AND(E60="א-ג",J60>0),MIN(I60,15)*MIN(H60,75),IF(AND(E60="ד-ו",N60>0),MIN(L60,59.57)*MIN(M60,75),0)),0) -> 0 | Q60: =IF(E60="א-ג",MIN(J60,P60),MIN(N60,P60)) -> 0 | R60: =IF(E60="א-ג",Q60/1125,Q60/$R$7) -> 0
J61: =IFERROR(H61*I61,"") -> 0 | N61: =L61*M61 -> 0 | O61: =COUNTIF($G$16:$G$4001,G61) -> 0 | P61: =IF(C61>0,IF(AND(E61="א-ג",J61>0),MIN(I61,15)*MIN(H61,75),IF(AND(E61="ד-ו",N61>0),MIN(L61,59.57)*MIN(M61,75),0)),0) -> 0 | Q61: =IF(E61="א-ג",MIN(J61,P61),MIN(N61,P61)) -> 0 | R61: =IF(E61="א-ג",Q61/1125,Q61/$R$7) -> 0
J62: =IFERROR(H62*I62,"") -> 0 | N62: =L62*M62 -> 0 | O62: =COUNTIF($G$16:$G$4001,G62) -> 0 | P62: =IF(C62>0,IF(AND(E62="א-ג",J62>0),MIN(I62,15)*MIN(H62,75),IF(AND(E62="ד-ו",N62>0),MIN(L62,59.57)*MIN(M62,75),0)),0) -> 0 | Q62: =IF(E62="א-ג",MIN(J62,P62),MIN(N62,P62)) -> 0 | R62: =IF(E62="א-ג",Q62/1125,Q62/$R$7) -> 0
J63: =IFERROR(H63*I63,"") -> 0 | N63: =L63*M63 -> 0 | O63: =COUNTIF($G$16:$G$4001,G63) -> 0 | P63: =IF(C63>0,IF(AND(E63="א-ג",J63>0),MIN(I63,15)*MIN(H63,75),IF(AND(E63="ד-ו",N63>0),MIN(L63,59.57)*MIN(M63,75),0)),0) -> 0 | Q63: =IF(E63="א-ג",MIN(J63,P63),MIN(N63,P63)) -> 0 | R63: =IF(E63="א-ג",Q63/1125,Q63/$R$7) -> 0
J64: =IFERROR(H64*I64,"") -> 0 | N64: =L64*M64 -> 0 | O64: =COUNTIF($G$16:$G$4001,G64) -> 0 | P64: =IF(C64>0,IF(AND(E64="א-ג",J64>0),MIN(I64,15)*MIN(H64,75),IF(AND(E64="ד-ו",N64>0),MIN(L64,59.57)*MIN(M64,75),0)),0) -> 0 | Q64: =IF(E64="א-ג",MIN(J64,P64),MIN(N64,P64)) -> 0 | R64: =IF(E64="א-ג",Q64/1125,Q64/$R$7) -> 0
J65: =IFERROR(H65*I65,"") -> 0 | N65: =L65*M65 -> 0 | O65: =COUNTIF($G$16:$G$4001,G65) -> 0 | P65: =IF(C65>0,IF(AND(E65="א-ג",J65>0),MIN(I65,15)*MIN(H65,75),IF(AND(E65="ד-ו",N65>0),MIN(L65,59.57)*MIN(M65,75),0)),0) -> 0 | Q65: =IF(E65="א-ג",MIN(J65,P65),MIN(N65,P65)) -> 0 | R65: =IF(E65="א-ג",Q65/1125,Q65/$R$7) -> 0
J66: =IFERROR(H66*I66,"") -> 0 | N66: =L66*M66 -> 0 | O66: =COUNTIF($G$16:$G$4001,G66) -> 0 | P66: =IF(C66>0,IF(AND(E66="א-ג",J66>0),MIN(I66,15)*MIN(H66,75),IF(AND(E66="ד-ו",N66>0),MIN(L66,59.57)*MIN(M66,75),0)),0) -> 0 | Q66: =IF(E66="א-ג",MIN(J66,P66),MIN(N66,P66)) -> 0 | R66: =IF(E66="א-ג",Q66/1125,Q66/$R$7) -> 0
J67: =IFERROR(H67*I67,"") -> 0 | N67: =L67*M67 -> 0 | O67: =COUNTIF($G$16:$G$4001,G67) -> 0 | P67: =IF(C67>0,IF(AND(E67="א-ג",J67>0),MIN(I67,15)*MIN(H67,75),IF(AND(E67="ד-ו",N67>0),MIN(L67,59.57)*MIN(M67,75),0)),0) -> 0 | Q67: =IF(E67="א-ג",MIN(J67,P67),MIN(N67,P67)) -> 0 | R67: =IF(E67="א-ג",Q67/1125,Q67/$R$7) -> 0
J68: =IFERROR(H68*I68,"") -> 0 | N68: =L68*M68 -> 0 | O68: =COUNTIF($G$16:$G$4001,G68) -> 0 | P68: =IF(C68>0,IF(AND(E68="א-ג",J68>0),MIN(I68,15)*MIN(H68,75),IF(AND(E68="ד-ו",N68>0),MIN(L68,59.57)*MIN(M68,75),0)),0) -> 0 | Q68: =IF(E68="א-ג",MIN(J68,P68),MIN(N68,P68)) -> 0 | R68: =IF(E68="א-ג",Q68/1125,Q68/$R$7) -> 0
J69: =IFERROR(H69*I69,"") -> 0 | N69: =L69*M69 -> 0 | O69: =COUNTIF($G$16:$G$4001,G69) -> 0 | P69: =IF(C69>0,IF(AND(E69="א-ג",J69>0),MIN(I69,15)*MIN(H69,75),IF(AND(E69="ד-ו",N69>0),MIN(L69,59.57)*MIN(M69,75),0)),0) -> 0 | Q69: =IF(E69="א-ג",MIN(J69,P69),MIN(N69,P69)) -> 0 | R69: =IF(E69="א-ג",Q69/1125,Q69/$R$7) -> 0
... J384: =IFERROR(H384*I384,"") -> 0 | N384: =L384*M384 -> 0 | O384: =COUNTIF($G$16:$G$4001,G384) -> 0 | P384: =IF(C384>0,IF(AND(E384="א-ג",J384>0),MIN(I384,15)*MIN(H384,75),IF(AND(E384="ד-ו",N384>0),MIN(L384,59.57)*MIN(M384,75),0)),0) -> 0 | Q384: =IF(E384="א-ג",MIN(J384,P384),MIN(N384,P384)) -> 0 | R384: =IF(E384="א-ג",Q384/1125,Q384/$R$7) -> 0

Sheet  איוש משרות (8)
A1: תוכן העניינים | E1: ='גנים ובתי ספר- מבנה תקציב'!$E$1 -> תכנית בתי הספר והגנים של החופש הגדול, קיץ תשפ"ו | N1: * | O1: * | P1: *
C3: שם הרשות המקומית | E3: ='נתונים כלליים (1)'!$C$5 -> 0
C4: סוג מוסד | E4: בתי ספר
C5: מספר אשכול למ"ס | E5: ='נתונים כלליים (1)'!$C$6 | K5: =IF(K6=""," ","שגיאות בגיליון:")
K6: =IF(SUM(N16:N515)>0,CONCATENATE("שימו לב! קיימים ",SUM(N16:N515)," מוסדות בהם לא הועסקו אנשי צוות כנדרש ולכן אין זכאות לתקציב עבור מוסדות אלו"),"")
E8: בקרת איוש משרות רכז וסגן רכז
B10: בהתאם לסעיף ג.2.ב. בקול קורא איוש רכז/ת וסגן/נית רכז/ת הינם תנאי סף לתקצוב התוכנית כולה
B11: הזכאות לתקציב עבור סגן רכז הינה לבתי ספר גדולים - עם מעל 149 ילדים.
B15: מס' סידורי | C15: סמל בית ספר | D15: שם בית הספר | E15: כמות תלמידים לחישוב תקציב | F15: זכאות לסגן/נית רכז/ת | G15: דיווח שכר רכז/ת | H15: דיווח שכר סגן/נית רכז/ת | I15: תקציב שכר רכז/ת | J15: תקציב שכר סגן/נית רכז/ת | K15: בקרת איוש משרות | L15: הערת הרשות | M15: בקרת סמלי מוסדות | N15: בקרה ג.2.ב | O15: עזר- רכזת | P15: עזר- סגנית
B16: 1 | C16: =IF(VLOOKUP(B16,'דוח ביצוע (3)'!$A$21:$B$520,2,0)="","",VLOOKUP(B16,'דוח ביצוע (3)'!$A$21:$B$520,2,0)) | D16: =IFERROR(VLOOKUP($C:$C,'מצבת והרשמה (2)'!$C$20:$N$520,2,0)," ") | E16: =IFERROR(VLOOKUP(C16,'דוח ביצוע (3)'!B:V,5,0)," ") | F16: =IF(C16<>"",IF(ISNUMBER(E16),IF(E16>149,"זכאי","לא זכאי"),""),"") | G16: =SUMIFS('עלויות כח אדם (6)'!M:M,'עלויות כח אדם (6)'!B:B,' איוש משרות (8)'!C16,'עלויות כח אדם (6)'!N:N,"רכ") -> 0 | H16: =IFERROR(VLOOKUP(P16,'עלויות כח אדם (6)'!$AE$16:$AF$3014,2,0),0) -> 0 | I16: =IF(G16>0,G16,H16) -> 0 | J16: =IF(AND(F16="זכאי",G16>0),H16,0) -> 0 | K16: =IF(ISNUMBER(C16),IF(I16=0,CONCATENATE("המוסד לא העסיק רכז ",IF(AND(F16="זכאי",J16=0),"וסגן רכז ",""),"ועל כן אין זכאות לקבלת תקציב"),"תקין"),"") | M16: =IF(ISNUMBER(C16),IF(COUNTIF($C$16:$C$1994,C16)=1,"תקין",IFERROR(CONCATENATE("סמל בית הספר הוקלד ",COUNTIF($C$16:$C$1994,C16)," פעמים"),"")),"") | N16: =IF(LEFT(K16,14)="המוסד לא העסיק",1,0) -> 0 | O16: =IF(C16<>"",C16&'סיווג התפקידים והעלויות'!$C$2,"") | P16: =IF(C16<>"",C16&'סיווג התפקידים והעלויות'!$D$2,"")
B17: 2 | C17: =IF(VLOOKUP(B17,'דוח ביצוע (3)'!$A$21:$B$520,2,0)="","",VLOOKUP(B17,'דוח ביצוע (3)'!$A$21:$B$520,2,0)) | D17: =IFERROR(VLOOKUP($C:$C,'מצבת והרשמה (2)'!$C$20:$N$520,2,0)," ") | E17: =IFERROR(VLOOKUP(C17,'דוח ביצוע (3)'!B:V,5,0)," ") | F17: =IF(C17<>"",IF(ISNUMBER(E17),IF(E17>149,"זכאי","לא זכאי"),""),"") | G17: =SUMIFS('עלויות כח אדם (6)'!M:M,'עלויות כח אדם (6)'!B:B,' איוש משרות (8)'!C17,'עלויות כח אדם (6)'!N:N,"רכ") -> 0 | H17: =IFERROR(VLOOKUP(P17,'עלויות כח אדם (6)'!$AE$16:$AF$3014,2,0),0) -> 0 | I17: =IF(G17>0,G17,H17) -> 0 | J17: =IF(AND(F17="זכאי",G17>0),H17,0) -> 0 | K17: =IF(ISNUMBER(C17),IF(I17=0,CONCATENATE("המוסד לא העסיק רכז ",IF(AND(F17="זכאי",J17=0),"וסגן רכז ",""),"ועל כן אין זכאות לקבלת תקציב"),"תקין"),"") | M17: =IF(ISNUMBER(C17),IF(COUNTIF($C$16:$C$1994,C17)=1,"תקין",IFERROR(CONCATENATE("סמל בית הספר הוקלד ",COUNTIF($C$16:$C$1994,C17)," פעמים"),"")),"") | N17: =IF(LEFT(K17,14)="המוסד לא העסיק",1,0) -> 0 | O17: =IF(C17<>"",C17&'סיווג התפקידים והעלויות'!$C$2,"") | P17: =IF(C17<>"",C17&'סיווג התפקידים והעלויות'!$D$2,"")
B18: 3 | C18: =IF(VLOOKUP(B18,'דוח ביצוע (3)'!$A$21:$B$520,2,0)="","",VLOOKUP(B18,'דוח ביצוע (3)'!$A$21:$B$520,2,0)) | D18: =IFERROR(VLOOKUP($C:$C,'מצבת והרשמה (2)'!$C$20:$N$520,2,0)," ") | E18: =IFERROR(VLOOKUP(C18,'דוח ביצוע (3)'!B:V,5,0)," ") | F18: =IF(C18<>"",IF(ISNUMBER(E18),IF(E18>149,"זכאי","לא זכאי"),""),"") | G18: =SUMIFS('עלויות כח אדם (6)'!M:M,'עלויות כח אדם (6)'!B:B,' איוש משרות (8)'!C18,'עלויות כח אדם (6)'!N:N,"רכ") -> 0 | H18: =IFERROR(VLOOKUP(P18,'עלויות כח אדם (6)'!$AE$16:$AF$3014,2,0),0) -> 0 | I18: =IF(G18>0,G18,H18) -> 0 | J18: =IF(AND(F18="זכאי",G18>0),H18,0) -> 0 | K18: =IF(ISNUMBER(C18),IF(I18=0,CONCATENATE("המוסד לא העסיק רכז ",IF(AND(F18="זכאי",J18=0),"וסגן רכז ",""),"ועל כן אין זכאות לקבלת תקציב"),"תקין"),"") | M18: =IF(ISNUMBER(C18),IF(COUNTIF($C$16:$C$1994,C18)=1,"תקין",IFERROR(CONCATENATE("סמל בית הספר הוקלד ",COUNTIF($C$16:$C$1994,C18)," פעמים"),"")),"") | N18: =IF(LEFT(K18,14)="המוסד לא העסיק",1,0) -> 0 | O18: =IF(C18<>"",C18&'סיווג התפקידים והעלויות'!$C$2,"") | P18: =IF(C18<>"",C18&'סיווג התפקידים והעלויות'!$D$2,"")
B19: 4 | C19: =IF(VLOOKUP(B19,'דוח ביצוע (3)'!$A$21:$B$520,2,0)="","",VLOOKUP(B19,'דוח ביצוע (3)'!$A$21:$B$520,2,0)) | D19: =IFERROR(VLOOKUP($C:$C,'מצבת והרשמה (2)'!$C$20:$N$520,2,0)," ") | E19: =IFERROR(VLOOKUP(C19,'דוח ביצוע (3)'!B:V,5,0)," ") | F19: =IF(C19<>"",IF(ISNUMBER(E19),IF(E19>149,"זכאי","לא זכאי"),""),"") | G19: =SUMIFS('עלויות כח אדם (6)'!M:M,'עלויות כח אדם (6)'!B:B,' איוש משרות (8)'!C19,'עלויות כח אדם (6)'!N:N,"רכ") -> 0 | H19: =IFERROR(VLOOKUP(P19,'עלויות כח אדם (6)'!$AE$16:$AF$3014,2,0),0) -> 0 | I19: =IF(G19>0,G19,H19) -> 0 | J19: =IF(AND(F19="זכאי",G19>0),H19,0) -> 0 | K19: =IF(ISNUMBER(C19),IF(I19=0,CONCATENATE("המוסד לא העסיק רכז ",IF(AND(F19="זכאי",J19=0),"וסגן רכז ",""),"ועל כן אין זכאות לקבלת תקציב"),"תקין"),"") | M19: =IF(ISNUMBER(C19),IF(COUNTIF($C$16:$C$1994,C19)=1,"תקין",IFERROR(CONCATENATE("סמל בית הספר הוקלד ",COUNTIF($C$16:$C$1994,C19)," פעמים"),"")),"") | N19: =IF(LEFT(K19,14)="המוסד לא העסיק",1,0) -> 0 | O19: =IF(C19<>"",C19&'סיווג התפקידים והעלויות'!$C$2,"") | P19: =IF(C19<>"",C19&'סיווג התפקידים והעלויות'!$D$2,"")
B20: 5 | C20: =IF(VLOOKUP(B20,'דוח ביצוע (3)'!$A$21:$B$520,2,0)="","",VLOOKUP(B20,'דוח ביצוע (3)'!$A$21:$B$520,2,0)) | D20: =IFERROR(VLOOKUP($C:$C,'מצבת והרשמה (2)'!$C$20:$N$520,2,0)," ") | E20: =IFERROR(VLOOKUP(C20,'דוח ביצוע (3)'!B:V,5,0)," ") | F20: =IF(C20<>"",IF(ISNUMBER(E20),IF(E20>149,"זכאי","לא זכאי"),""),"") | G20: =SUMIFS('עלויות כח אדם (6)'!M:M,'עלויות כח אדם (6)'!B:B,' איוש משרות (8)'!C20,'עלויות כח אדם (6)'!N:N,"רכ") -> 0 | H20: =IFERROR(VLOOKUP(P20,'עלויות כח אדם (6)'!$AE$16:$AF$3014,2,0),0) -> 0 | I20: =IF(G20>0,G20,H20) -> 0 | J20: =IF(AND(F20="זכאי",G20>0),H20,0) -> 0 | K20: =IF(ISNUMBER(C20),IF(I20=0,CONCATENATE("המוסד לא העסיק רכז ",IF(AND(F20="זכאי",J20=0),"וסגן רכז ",""),"ועל כן אין זכאות לקבלת תקציב"),"תקין"),"") | M20: =IF(ISNUMBER(C20),IF(COUNTIF($C$16:$C$1994,C20)=1,"תקין",IFERROR(CONCATENATE("סמל בית הספר הוקלד ",COUNTIF($C$16:$C$1994,C20)," פעמים"),"")),"") | N20: =IF(LEFT(K20,14)="המוסד לא העסיק",1,0) -> 0 | O20: =IF(C20<>"",C20&'סיווג התפקידים והעלויות'!$C$2,"") | P20: =IF(C20<>"",C20&'סיווג התפקידים והעלויות'!$D$2,"")
B21: 6 | C21: =IF(VLOOKUP(B21,'דוח ביצוע (3)'!$A$21:$B$520,2,0)="","",VLOOKUP(B21,'דוח ביצוע (3)'!$A$21:$B$520,2,0)) | D21: =IFERROR(VLOOKUP($C:$C,'מצבת והרשמה (2)'!$C$20:$N$520,2,0)," ") | E21: =IFERROR(VLOOKUP(C21,'דוח ביצוע (3)'!B:V,5,0)," ") | F21: =IF(C21<>"",IF(ISNUMBER(E21),IF(E21>149,"זכאי","לא זכאי"),""),"") | G21: =SUMIFS('עלויות כח אדם (6)'!M:M,'עלויות כח אדם (6)'!B:B,' איוש משרות (8)'!C21,'עלויות כח אדם (6)'!N:N,"רכ") -> 0 | H21: =IFERROR(VLOOKUP(P21,'עלויות כח אדם (6)'!$AE$16:$AF$3014,2,0),0) -> 0 | I21: =IF(G21>0,G21,H21) -> 0 | J21: =IF(AND(F21="זכאי",G21>0),H21,0) -> 0 | K21: =IF(ISNUMBER(C21),IF(I21=0,CONCATENATE("המוסד לא העסיק רכז ",IF(AND(F21="זכאי",J21=0),"וסגן רכז ",""),"ועל כן אין זכאות לקבלת תקציב"),"תקין"),"") | M21: =IF(ISNUMBER(C21),IF(COUNTIF($C$16:$C$1994,C21)=1,"תקין",IFERROR(CONCATENATE("סמל בית הספר הוקלד ",COUNTIF($C$16:$C$1994,C21)," פעמים"),"")),"") | N21: =IF(LEFT(K21,14)="המוסד לא העסיק",1,0) -> 0 | O21: =IF(C21<>"",C21&'סיווג התפקידים והעלויות'!$C$2,"") | P21: =IF(C21<>"",C21&'סיווג התפקידים והעלויות'!$D$2,"")
B22: 7 | C22: =IF(VLOOKUP(B22,'דוח ביצוע (3)'!$A$21:$B$520,2,0)="","",VLOOKUP(B22,'דוח ביצוע (3)'!$A$21:$B$520,2,0)) | D22: =IFERROR(VLOOKUP($C:$C,'מצבת והרשמה (2)'!$C$20:$N$520,2,0)," ") | E22: =IFERROR(VLOOKUP(C22,'דוח ביצוע (3)'!B:V,5,0)," ") | F22: =IF(C22<>"",IF(ISNUMBER(E22),IF(E22>149,"זכאי","לא זכאי"),""),"") | G22: =SUMIFS('עלויות כח אדם (6)'!M:M,'עלויות כח אדם (6)'!B:B,' איוש משרות (8)'!C22,'עלויות כח אדם (6)'!N:N,"רכ") -> 0 | H22: =IFERROR(VLOOKUP(P22,'עלויות כח אדם (6)'!$AE$16:$AF$3014,2,0),0) -> 0 | I22: =IF(G22>0,G22,H22) -> 0 | J22: =IF(AND(F22="זכאי",G22>0),H22,0) -> 0 | K22: =IF(ISNUMBER(C22),IF(I22=0,CONCATENATE("המוסד לא העסיק רכז ",IF(AND(F22="זכאי",J22=0),"וסגן רכז ",""),"ועל כן אין זכאות לקבלת תקציב"),"תקין"),"") | M22: =IF(ISNUMBER(C22),IF(COUNTIF($C$16:$C$1994,C22)=1,"תקין",IFERROR(CONCATENATE("סמל בית הספר הוקלד ",COUNTIF($C$16:$C$1994,C22)," פעמים"),"")),"") | N22: =IF(LEFT(K22,14)="המוסד לא העסיק",1,0) -> 0 | O22: =IF(C22<>"",C22&'סיווג התפקידים והעלויות'!$C$2,"") | P22: =IF(C22<>"",C22&'סיווג התפקידים והעלויות'!$D$2,"")
B23: 8 | C23: =IF(VLOOKUP(B23,'דוח ביצוע (3)'!$A$21:$B$520,2,0)="","",VLOOKUP(B23,'דוח ביצוע (3)'!$A$21:$B$520,2,0)) | D23: =IFERROR(VLOOKUP($C:$C,'מצבת והרשמה (2)'!$C$20:$N$520,2,0)," ") | E23: =IFERROR(VLOOKUP(C23,'דוח ביצוע (3)'!B:V,5,0)," ") | F23: =IF(C23<>"",IF(ISNUMBER(E23),IF(E23>149,"זכאי","לא זכאי"),""),"") | G23: =SUMIFS('עלויות כח אדם (6)'!M:M,'עלויות כח אדם (6)'!B:B,' איוש משרות (8)'!C23,'עלויות כח אדם (6)'!N:N,"רכ") -> 0 | H23: =IFERROR(VLOOKUP(P23,'עלויות כח אדם (6)'!$AE$16:$AF$3014,2,0),0) -> 0 | I23: =IF(G23>0,G23,H23) -> 0 | J23: =IF(AND(F23="זכאי",G23>0),H23,0) -> 0 | K23: =IF(ISNUMBER(C23),IF(I23=0,CONCATENATE("המוסד לא העסיק רכז ",IF(AND(F23="זכאי",J23=0),"וסגן רכז ",""),"ועל כן אין זכאות לקבלת תקציב"),"תקין"),"") | M23: =IF(ISNUMBER(C23),IF(COUNTIF($C$16:$C$1994,C23)=1,"תקין",IFERROR(CONCATENATE("סמל בית הספר הוקלד ",COUNTIF($C$16:$C$1994,C23)," פעמים"),"")),"") | N23: =IF(LEFT(K23,14)="המוסד לא העסיק",1,0) -> 0 | O23: =IF(C23<>"",C23&'סיווג התפקידים והעלויות'!$C$2,"") | P23: =IF(C23<>"",C23&'סיווג התפקידים והעלויות'!$D$2,"")
B24: 9 | C24: =IF(VLOOKUP(B24,'דוח ביצוע (3)'!$A$21:$B$520,2,0)="","",VLOOKUP(B24,'דוח ביצוע (3)'!$A$21:$B$520,2,0)) | D24: =IFERROR(VLOOKUP($C:$C,'מצבת והרשמה (2)'!$C$20:$N$520,2,0)," ") | E24: =IFERROR(VLOOKUP(C24,'דוח ביצוע (3)'!B:V,5,0)," ") | F24: =IF(C24<>"",IF(ISNUMBER(E24),IF(E24>149,"זכאי","לא זכאי"),""),"") | G24: =SUMIFS('עלויות כח אדם (6)'!M:M,'עלויות כח אדם (6)'!B:B,' איוש משרות (8)'!C24,'עלויות כח אדם (6)'!N:N,"רכ") -> 0 | H24: =IFERROR(VLOOKUP(P24,'עלויות כח אדם (6)'!$AE$16:$AF$3014,2,0),0) -> 0 | I24: =IF(G24>0,G24,H24) -> 0 | J24: =IF(AND(F24="זכאי",G24>0),H24,0) -> 0 | K24: =IF(ISNUMBER(C24),IF(I24=0,CONCATENATE("המוסד לא העסיק רכז ",IF(AND(F24="זכאי",J24=0),"וסגן רכז ",""),"ועל כן אין זכאות לקבלת תקציב"),"תקין"),"") | M24: =IF(ISNUMBER(C24),IF(COUNTIF($C$16:$C$1994,C24)=1,"תקין",IFERROR(CONCATENATE("סמל בית הספר הוקלד ",COUNTIF($C$16:$C$1994,C24)," פעמים"),"")),"") | N24: =IF(LEFT(K24,14)="המוסד לא העסיק",1,0) -> 0 | O24: =IF(C24<>"",C24&'סיווג התפקידים והעלויות'!$C$2,"") | P24: =IF(C24<>"",C24&'סיווג התפקידים והעלויות'!$D$2,"")
B25: 10 | C25: =IF(VLOOKUP(B25,'דוח ביצוע (3)'!$A$21:$B$520,2,0)="","",VLOOKUP(B25,'דוח ביצוע (3)'!$A$21:$B$520,2,0)) | D25: =IFERROR(VLOOKUP($C:$C,'מצבת והרשמה (2)'!$C$20:$N$520,2,0)," ") | E25: =IFERROR(VLOOKUP(C25,'דוח ביצוע (3)'!B:V,5,0)," ") | F25: =IF(C25<>"",IF(ISNUMBER(E25),IF(E25>149,"זכאי","לא זכאי"),""),"") | G25: =SUMIFS('עלויות כח אדם (6)'!M:M,'עלויות כח אדם (6)'!B:B,' איוש משרות (8)'!C25,'עלויות כח אדם (6)'!N:N,"רכ") -> 0 | H25: =IFERROR(VLOOKUP(P25,'עלויות כח אדם (6)'!$AE$16:$AF$3014,2,0),0) -> 0 | I25: =IF(G25>0,G25,H25) -> 0 | J25: =IF(AND(F25="זכאי",G25>0),H25,0) -> 0 | K25: =IF(ISNUMBER(C25),IF(I25=0,CONCATENATE("המוסד לא העסיק רכז ",IF(AND(F25="זכאי",J25=0),"וסגן רכז ",""),"ועל כן אין זכאות לקבלת תקציב"),"תקין"),"") | M25: =IF(ISNUMBER(C25),IF(COUNTIF($C$16:$C$1994,C25)=1,"תקין",IFERROR(CONCATENATE("סמל בית הספר הוקלד ",COUNTIF($C$16:$C$1994,C25)," פעמים"),"")),"") | N25: =IF(LEFT(K25,14)="המוסד לא העסיק",1,0) -> 0 | O25: =IF(C25<>"",C25&'סיווג התפקידים והעלויות'!$C$2,"") | P25: =IF(C25<>"",C25&'סיווג התפקידים והעלויות'!$D$2,"")
B26: 11 | C26: =IF(VLOOKUP(B26,'דוח ביצוע (3)'!$A$21:$B$520,2,0)="","",VLOOKUP(B26,'דוח ביצוע (3)'!$A$21:$B$520,2,0)) | D26: =IFERROR(VLOOKUP($C:$C,'מצבת והרשמה (2)'!$C$20:$N$520,2,0)," ") | E26: =IFERROR(VLOOKUP(C26,'דוח ביצוע (3)'!B:V,5,0)," ") | F26: =IF(C26<>"",IF(ISNUMBER(E26),IF(E26>149,"זכאי","לא זכאי"),""),"") | G26: =SUMIFS('עלויות כח אדם (6)'!M:M,'עלויות כח אדם (6)'!B:B,' איוש משרות (8)'!C26,'עלויות כח אדם (6)'!N:N,"רכ") -> 0 | H26: =IFERROR(VLOOKUP(P26,'עלויות כח אדם (6)'!$AE$16:$AF$3014,2,0),0) -> 0 | I26: =IF(G26>0,G26,H26) -> 0 | J26: =IF(AND(F26="זכאי",G26>0),H26,0) -> 0 | K26: =IF(ISNUMBER(C26),IF(I26=0,CONCATENATE("המוסד לא העסיק רכז ",IF(AND(F26="זכאי",J26=0),"וסגן רכז ",""),"ועל כן אין זכאות לקבלת תקציב"),"תקין"),"") | M26: =IF(ISNUMBER(C26),IF(COUNTIF($C$16:$C$1994,C26)=1,"תקין",IFERROR(CONCATENATE("סמל בית הספר הוקלד ",COUNTIF($C$16:$C$1994,C26)," פעמים"),"")),"") | N26: =IF(LEFT(K26,14)="המוסד לא העסיק",1,0) -> 0 | O26: =IF(C26<>"",C26&'סיווג התפקידים והעלויות'!$C$2,"") | P26: =IF(C26<>"",C26&'סיווג התפקידים והעלויות'!$D$2,"")
B27: 12 | C27: =IF(VLOOKUP(B27,'דוח ביצוע (3)'!$A$21:$B$520,2,0)="","",VLOOKUP(B27,'דוח ביצוע (3)'!$A$21:$B$520,2,0)) | D27: =IFERROR(VLOOKUP($C:$C,'מצבת והרשמה (2)'!$C$20:$N$520,2,0)," ") | E27: =IFERROR(VLOOKUP(C27,'דוח ביצוע (3)'!B:V,5,0)," ") | F27: =IF(C27<>"",IF(ISNUMBER(E27),IF(E27>149,"זכאי","לא זכאי"),""),"") | G27: =SUMIFS('עלויות כח אדם (6)'!M:M,'עלויות כח אדם (6)'!B:B,' איוש משרות (8)'!C27,'עלויות כח אדם (6)'!N:N,"רכ") -> 0 | H27: =IFERROR(VLOOKUP(P27,'עלויות כח אדם (6)'!$AE$16:$AF$3014,2,0),0) -> 0 | I27: =IF(G27>0,G27,H27) -> 0 | J27: =IF(AND(F27="זכאי",G27>0),H27,0) -> 0 | K27: =IF(ISNUMBER(C27),IF(I27=0,CONCATENATE("המוסד לא העסיק רכז ",IF(AND(F27="זכאי",J27=0),"וסגן רכז ",""),"ועל כן אין זכאות לקבלת תקציב"),"תקין"),"") | M27: =IF(ISNUMBER(C27),IF(COUNTIF($C$16:$C$1994,C27)=1,"תקין",IFERROR(CONCATENATE("סמל בית הספר הוקלד ",COUNTIF($C$16:$C$1994,C27)," פעמים"),"")),"") | N27: =IF(LEFT(K27,14)="המוסד לא העסיק",1,0) -> 0 | O27: =IF(C27<>"",C27&'סיווג התפקידים והעלויות'!$C$2,"") | P27: =IF(C27<>"",C27&'סיווג התפקידים והעלויות'!$D$2,"")
... B515: 500 | C515: =IF(VLOOKUP(B515,'דוח ביצוע (3)'!$A$21:$B$520,2,0)="","",VLOOKUP(B515,'דוח ביצוע (3)'!$A$21:$B$520,2,0)) | D515: =IFERROR(VLOOKUP($C:$C,'מצבת והרשמה (2)'!$C$20:$N$520,2,0)," ") | E515: =IFERROR(VLOOKUP(C515,'דוח ביצוע (3)'!B:V,5,0)," ") | F515: =IF(C515<>"",IF(ISNUMBER(E515),IF(E515>149,"זכאי","לא זכאי"),""),"") | G515: =SUMIFS('עלויות כח אדם (6)'!M:M,'עלויות כח אדם (6)'!B:B,' איוש משרות (8)'!C515,'עלויות כח אדם (6)'!N:N,"רכ") -> 0 | H515: =IFERROR(VLOOKUP(P515,'עלויות כח אדם (6)'!$AE$16:$AF$3014,2,0),0) -> 0 | I515: =IF(G515>0,G515,H515) -> 0 | J515: =IF(AND(F515="זכאי",G515>0),H515,0) -> 0 | K515: =IF(ISNUMBER(C515),IF(I515=0,CONCATENATE("המוסד לא העסיק רכז ",IF(AND(F515="זכאי",J515=0),"וסגן רכז ",""),"ועל כן אין זכאות לקבלת תקציב"),"תקין"),"") | M515: =IF(ISNUMBER(C515),IF(COUNTIF($C$16:$C$1994,C515)=1,"תקין",IFERROR(CONCATENATE("סמל בית הספר הוקלד ",COUNTIF($C$16:$C$1994,C515)," פעמים"),"")),"") | N515: =IF(LEFT(K515,14)="המוסד לא העסיק",1,0) -> 0 | O515: =IF(C515<>"",C515&'סיווג התפקידים והעלויות'!$C$2,"") | P515: =IF(C515<>"",C515&'סיווג התפקידים והעלויות'!$D$2,"")

Sheet בית ספר - תקצוב לפי מוסד (9)
A1: * | B1: * | C1: תוכן העניינים | H1: ='גנים ובתי ספר- מבנה תקציב'!$E$1 -> תכנית בתי הספר והגנים של החופש הגדול, קיץ תשפ"ו | M1: * | N1: * | O1: * | P1: * | Q1: * | R1: * | S1: * | T1: * | U1: * | V1: * | W1: * | X1: * | Y1: * | AB1: * | AC1: * | AD1: * | AO1: * | AP1: * | AQ1: * | AR1: * | AS1: * | AT1: * | AU1: * | AV1: * | AW1: * | AX1: * | AY1: * | AZ1: * | BA1: * | BB1: * | BC1: * | BD1: * | BE1: * | BH1: * | BI1: * | BJ1: * | BK1: * | BL1: * | BM1: * | BN1: * | BO1: * | BP1: * | BQ1: * | BR1: * | BS1: * | BT1: * | BU1: * | BV1: * | BW1: * | BX1: * | BY1: * | BZ1: * | CA1: * | CB1: * | CC1: * | CD1: * | CE1: * | CF1: * | CG1: * | CH1: * | CI1: * | CJ1: *
A2: =IFERROR(VLOOKUP($G$5,'רשימת רשויות'!A:C,3,0),0) -> 0 | P2: סה"כ לפני בקרה | Q2: =SUMIFS(U:U,S:S,$S$45) -> 0
A3: =IFERROR(VLOOKUP($G$5,'רשימת רשויות'!A:C,3,0),0) -> 0 | F3: גליון תקצוב לפי מוסד | P3: סה"כ לאחר בקרה | Q3: =SUMIFS(I:I,F:F,$F$45) -> 0 | AC3: אופן הטיפול בערעורים: | AG3: נתוני עזר
A4: =IFERROR(VLOOKUP($G$5,'רשימת רשויות'!A:C,3,0),0) -> 0 | P4: הפרש לקיזוז | Q4: =Q3-Q2 -> 0 | AC4: 1. יש לערוך את השינוי הנדרש ולצבוע אותו בצהוב. 2. יש להעתיק את עמודה V ולהדביק ערכים בעמודה U. יש להחליף ערכים בעמודה U "לאחר" = "לפני". 3. בעמודה AD ניתן לראות את ההשפעה הכספית של הערעור. | AH4: 0.065411298 | AI4: 0.51337958 | AJ4: 0.25602907 | AK4: 0.16518005
A5: =IFERROR(VLOOKUP($G$5,'רשימת רשויות'!A:C,3,0),0) -> 0 | F5: שם הרשות המקומית | G5: ='נתונים כלליים (1)'!$C$5 -> 0 | P5: בדיקה | Q5: =IF(OR((X16+Q4)<1,(X16+Q4)>-1),"תקין","לא תקין") -> תקין | AG5: תקציב לילד | AH5: סל ניהול | AI5: סל הדרכה | AJ5: סל העשרה | AK5: סל גמיש | AL5: סה"כ
A6: =IFERROR(VLOOKUP($G$5,'רשימת רשויות'!A:C,3,0),0) -> 0 | F6: מספר אשכול למ"ס | G6: ='נתונים כלליים (1)'!$C$6 | P6: השפעת ערעור | Q6: =SUMIFS(AI:AI,I:I,$F$45) -> 0 | AG6: בתי"ס רגיל | AH6: ='גנים ובתי ספר- מבנה תקציב'!$E$45 -> 42.428571 | AI6: ='גנים ובתי ספר- מבנה תקציב'!$F$45 -> 333 | AJ6: ='גנים ובתי ספר- מבנה תקציב'!$G$45 -> 166.07143 | AK6: ='גנים ובתי ספר- מבנה תקציב'!$H$45 -> 107.14286 | AL6: =SUM(AH6:AK6) -> 648.64286
A7: =IFERROR(VLOOKUP($G$5,'רשימת רשויות'!A:C,3,0),0) -> 0 | F7: תעריף לילד חלק ההורים - ש"ח | G7: ='נתונים כלליים (1)'!$C$7 -> 0 | AG7: בתי"ס חנ"מ | AH7: ='גנים ובתי ספר- מבנה תקציב'!$E$50 -> 121.49181 | AI7: ='גנים ובתי ספר- מבנה תקציב'!$F$50 -> 1165.4215 | AJ7: ='גנים ובתי ספר- מבנה תקציב'!$G$50 -> 455.5943 | AK7: ='גנים ובתי ספר- מבנה תקציב'!$H$50 -> 112.49242 | AL7: =SUM(AH7:AK7) -> 1855
A8: =IFERROR(VLOOKUP($G$5,'רשימת רשויות'!A:C,3,0),0) -> 0 | AH8: 0.065494239 | AI8: 0.62825955 | AJ8: 0.2456034 | AK8: 0.060642814 | BP8: עלויות שדווחו | BU8: עלויות ביצוע בגיליון תקציב | BZ8: הפרשים | CF8: בקרת תשלום מתוך דיווח תלמידים
A9: =IFERROR(VLOOKUP($G$5,'רשימת רשויות'!A:C,3,0),0) -> 0 | AG9: תקציב למוסד | AH9: סל ניהול | AI9: סל שכר ריכוז | AJ9: סה"כ ליום | AK9: סה"כ ל-15 ימים | AO9: שורת סיכום | AP9: שם הרשות | AQ9: סמל מוטב | AR9: מספר אשכול | AS9: בתי ספר תלמידים ח.ר | AT9: בתי ספר תלמידים ח.מ | AU9: בתי ספר רגילים | AV9: בתי ספר גדולים | AW9: גנים מספר תלמידים | AX9: גנים -רכזות גנים | AY9: סה"כ תקצוב | AZ9: הפחתה אי ניצול תקציב | BA9: הפחתה חריגה | BB9: סהכ ביצוע | BC9: סכום מירבי כולל גמישות (סה"כ לתשלום) | BD9: תקצוב רכז רשותי | BE9: הסכום מירבי המוכר | BF9: מס' יחידות לתשלום סייעות רפואיות-א-ג | BG9: מס' יחידות לתשלום סייעות רפואיות-ד-ו | BH9: סה"כ תקורה | BI9: תוספת גמישות | BJ9: כמות ימים רגיל | BK9: כמות ימים גדול | BL9: כמות מוסדות מדווחים | BM9: כמות מוסדות שדווחו הוצאות | BN9: כמות מוסדות משולמים | BO9: בקרת כמות מוסדות | BP9: העשרה דיווח | BQ9: ארוחת בוקר דיווח | BR9: מלגות להורים דיווח | BS9: ניהול ותפעול דיווח | BT9: עלות שכר דיווח | BU9: העשרה - ביצוע בתקציב | BV9: ארוחת בוקר - ביצוע בתקציב | BW9: מלגות להורים - ביצוע בתקציב | BX9: ניהול ותפעול - ביצוע בתקציב | BY9: עלות שכר - ביצוע בתקציב | BZ9: העשרה - הפרש | CA9: ארוחת בוקר - הפרש | CB9: מלגות להורים - הפרש | CC9: ניהול ותפעול - הפרש | CD9: עלות שכר - הפרש | CE9: תקינות הוצאות - דיווח מול ביצוע בתקציב | CF9: כמות תלמידים שדווחו ח.ר | CG9: כמות תלמידים שדווחו ח.מ | CH9: אחוז תלמידים משולמים מתוך דיווח | CI9: סה"כ תקציב נורמטיבי לפני הורים | CJ9: סה"כ תקציב נטו
A10: =IFERROR(VLOOKUP($G$5,'רשימת רשויות'!A:C,3,0),0) -> 0 | F10: סה"כ לתשלום עבור הרשות - | G10: =SUMIF(F:F,$F$45,I:I) -> 0 | AG10: בתי"ס רגילים | AH10: ='גנים ובתי ספר- מבנה תקציב'!$F$59 -> 55.1152 | AI10: ='גנים ובתי ספר- מבנה תקציב'!$D$59 -> 787.36 | AJ10: =SUM(AH10:AI10) -> 842.4752 | AK10: =AJ10*15 -> 12637.128 | AP10: =G5 -> 0 | AQ10: =A16 -> 0 | AR10: =G6 | AS10: =SUMIF(F:F,F20,G:G) -> 0 | AT10: =SUMIF(F:F,"ילדים זכאים ח.מיוחד לאחר הפחתה ובקרה",G:G) -> 0 | AU10: =COUNTIF(G:G,"קטן") -> 0 | AV10: =COUNTIF(G:G,"גדול") -> 0 | AY10: =SUMIF(F:F,$F$42,H:H) -> 0 | AZ10: =SUMIF(P:P,$P$44,Q:Q) -> 0 | BA10: =SUMIF(P:P,$P$45,Q:Q) -> 0 | BB10: =SUMIF(F:F,$F$42,G:G) -> 0 | BC10: =SUMIF(F:F,$F$45,I:I) -> 0 | BD10: =SUMIF(F:F,$F$32,R:R) -> 0 | BE10: =SUMIF(F:F,$F$40,J:J) -> 0 | BF10: =SUMIF('סייעות רפואיות או אישיות (7)'!E17:E385,"א-ג",'סייעות רפואיות או אישיות (7)'!R17:R385) -> 0 | BG10: =SUMIF('סייעות רפואיות או אישיות (7)'!E17:E385,"ד-ו",'סייעות רפואיות או אישיות (7)'!R17:R385) -> 0 | BH10: =SUMIF(F:F,$F$39,H:H) -> 0 | BI10: =SUMIF(I:I,$I$43,J:J) -> 0 | BJ10: =SUMIFS('דוח ביצוע (3)'!M21:M520,'דוח ביצוע (3)'!F21:F520,"<150") -> 0 | BK10: =SUMIFS('דוח ביצוע (3)'!M21:M520,'דוח ביצוע (3)'!F21:F520,">149") -> 0 | BL10: ='דוח ביצוע (3)'!C13 -> 0 | BM10: ='דוח הוצאות בפועל (4)'!C9 -> 0 | BN10: =AU10+AV10 -> 0 | BO10: =IF(AND(BN10=BM10,BM10=BL10),"תקין","לא תקין") -> תקין | BP10: ='דוח הוצאות בפועל (4)'!D9 -> 0 | BQ10: ='דוח הוצאות בפועל (4)'!E9 -> 0 | BR10: ='דוח הוצאות בפועל (4)'!F9 -> 0 | BS10: ='דוח הוצאות בפועל (4)'!G9 -> 0 | BT10: =SUM('עלויות כח אדם (6)'!M:M) -> 0 | BU10: =SUMIF(F:F,$F$34,G:G) -> 0 | BV10: =SUMIF(F:F,$F$35,G:G) -> 0 | BW10: =SUMIF(F:F,$F$36,G:G) -> 0 | BX10: =SUMIF(F:F,$F$38,G:G) -> 0 | BY10: =SUMIF(F:F,$F$31,G:G)+SUMIF(F:F,$F$32,G:G)+SUMIF(F:F,$F$33,G:G) -> 0 | BZ10: =BU10-BP10 -> 0 | CA10: =BV10-BQ10 -> 0 | CB10: =BW10-BR10 -> 0 | CC10: =BX10-BS10 -> 0 | CD10: =BY10-BT10+'עלויות כח אדם (6)'!$M$15 -> 0 | CE10: =IF(OR(SUM(BZ10:CD10)>1,SUM(BZ10:CD10)<-1),"לא תקין","תקין") -> תקין | CF10: ='דוח ביצוע (3)'!G13 -> 0 | CG10: ='דוח ביצוע (3)'!H13 -> 0 | CH10: =IFERROR((AS10+AT10)/(CF10+CG10),"") | CI10: =SUMIF(F:F,$F$40,H:H) -> 0 | CJ10: =SUMIF(F:F,$F$42,H:H) -> 0
A11: =IFERROR(VLOOKUP($G$5,'רשימת רשויות'!A:C,3,0),0) -> 0 | F11: סה"כ לתשלום בגין סייעות רפואיות/אישיות | G11: =SUMIF(F:F,$F$46,I:I) -> 0 | AG11: בתי"ס גדולים | AH11: ='גנים ובתי ספר- מבנה תקציב'!$F$67 -> 100.0776 | AI11: ='גנים ובתי ספר- מבנה תקציב'!$E$67+'גנים ובתי ספר- מבנה תקציב'!$D$67 -> 1429.68 | AJ11: =SUM(AH11:AI11) -> 1529.7576 | AK11: =AJ11*15 -> 22946.364
A12: =IFERROR(VLOOKUP($G$5,'רשימת רשויות'!A:C,3,0),0) -> 0 | F12: תשלום בגין רכז רשותי | G12: =MIN('עלויות כח אדם (6)'!M15,20000) -> 0
A13: =IFERROR(VLOOKUP($G$5,'רשימת רשויות'!A:C,3,0),0) -> 0 | S13: עמודות בדיקה לחישוב קיזוז בגין ליקויים או חוסרים - מחושב באופן אוטומטי
A14: =IFERROR(VLOOKUP($G$5,'רשימת רשויות'!A:C,3,0),0) -> 0 | F14: לתשומת לביכם, התקציב המחושב הינו על פי דיווח הרשות, התקציב שיתקבל יתבסס בנוסף על ממוצע בקרות שטח שבוצעו למוסדות ובדיקת דוח הביצוע
A15: =IFERROR(VLOOKUP($G$5,'רשימת רשויות'!A:C,3,0),0) -> 0 | S15: סל | T15: סמל מוסד | U15: לפני שינוי | V15: לאחר שינוי | W15: הפרש | X15: השפעה כספית | Y15: סכום להורדה | AC15: לפני ערעור
A16: =IFERROR(VLOOKUP($G$5,'רשימת רשויות'!A:C,3,0),0) -> 0 | B16: =IF(F17="סמל המוסד",G17,B15) -> 0 | D16: מס' סידורי | T16: סה"כ | U16: =SUMIFS(U:U,S:S,$S$45) -> 0 | V16: =SUMIFS(V:V,S:S,$S$45) -> 0 | W16: =U16-V16 -> 0 | X16: =SUMIFS(W:W,S:S,$S$45) -> 0 | AC16: 0
A17: =IFERROR(VLOOKUP($G$5,'רשימת רשויות'!A:C,3,0),0) -> 0 | B17: =IF(F18="סמל המוסד",G18,B16) -> 0 | D17: 1 | E17: =IFERROR(CONCATENATE("בית הספר ",VLOOKUP(G17,'מצבת והרשמה (2)'!$C$21:$D$520,2,0)," - ",$G$5),"") -> בית הספר המוסד לא קיים - 0 | F17: סמל המוסד | G17: =IFERROR(VLOOKUP(D:D,'דוח ביצוע (3)'!$A$21:$C$900,2,0),0) -> 0 | I17: תקצוב לבית הספר ע"פ סלים
A18: =IFERROR(VLOOKUP($G$5,'רשימת רשויות'!A:C,3,0),0) -> 0 | B18: =IF(F19="סמל המוסד",G19,B17) -> 0 | F18: גודל בית הספר | G18: =IFERROR(IF((G20+G21)=0,"",IF(VLOOKUP(G17,'דוח ביצוע (3)'!$B$21:$K$900,5,0)>149,"גדול",IF(AND(VLOOKUP(G17,'דוח ביצוע (3)'!$B$21:$K$900,5,0)>0,VLOOKUP(G17,'דוח ביצוע (3)'!$B$21:$K$900,5,0)<150),"קטן",0))),"") | H18: סל ניהול | I18: סל הדרכה | J18: סל העשרה | K18: סל גמיש | M18: כמות ילדים | N18: חינוך רגיל | O18: חינוך מיוחד
A19: =IFERROR(VLOOKUP($G$5,'רשימת רשויות'!A:C,3,0),0) -> 0 | B19: =IF(F20="סמל המוסד",G20,B18) -> 0 | F19: ימי פעילות בית הספר | G19: =IF(G22="תקין",IFERROR(VLOOKUP($G17,'דוח ביצוע (3)'!$B$21:$Q$900,12,0),0),0) -> 0 | H19: =IFERROR(G20*$AH$6+G21*$AH$7,0) -> 0 | I19: =IFERROR(G20*$AI$6+G21*$AI$7,0) -> 0 | J19: =IFERROR(G20*$AJ$6+G21*$AJ$7,0) -> 0 | K19: =IFERROR(G20*$AK$6+G21*$AK$7,0) -> 0 | M19: ממוצע בקרה | N19: =IFERROR(VLOOKUP($G17,'דוח ביצוע (3)'!$B:$AE,28,0),"") | O19: =IFERROR(VLOOKUP($G17,'דוח ביצוע (3)'!B:AE,29,0),"")
A20: =IFERROR(VLOOKUP($G$5,'רשימת רשויות'!A:C,3,0),0) -> 0 | B20: =IF(F21="סמל המוסד",G21,B19) -> 0 | F20: ילדים זכאים ח.רגיל לאחר הפחתה ובקרה | G20: =IF(G22="תקין",MAX(N22,0),0) -> 0 | H20: סל ניהול (תקורה) | I20: סל שכר ריכוז | J20: סל שכר תוספת ריכוז (ד-ו) | M20: בקרה בתוספת 25% | N20: =IFERROR(G19/15*N19*1.25,"") | O20: =IFERROR(G19/15*O19*1.25,"")
A21: =IFERROR(VLOOKUP($G$5,'רשימת רשויות'!A:C,3,0),0) -> 0 | B21: =IF(F22="סמל המוסד",G22,B20) -> 0 | F21: ילדים זכאים ח.מיוחד לאחר הפחתה ובקרה | G21: =IF(G22="תקין",MAX(O22,0),0) -> 0 | H21: =(IFERROR(IF((G20+G21)=0,0,IF(G18="קטן",G19*$AH$10,G19*$AH$11)),0))+(IFERROR(IF((G20+G21)=0,0,VLOOKUP(G17,'דוח ביצוע (3)'!$B:$AH,33,0)),0)) -> 0 | I21: =IFERROR(IF((G20+G21)=0,0,IF(G18="קטן",G19*$AI$10,G19*$AI$11)),0) -> 0 | J21: =IFERROR(IF((G20+G21)=0,0,VLOOKUP(G17,'דוח ביצוע (3)'!$B:$AH,32,0)),0) -> 0 | M21: דיווח הרשות | N21: =IFERROR(VLOOKUP($G17,'דוח ביצוע (3)'!$B$21:$U$500,18,0),0) -> 0 | O21: =IFERROR(VLOOKUP($G17,'דוח ביצוע (3)'!$B$21:$U$500,19,0),0) -> 0
A22: =IFERROR(VLOOKUP($G$5,'רשימת רשויות'!A:C,3,0),0) -> 0 | B22: =IF(F23="סמל המוסד",G23,B21) -> 0 | F22: איוש משרות רכז וסגן רכז | G22: =IFERROR(IF(VLOOKUP('בית ספר - תקצוב לפי מוסד (9)'!G17,' איוש משרות (8)'!$C:$K,9,0)="תקין","תקין","לא תקין"),0) -> 0 | M22: תקצוב (הנמוך) | N22: =IFERROR(MIN(N20,N21),0) -> 0 | O22: =IFERROR(MIN(O20,O21),0) -> 0
A23: =IFERROR(VLOOKUP($G$5,'רשימת רשויות'!A:C,3,0),0) -> 0 | B23: =IF(F24="סמל המוסד",G24,B22) -> 0 | F23: בדיקת ניצול תקציב סל גמיש
A24: =IFERROR(VLOOKUP($G$5,'רשימת רשויות'!A:C,3,0),0) -> 0 | B24: =IF(F25="סמל המוסד",G25,B23) -> 0 | F24: סל גמיש | G24: ביצוע בפועל - סכום - ש"ח | H24: תקציב נורמטיבי - סכום - ש"ח | I24: שימוש אפשרי בסל | J24: תמהיל שימוש בסל
A25: =IFERROR(VLOOKUP($G$5,'רשימת רשויות'!A:C,3,0),0) -> 0 | B25: =IF(F26="סמל המוסד",G26,B24) -> 0 | F25: מלגות להורים - | G25: =+G36 -> 0 | H25: =K19 -> 0 | I25: =H25-I27 -> 0 | J25: =IFERROR(I25/H25,0) -> 0 | R25: תקצוב סל גמיש לשכר רגיל
A26: =IFERROR(VLOOKUP($G$5,'רשימת רשויות'!A:C,3,0),0) -> 0 | B26: =IF(F27="סמל המוסד",G27,B25) -> 0 | F26: ארוחת בוקר - | G26: =+G35 -> 0 | R26: =I27-R28 -> 0
A27: =IFERROR(VLOOKUP($G$5,'רשימת רשויות'!A:C,3,0),0) -> 0 | B27: =IF(F28="סמל המוסד",G28,B26) -> 0 | F27: שכר - | G27: =G31+G32+G33 -> 0 | I27: =MAX(H25-G25-G26,0) -> 0 | J27: =IFERROR(I27/H25,0) -> 0 | R27: תקצוב סל גמיש לשכר רכזים/סגנים
A28: =IFERROR(VLOOKUP($G$5,'רשימת רשויות'!A:C,3,0),0) -> 0 | B28: =IF(F29="סמל המוסד",G29,B27) -> 0 | F28: סה"כ סל גמיש | I28: =SUM(I25:I27) -> 0 | J28: =SUM(J25:J27) -> 0 | R28: =MIN(MAX(G32+G33-I21-J21,0),I27) -> 0
A29: =IFERROR(VLOOKUP($G$5,'רשימת רשויות'!A:C,3,0),0) -> 0 | B29: =IF(F30="סמל המוסד",G30,B28) -> 0 | F29: התאמת תקציב נורמטיבי לביצוע כספי
A30: =IFERROR(VLOOKUP($G$5,'רשימת רשויות'!A:C,3,0),0) -> 0 | B30: =IF(F31="סמל המוסד",G31,B29) -> 0 | F30: סלים | G30: ביצוע בפועל - סכום - ש"ח | H30: תקציב נורמטיבי - סכום - ש"ח | I30: אחוז ביצוע מהתקצוב | J30: הסכום המירבי המוכר - ש"ח | K30: אי ניצול תקציב ברמת סעיף | P30: יתרת תקציב להעברה (גמישות) | Q30: ביצוע ביתר (גמישות) | S30: סל | T30: סמל מוסד | U30: לפני שינוי | V30: לאחר שינוי | W30: הפרש | X30: השפעה כספית | Y30: סכום להורדה | AC30: לפני ערעור | AD30: הפרש בגין ערעור
A31: =IFERROR(VLOOKUP($G$5,'רשימת רשויות'!A:C,3,0),0) -> 0 | B31: =IF(F32="סמל המוסד",G32,B30) -> 0 | F31: שכר צוות חינוכי בבתי הספר | G31: =IF(G22="תקין",SUMIF('עלויות כח אדם (6)'!$B$15:$B$3014,'בית ספר - תקצוב לפי מוסד (9)'!$G17,'עלויות כח אדם (6)'!$M$15:$M$3014)-VLOOKUP('בית ספר - תקצוב לפי מוסד (9)'!G17,' איוש משרות (8)'!$C:$H,5,0)-VLOOKUP('בית ספר - תקצוב לפי מוסד (9)'!G17,' איוש משרות (8)'!$C:$H,6,0),0)-Y31 -> 0 | H31: =I19+R26 -> 0 | I31: =IFERROR(SUM(G31)/H31,0) -> 0 | J31: =MIN(I19+R26,IF(ISNUMBER(G31),G31,0)) -> 0 | K31: =MAX(H31-G31,0) -> 0 | P31: =IFERROR(IF(SUM(G31)/(I19)<100%,MIN((I19)-SUM(G31),(I19)*0.25),0),0) -> 0 | Q31: =IF(SUM(G31)-(I19+R26)>0,SUM(G31)-(I19+R26),0) -> 0 | R31: תקציב רכז רשותי | S31: שכר | T31: =G17 -> 0 | V31: =G31+G32+G33 -> 0 | W31: =U31-V31 -> 0 | X31: =IFERROR(W45*W31/(SUM(W31:W44)),0) -> 0 | Y31: =SUMIFS(בקרה!$S:$S,בקרה!$D:$D,T31,בקרה!$K:$K,S31) -> 0 | AC31: 0 | AD31: =IFERROR(U31-AC31,0) -> 0
A32: =IFERROR(VLOOKUP($G$5,'רשימת רשויות'!A:C,3,0),0) -> 0 | B32: =IF(F33="סמל המוסד",G33,B31) -> 0 | F32: שכר רכזים בבתי הספר | G32: =IF(G22="תקין",IFERROR(VLOOKUP('בית ספר - תקצוב לפי מוסד (9)'!G17,' איוש משרות (8)'!C:J,7,0),0),0) -> 0 | H32: =I21+R28+J21 -> 0 | I32: =IFERROR(SUM(G32:G33)/H32,0) -> 0 | J32: =MIN(R28+I21,IF(ISNUMBER(SUM(G32:G33)),SUM(G32:G33),0)) -> 0 | K32: =MAX((H32)-(G32+G33),0) -> 0 | R32: =MAX(MIN(P40-Q40,H40*0.15-G38),0) -> 0 | T32: =G17 -> 0 | W32: =U32-V32 -> 0 | AD32: =IFERROR(U32-AC32,0) -> 0
A33: =IFERROR(VLOOKUP($G$5,'רשימת רשויות'!A:C,3,0),0) -> 0 | B33: =IF(F34="סמל המוסד",G34,B32) -> 0 | F33: שכר סגני רכזים בבתי הספר | G33: =IF(G22="תקין",IFERROR(VLOOKUP('בית ספר - תקצוב לפי מוסד (9)'!G17,' איוש משרות (8)'!C:J,8,0),0),0) -> 0 | T33: =G17 -> 0 | W33: =U33-V33 -> 0 | AD33: =IFERROR(U33-AC33,0) -> 0
A34: =IFERROR(VLOOKUP($G$5,'רשימת רשויות'!A:C,3,0),0) -> 0 | B34: =IF(F35="סמל המוסד",G35,B33) -> 0 | F34: העשרה | G34: =IF(G22="תקין",SUMIFS('דוח הוצאות בפועל (4)'!$E$17:$E$3016,'דוח הוצאות בפועל (4)'!$B$17:$B$3016,'בית ספר - תקצוב לפי מוסד (9)'!$G17,'דוח הוצאות בפועל (4)'!$M$17:$M$3016,"הע"),0)-Y34 -> 0 | H34: =J19 -> 0 | I34: =IFERROR(G34/H34,0) -> 0 | J34: =MIN(IF(ISNUMBER(G34),G34,0),H34) -> 0 | K34: =MAX(H34-G34,0) -> 0 | P34: =MAX(IF(I34<100%,MIN((H34-G34),H34*0.25),0),0) -> 0 | Q34: =IF(G34-H34>0,G34-H34,0) -> 0 | S34: העשרה | T34: =G17 -> 0 | V34: =G34 -> 0 | W34: =U34-V34 -> 0 | X34: =IFERROR(W45*W34/(SUM(W31:W44)),0) -> 0 | Y34: =SUMIFS(בקרה!$S:$S,בקרה!$D:$D,T34,בקרה!$K:$K,S34) -> 0 | AC34: 0 | AD34: =IFERROR(U34-AC34,0) -> 0
A35: =IFERROR(VLOOKUP($G$5,'רשימת רשויות'!A:C,3,0),0) -> 0 | B35: =IF(F36="סמל המוסד",G36,B34) -> 0 | F35: ארוחת בוקר | G35: =IF(G22="תקין",SUMIFS('דוח הוצאות בפועל (4)'!$E$17:$E$3016,'דוח הוצאות בפועל (4)'!$B$17:$B$3016,'בית ספר - תקצוב לפי מוסד (9)'!$G17,'דוח הוצאות בפועל (4)'!$M$17:$M$3016,"אר"),0)-Y35 -> 0 | H35: =$I25 -> 0 | I35: =IFERROR((G35+G36)/H35,0) -> 0 | J35: =MIN((IF(ISNUMBER(G35),G35,0)+IF(ISNUMBER(G36),G36,0)),H35) -> 0 | K35: =MAX((H35)-(G35+G36),0) -> 0 | S35: ארוחת בוקר | T35: =G17 -> 0 | V35: =G35 -> 0 | W35: =U35-V35 -> 0 | X35: =IFERROR(W45*W35/(SUM(W31:W44)),0) -> 0 | Y35: =SUMIFS(בקרה!$S:$S,בקרה!$D:$D,T35,בקרה!$K:$K,S35) -> 0 | AC35: 0 | AD35: =IFERROR(U35-AC35,0) -> 0
A36: =IFERROR(VLOOKUP($G$5,'רשימת רשויות'!A:C,3,0),0) -> 0 | B36: =IF(F37="סמל המוסד",G37,B35) -> 0 | F36: מלגות להורים | G36: =IF(G22="תקין",SUMIFS('דוח הוצאות בפועל (4)'!$E$17:$E$3016,'דוח הוצאות בפועל (4)'!$B$17:$B$3016,'בית ספר - תקצוב לפי מוסד (9)'!$G17,'דוח הוצאות בפועל (4)'!$M$17:$M$3016,"מל"),0)-Y36 -> 0 | S36: מלגות להורים | T36: =G17 -> 0 | V36: =G36 -> 0 | W36: =U36-V36 -> 0 | X36: =IFERROR(W45*W36/(SUM(W31:W44)),0) -> 0 | Y36: =SUMIFS(בקרה!$S:$S,בקרה!$D:$D,T36,בקרה!$K:$K,S36) -> 0 | AC36: 0 | AD36: =IFERROR(U36-AC36,0) -> 0
A37: =IFERROR(VLOOKUP($G$5,'רשימת רשויות'!A:C,3,0),0) -> 0 | B37: =IF(F38="סמל המוסד",G38,B36) -> 0 | F37: סה"כ הוצאות לפעילות | G37: =SUM(G31:G36) -> 0 | H37: =SUM(H31:H36) -> 0 | I37: =IFERROR(G37/H37,0) -> 0 | J37: =SUM(J31:J36) -> 0 | K37: =SUM(K31:K36) -> 0 | P37: =SUM(P31:P36) -> 0 | Q37: =SUM(Q31:Q36) -> 0 | T37: =G17 -> 0 | W37: =U37-V37 -> 0 | AD37: =IFERROR(U37-AC37,0) -> 0
A38: =IFERROR(VLOOKUP($G$5,'רשימת רשויות'!A:C,3,0),0) -> 0 | B38: =IF(F39="סמל המוסד",G39,B37) -> 0 | F38: ניהול ותפעול | G38: =IF(G22="תקין",SUMIFS('דוח הוצאות בפועל (4)'!$E$17:$E$3016,'דוח הוצאות בפועל (4)'!$B$17:$B$3016,'בית ספר - תקצוב לפי מוסד (9)'!$G17,'דוח הוצאות בפועל (4)'!$M$17:$M$3016,"ני")+SUMIFS('דוח הוצאות בפועל (4)'!$E$17:$E$3016,'דוח הוצאות בפועל (4)'!$B$17:$B$3016,'בית ספר - תקצוב לפי מוסד (9)'!$G17,'דוח הוצאות בפועל (4)'!$M$17:$M$3016,"על"),0)-Y38 -> 0 | H38: =H19 -> 0 | I38: =IFERROR(G38/H38,0) -> 0 | J38: =IFERROR(IF(G38/H40>0.15,MIN(H40*0.15,H38),MIN(H38,IF(ISNUMBER(G38),G38,0))),0) -> 0 | K38: =MAX(H38-G38,0) -> 0 | P38: =IF(I38<100%,MIN(H38-G38,H38*0.25),0) -> 0 | Q38: =MAX(MIN(IF(G38-H38>0,G38-H38,0),$H40*0.15-H38-J39),0) -> 0 | S38: ניהול ותפעול | T38: =G17 -> 0 | V38: =G38 -> 0 | W38: =U38-V38 -> 0 | AC38: 0 | AD38: =IFERROR(U38-AC38,0) -> 0
A39: =IFERROR(VLOOKUP($G$5,'רשימת רשויות'!A:C,3,0),0) -> 0 | B39: =IF(F40="סמל המוסד",G40,B38) -> 0 | F39: תקורה 7% | G39: =0.07*(G33+G32) -> 0 | H39: =H21 -> 0 | I39: =IFERROR(G39/H39,0) -> 0 | J39: =IFERROR(MIN(0.07*(G32+G33),0.07*I21),0) -> 0 | K39: =MAX(H39-G39,0) -> 0 | T39: =G17 -> 0 | W39: =U39-V39 -> 0
A40: =IFERROR(VLOOKUP($G$5,'רשימת רשויות'!A:C,3,0),0) -> 0 | B40: =IF(F41="סמל המוסד",G41,B39) -> 0 | F40: סה"כ | G40: =G37+G38+G39 -> 0 | H40: =H37+H38+H39 -> 0 | I40: =IFERROR(G40/H40,0) -> 0 | J40: =J37+J38+J39 -> 0 | K40: =K38+K37+K39 -> 0 | P40: =SUM(P37:P38) -> 0 | Q40: =Q37+Q38 -> 0 | T40: =G17 -> 0 | W40: =U40-V40 -> 0
A41: =IFERROR(VLOOKUP($G$5,'רשימת רשויות'!A:C,3,0),0) -> 0 | B41: =IF(F42="סמל המוסד",G42,B40) -> 0 | F41: השתתפות הורים | G41: =IF(G22="תקין",SUMIF('תשלומי הורים ומלגות להורים (5) '!$B$18:$B$517,$G17,'תשלומי הורים ומלגות להורים (5) '!$C$18:$C$517),0) -> 0 | H41: =(G20+G21)*$G$7 -> 0 | T41: =G17 -> 0 | W41: =U41-V41 -> 0
A42: =IFERROR(VLOOKUP($G$5,'רשימת רשויות'!A:C,3,0),0) -> 0 | B42: =IF(F43="סמל המוסד",G43,B41) -> 0 | F42: סה"כ נטו | G42: =G40-G41 -> 0 | H42: =H40-H41 -> 0 | T42: =G17 -> 0 | W42: =U42-V42 -> 0
A43: =IFERROR(VLOOKUP($G$5,'רשימת רשויות'!A:C,3,0),0) -> 0 | B43: =IF(F44="סמל המוסד",G44,B42) -> 0 | I43: תוספת גמישות | J43: =MAX(MIN(P40,Q40),0) -> 0 | P43: סה"כ אי ניצול | Q43: =SUM(Q44:Q45) -> 0 | T43: =G17 -> 0 | W43: =U43-V43 -> 0
A44: =IFERROR(VLOOKUP($G$5,'רשימת רשויות'!A:C,3,0),0) -> 0 | B44: =IF(F45="סמל המוסד",G45,B43) -> 0 | I44: שיעור השתתפות המדינה | J44: =IFERROR(1-H41/H40,"") | P44: אי ניצול תקציב | Q44: =IFERROR(MAX(H42-I45-Q45,0),0) -> 0 | T44: =G17 -> 0 | W44: =U44-V44 -> 0
A45: =IFERROR(VLOOKUP($G$5,'רשימת רשויות'!A:C,3,0),0) -> 0 | B45: =IF(F46="סמל המוסד",G46,B44) -> 0 | F45: סה"כ לתשלום בתוספת גמישות 25% במעבר בין הסלים | I45: =IF(G22="לא תקין","לא קיימת זכאות לתקציב לאור אי איוש משרות רכז ו/או סגן רכז ",IFERROR(J44*(J43+J40),0)) -> 0 | P45: אי ניצול חריגה | Q45: =MAX(IF(AND(G40>H40,I45<H42),H42-I45,0),0) -> 0 | S45: סה"כ | T45: =G17 -> 0 | V45: =I45 -> 0 | W45: =IFERROR(U45-V45,0) -> 0 | X45: =SUM(X31:X44) -> 0 | AC45: 0 | AD45: =IFERROR(U45-AC45,0) -> 0
A46: =IFERROR(VLOOKUP($G$5,'רשימת רשויות'!A:C,3,0),0) -> 0 | B46: =IF(F47="סמל המוסד",G47,B45) -> 0 | F46: תוספת סייעות רפואיות או אישיות | I46: =IFERROR(IF(G22="תקין",SUMIFS('סייעות רפואיות או אישיות (7)'!$Q$17:Q$384,'סייעות רפואיות או אישיות (7)'!C$17:C$384,G17),0),0) -> 0
A47: =IFERROR(VLOOKUP($G$5,'רשימת רשויות'!A:C,3,0),0) -> 0 | B47: =IF(F48="סמל המוסד",G48,B46) -> 0 | T47: 0
A48: =IFERROR(VLOOKUP($G$5,'רשימת רשויות'!A:C,3,0),0) -> 0 | B48: =IF(F49="סמל המוסד",G49,B47) -> 0 | D48: =D17+1 -> 2 | E48: =IFERROR(CONCATENATE("בית הספר ",VLOOKUP(G48,'מצבת והרשמה (2)'!$C$21:$D$520,2,0)," - ",$G$5),"") -> בית הספר המוסד לא קיים - 0 | F48: סמל המוסד | G48: =IFERROR(VLOOKUP(D:D,'דוח ביצוע (3)'!$A$21:$C$900,2,0),0) -> 0 | I48: תקצוב לבית הספר ע"פ סלים
A49: =IFERROR(VLOOKUP($G$5,'רשימת רשויות'!A:C,3,0),0) -> 0 | B49: =IF(F50="סמל המוסד",G50,B48) -> 0 | F49: גודל בית הספר | G49: =IFERROR(IF((G51+G52)=0,"",IF(VLOOKUP(G48,'דוח ביצוע (3)'!$B$21:$K$900,5,0)>149,"גדול",IF(AND(VLOOKUP(G48,'דוח ביצוע (3)'!$B$21:$K$900,5,0)>0,VLOOKUP(G48,'דוח ביצוע (3)'!$B$21:$K$900,5,0)<150),"קטן",0))),"") | H49: סל ניהול | I49: סל הדרכה | J49: סל העשרה | K49: סל גמיש | M49: כמות ילדים | N49: חינוך רגיל | O49: חינוך מיוחד
A50: =IFERROR(VLOOKUP($G$5,'רשימת רשויות'!A:C,3,0),0) -> 0 | B50: =IF(F51="סמל המוסד",G51,B49) -> 0 | F50: ימי פעילות בית הספר | G50: =IF(G53="תקין",IFERROR(VLOOKUP($G48,'דוח ביצוע (3)'!$B$21:$Q$900,12,0),0),0) -> 0 | H50: =IFERROR(G51*$AH$6+G52*$AH$7,0) -> 0 | I50: =IFERROR(G51*$AI$6+G52*$AI$7,0) -> 0 | J50: =IFERROR(G51*$AJ$6+G52*$AJ$7,0) -> 0 | K50: =IFERROR(G51*$AK$6+G52*$AK$7,0) -> 0 | M50: ממוצע בקרה | N50: =IFERROR(VLOOKUP($G48,'דוח ביצוע (3)'!$B:$AE,28,0),"") | O50: =IFERROR(VLOOKUP($G48,'דוח ביצוע (3)'!B:AE,29,0),"")
A51: =IFERROR(VLOOKUP($G$5,'רשימת רשויות'!A:C,3,0),0) -> 0 | B51: =IF(F52="סמל המוסד",G52,B50) -> 0 | F51: ילדים זכאים ח.רגיל לאחר הפחתה ובקרה | G51: =IF(G53="תקין",MAX(N53,0),0) -> 0 | H51: סל ניהול (תקורה) | I51: סל שכר ריכוז | J51: סל שכר תוספת ריכוז (ד-ו) | M51: בקרה בתוספת 25% | N51: =IFERROR(G50/15*N50*1.25,"") | O51: =IFERROR(G50/15*O50*1.25,"")
A52: =IFERROR(VLOOKUP($G$5,'רשימת רשויות'!A:C,3,0),0) -> 0 | B52: =IF(F53="סמל המוסד",G53,B51) -> 0 | F52: ילדים זכאים ח.מיוחד לאחר הפחתה ובקרה | G52: =IF(G53="תקין",MAX(O53,0),0) -> 0 | H52: =(IFERROR(IF((G51+G52)=0,0,IF(G49="קטן",G50*$AH$10,G50*$AH$11)),0))+(IFERROR(IF((G51+G52)=0,0,VLOOKUP(G48,'דוח ביצוע (3)'!$B:$AH,33,0)),0)) -> 0 | I52: =IFERROR(IF((G51+G52)=0,0,IF(G49="קטן",G50*$AI$10,G50*$AI$11)),0) -> 0 | J52: =IFERROR(IF((G51+G52)=0,0,VLOOKUP(G48,'דוח ביצוע (3)'!$B:$AH,32,0)),0) -> 0 | M52: דיווח הרשות | N52: =IFERROR(VLOOKUP($G48,'דוח ביצוע (3)'!$B$21:$U$500,18,0),0) -> 0 | O52: =IFERROR(VLOOKUP($G48,'דוח ביצוע (3)'!$B$21:$U$500,19,0),0) -> 0
A53: =IFERROR(VLOOKUP($G$5,'רשימת רשויות'!A:C,3,0),0) -> 0 | B53: =IF(F54="סמל המוסד",G54,B52) -> 0 | F53: איוש משרות רכז וסגן רכז | G53: =IFERROR(IF(VLOOKUP('בית ספר - תקצוב לפי מוסד (9)'!G48,' איוש משרות (8)'!$C:$K,9,0)="תקין","תקין","לא תקין"),0) -> 0 | M53: תקצוב (הנמוך) | N53: =IFERROR(MIN(N51,N52),0) -> 0 | O53: =IFERROR(MIN(O51,O52),0) -> 0
A54: =IFERROR(VLOOKUP($G$5,'רשימת רשויות'!A:C,3,0),0) -> 0 | B54: =IF(F55="סמל המוסד",G55,B53) -> 0 | F54: בדיקת ניצול תקציב סל גמיש
A55: =IFERROR(VLOOKUP($G$5,'רשימת רשויות'!A:C,3,0),0) -> 0 | B55: =IF(F56="סמל המוסד",G56,B54) -> 0 | F55: סל גמיש | G55: ביצוע בפועל - סכום - ש"ח | H55: תקציב נורמטיבי - סכום - ש"ח | I55: שימוש אפשרי בסל | J55: תמהיל שימוש בסל
A56: =IFERROR(VLOOKUP($G$5,'רשימת רשויות'!A:C,3,0),0) -> 0 | B56: =IF(F57="סמל המוסד",G57,B55) -> 0 | F56: מלגות להורים - | G56: =+G67 -> 0 | H56: =K50 -> 0 | I56: =H56-I58 -> 0 | J56: =IFERROR(I56/H56,0) -> 0 | R56: תקצוב סל גמיש לשכר רגיל
A57: =IFERROR(VLOOKUP($G$5,'רשימת רשויות'!A:C,3,0),0) -> 0 | B57: =IF(F58="סמל המוסד",G58,B56) -> 0 | F57: ארוחת בוקר - | G57: =+G66 -> 0 | R57: =I58-R59 -> 0
A58: =IFERROR(VLOOKUP($G$5,'רשימת רשויות'!A:C,3,0),0) -> 0 | B58: =IF(F59="סמל המוסד",G59,B57) -> 0 | F58: שכר - | G58: =G62+G63+G64 -> 0 | I58: =MAX(H56-G56-G57,0) -> 0 | J58: =IFERROR(I58/H56,0) -> 0 | R58: תקצוב סל גמיש לשכר רכזים/סגנים
A59: =IFERROR(VLOOKUP($G$5,'רשימת רשויות'!A:C,3,0),0) -> 0 | B59: =IF(F60="סמל המוסד",G60,B58) -> 0 | F59: סה"כ סל גמיש | I59: =SUM(I56:I58) -> 0 | J59: =SUM(J56:J58) -> 0 | R59: =MIN(MAX(G63+G64-I52-J52,0),I58) -> 0
A60: =IFERROR(VLOOKUP($G$5,'רשימת רשויות'!A:C,3,0),0) -> 0 | B60: =IF(F61="סמל המוסד",G61,B59) -> 0 | F60: התאמת תקציב נורמטיבי לביצוע כספי
A61: =IFERROR(VLOOKUP($G$5,'רשימת רשויות'!A:C,3,0),0) -> 0 | B61: =IF(F62="סמל המוסד",G62,B60) -> 0 | F61: סלים | G61: ביצוע בפועל - סכום - ש"ח | H61: תקציב נורמטיבי - סכום - ש"ח | I61: אחוז ביצוע מהתקצוב | J61: הסכום המירבי המוכר - ש"ח | K61: אי ניצול תקציב ברמת סעיף | P61: יתרת תקציב להעברה (גמישות) | Q61: ביצוע ביתר (גמישות) | S61: סל | T61: סמל מוסד | U61: לפני שינוי | V61: לאחר שינוי | W61: הפרש | X61: השפעה כספית | Y61: סכום להורדה | AC61: לפני ערעור | AD61: הפרש בגין ערעור
A62: =IFERROR(VLOOKUP($G$5,'רשימת רשויות'!A:C,3,0),0) -> 0 | B62: =IF(F63="סמל המוסד",G63,B61) -> 0 | F62: שכר צוות חינוכי בבתי הספר | G62: =IF(G53="תקין",SUMIF('עלויות כח אדם (6)'!$B$15:$B$3014,'בית ספר - תקצוב לפי מוסד (9)'!$G48,'עלויות כח אדם (6)'!$M$15:$M$3014)-VLOOKUP('בית ספר - תקצוב לפי מוסד (9)'!G48,' איוש משרות (8)'!$C:$H,5,0)-VLOOKUP('בית ספר - תקצוב לפי מוסד (9)'!G48,' איוש משרות (8)'!$C:$H,6,0),0)-Y62 -> 0 | H62: =I50+R57 -> 0 | I62: =IFERROR(SUM(G62)/H62,0) -> 0 | J62: =MIN(I50+R57,IF(ISNUMBER(G62),G62,0)) -> 0 | K62: =MAX(H62-G62,0) -> 0 | P62: =IFERROR(IF(SUM(G62)/(I50)<100%,MIN((I50)-SUM(G62),(I50)*0.25),0),0) -> 0 | Q62: =IF(SUM(G62)-(I50+R57)>0,SUM(G62)-(I50+R57),0) -> 0 | R62: תקציב רכז רשותי | S62: שכר | T62: =G48 -> 0 | V62: =G62+G63+G64 -> 0 | W62: =U62-V62 -> 0 | X62: =IFERROR(W76*W62/(SUM(W62:W75)),0) -> 0 | Y62: =SUMIFS(בקרה!$S:$S,בקרה!$D:$D,T62,בקרה!$K:$K,S62) -> 0 | AC62: 0 | AD62: =IFERROR(U62-AC62,0) -> 0
A63: =IFERROR(VLOOKUP($G$5,'רשימת רשויות'!A:C,3,0),0) -> 0 | B63: =IF(F64="סמל המוסד",G64,B62) -> 0 | F63: שכר רכזים בבתי הספר | G63: =IF(G53="תקין",IFERROR(VLOOKUP('בית ספר - תקצוב לפי מוסד (9)'!G48,' איוש משרות (8)'!C:J,7,0),0),0) -> 0 | H63: =I52+R59+J52 -> 0 | I63: =IFERROR(SUM(G63:G64)/H63,0) -> 0 | J63: =MIN(R59+I52,IF(ISNUMBER(SUM(G63:G64)),SUM(G63:G64),0)) -> 0 | K63: =MAX((H63)-(G63+G64),0) -> 0 | R63: =MAX(MIN(P71-Q71,H71*0.15-G69),0) -> 0 | T63: =G48 -> 0 | W63: =U63-V63 -> 0 | AD63: =IFERROR(U63-AC63,0) -> 0
A64: =IFERROR(VLOOKUP($G$5,'רשימת רשויות'!A:C,3,0),0) -> 0 | B64: =IF(F65="סמל המוסד",G65,B63) -> 0 | F64: שכר סגני רכזים בבתי הספר | G64: =IF(G53="תקין",IFERROR(VLOOKUP('בית ספר - תקצוב לפי מוסד (9)'!G48,' איוש משרות (8)'!C:J,8,0),0),0) -> 0 | T64: =G48 -> 0 | W64: =U64-V64 -> 0 | AD64: =IFERROR(U64-AC64,0) -> 0
A65: =IFERROR(VLOOKUP($G$5,'רשימת רשויות'!A:C,3,0),0) -> 0 | B65: =IF(F66="סמל המוסד",G66,B64) -> 0 | F65: העשרה | G65: =IF(G53="תקין",SUMIFS('דוח הוצאות בפועל (4)'!$E$17:$E$3016,'דוח הוצאות בפועל (4)'!$B$17:$B$3016,'בית ספר - תקצוב לפי מוסד (9)'!$G48,'דוח הוצאות בפועל (4)'!$M$17:$M$3016,"הע"),0)-Y65 -> 0 | H65: =J50 -> 0 | I65: =IFERROR(G65/H65,0) -> 0 | J65: =MIN(IF(ISNUMBER(G65),G65,0),H65) -> 0 | K65: =MAX(H65-G65,0) -> 0 | P65: =MAX(IF(I65<100%,MIN((H65-G65),H65*0.25),0),0) -> 0 | Q65: =IF(G65-H65>0,G65-H65,0) -> 0 | S65: העשרה | T65: =G48 -> 0 | V65: =G65 -> 0 | W65: =U65-V65 -> 0 | X65: =IFERROR(W76*W65/(SUM(W62:W75)),0) -> 0 | Y65: =SUMIFS(בקרה!$S:$S,בקרה!$D:$D,T65,בקרה!$K:$K,S65) -> 0 | AC65: 0 | AD65: =IFERROR(U65-AC65,0) -> 0
A66: =IFERROR(VLOOKUP($G$5,'רשימת רשויות'!A:C,3,0),0) -> 0 | B66: =IF(F67="סמל המוסד",G67,B65) -> 0 | F66: ארוחת בוקר | G66: =IF(G53="תקין",SUMIFS('דוח הוצאות בפועל (4)'!$E$17:$E$3016,'דוח הוצאות בפועל (4)'!$B$17:$B$3016,'בית ספר - תקצוב לפי מוסד (9)'!$G48,'דוח הוצאות בפועל (4)'!$M$17:$M$3016,"אר"),0)-Y66 -> 0 | H66: =$I56 -> 0 | I66: =IFERROR((G66+G67)/H66,0) -> 0 | J66: =MIN((IF(ISNUMBER(G66),G66,0)+IF(ISNUMBER(G67),G67,0)),H66) -> 0 | K66: =MAX((H66)-(G66+G67),0) -> 0 | S66: ארוחת בוקר | T66: =G48 -> 0 | V66: =G66 -> 0 | W66: =U66-V66 -> 0 | X66: =IFERROR(W76*W66/(SUM(W62:W75)),0) -> 0 | Y66: =SUMIFS(בקרה!$S:$S,בקרה!$D:$D,T66,בקרה!$K:$K,S66) -> 0 | AC66: 0 | AD66: =IFERROR(U66-AC66,0) -> 0
A67: =IFERROR(VLOOKUP($G$5,'רשימת רשויות'!A:C,3,0),0) -> 0 | B67: =IF(F68="סמל המוסד",G68,B66) -> 0 | F67: מלגות להורים | G67: =IF(G53="תקין",SUMIFS('דוח הוצאות בפועל (4)'!$E$17:$E$3016,'דוח הוצאות בפועל (4)'!$B$17:$B$3016,'בית ספר - תקצוב לפי מוסד (9)'!$G48,'דוח הוצאות בפועל (4)'!$M$17:$M$3016,"מל"),0)-Y67 -> 0 | S67: מלגות להורים | T67: =G48 -> 0 | V67: =G67 -> 0 | W67: =U67-V67 -> 0 | X67: =IFERROR(W76*W67/(SUM(W62:W75)),0) -> 0 | Y67: =SUMIFS(בקרה!$S:$S,בקרה!$D:$D,T67,בקרה!$K:$K,S67) -> 0 | AC67: 0 | AD67: =IFERROR(U67-AC67,0) -> 0
A68: =IFERROR(VLOOKUP($G$5,'רשימת רשויות'!A:C,3,0),0) -> 0 | B68: =IF(F69="סמל המוסד",G69,B67) -> 0 | F68: סה"כ הוצאות לפעילות | G68: =SUM(G62:G67) -> 0 | H68: =SUM(H62:H67) -> 0 | I68: =IFERROR(G68/H68,0) -> 0 | J68: =SUM(J62:J67) -> 0 | K68: =SUM(K62:K67) -> 0 | P68: =SUM(P62:P67) -> 0 | Q68: =SUM(Q62:Q67) -> 0 | T68: =G48 -> 0 | W68: =U68-V68 -> 0 | AD68: =IFERROR(U68-AC68,0) -> 0
A69: =IFERROR(VLOOKUP($G$5,'רשימת רשויות'!A:C,3,0),0) -> 0 | B69: =IF(F70="סמל המוסד",G70,B68) -> 0 | F69: ניהול ותפעול | G69: =IF(G53="תקין",SUMIFS('דוח הוצאות בפועל (4)'!$E$17:$E$3016,'דוח הוצאות בפועל (4)'!$B$17:$B$3016,'בית ספר - תקצוב לפי מוסד (9)'!$G48,'דוח הוצאות בפועל (4)'!$M$17:$M$3016,"ני")+SUMIFS('דוח הוצאות בפועל (4)'!$E$17:$E$3016,'דוח הוצאות בפועל (4)'!$B$17:$B$3016,'בית ספר - תקצוב לפי מוסד (9)'!$G48,'דוח הוצאות בפועל (4)'!$M$17:$M$3016,"על"),0)-Y69 -> 0 | H69: =H50 -> 0 | I69: =IFERROR(G69/H69,0) -> 0 | J69: =IFERROR(IF(G69/H71>0.15,MIN(H71*0.15,H69),MIN(H69,IF(ISNUMBER(G69),G69,0))),0) -> 0 | K69: =MAX(H69-G69,0) -> 0 | P69: =IF(I69<100%,MIN(H69-G69,H69*0.25),0) -> 0 | Q69: =MAX(MIN(IF(G69-H69>0,G69-H69,0),$H71*0.15-H69-J70),0) -> 0 | S69: ניהול ותפעול | T69: =G48 -> 0 | V69: =G69 -> 0 | W69: =U69-V69 -> 0 | AC69: 0 | AD69: =IFERROR(U69-AC69,0) -> 0
A70: =IFERROR(VLOOKUP($G$5,'רשימת רשויות'!A:C,3,0),0) -> 0 | B70: =IF(F71="סמל המוסד",G71,B69) -> 0 | F70: תקורה 7% | G70: =0.07*(G64+G63) -> 0 | H70: =H52 -> 0 | I70: =IFERROR(G70/H70,0) -> 0 | J70: =IFERROR(MIN(0.07*(G63+G64),0.07*I52),0) -> 0 | K70: =MAX(H70-G70,0) -> 0 | T70: =G48 -> 0 | W70: =U70-V70 -> 0
A71: =IFERROR(VLOOKUP($G$5,'רשימת רשויות'!A:C,3,0),0) -> 0 | B71: =IF(F72="סמל המוסד",G72,B70) -> 0 | F71: סה"כ | G71: =G68+G69+G70 -> 0 | H71: =H68+H69+H70 -> 0 | I71: =IFERROR(G71/H71,0) -> 0 | J71: =J68+J69+J70 -> 0 | K71: =K69+K68+K70 -> 0 | P71: =SUM(P68:P69) -> 0 | Q71: =Q68+Q69 -> 0 | T71: =G48 -> 0 | W71: =U71-V71 -> 0
A72: =IFERROR(VLOOKUP($G$5,'רשימת רשויות'!A:C,3,0),0) -> 0 | B72: =IF(F73="סמל המוסד",G73,B71) -> 0 | F72: השתתפות הורים | G72: =IF(G53="תקין",SUMIF('תשלומי הורים ומלגות להורים (5) '!$B$18:$B$517,$G48,'תשלומי הורים ומלגות להורים (5) '!$C$18:$C$517),0) -> 0 | H72: =(G51+G52)*$G$7 -> 0 | T72: =G48 -> 0 | W72: =U72-V72 -> 0
A73: =IFERROR(VLOOKUP($G$5,'רשימת רשויות'!A:C,3,0),0) -> 0 | B73: =IF(F74="סמל המוסד",G74,B72) -> 0 | F73: סה"כ נטו | G73: =G71-G72 -> 0 | H73: =H71-H72 -> 0 | T73: =G48 -> 0 | W73: =U73-V73 -> 0
A74: =IFERROR(VLOOKUP($G$5,'רשימת רשויות'!A:C,3,0),0) -> 0 | B74: =IF(F75="סמל המוסד",G75,B73) -> 0 | I74: תוספת גמישות | J74: =MAX(MIN(P71,Q71),0) -> 0 | P74: סה"כ אי ניצול | Q74: =SUM(Q75:Q76) -> 0 | T74: =G48 -> 0 | W74: =U74-V74 -> 0
A75: =IFERROR(VLOOKUP($G$5,'רשימת רשויות'!A:C,3,0),0) -> 0 | B75: =IF(F76="סמל המוסד",G76,B74) -> 0 | I75: שיעור השתתפות המדינה | J75: =IFERROR(1-H72/H71,"") | P75: אי ניצול תקציב | Q75: =IFERROR(MAX(H73-I76-Q76,0),0) -> 0 | T75: =G48 -> 0 | W75: =U75-V75 -> 0
A76: =IFERROR(VLOOKUP($G$5,'רשימת רשויות'!A:C,3,0),0) -> 0 | B76: =IF(F77="סמל המוסד",G77,B75) -> 0 | F76: סה"כ לתשלום בתוספת גמישות 25% במעבר בין הסלים | I76: =IF(G53="לא תקין","לא קיימת זכאות לתקציב לאור אי איוש משרות רכז ו/או סגן רכז ",IFERROR(J75*(J74+J71),0)) -> 0 | P76: אי ניצול חריגה | Q76: =MAX(IF(AND(G71>H71,I76<H73),H73-I76,0),0) -> 0 | S76: סה"כ | T76: =G48 -> 0 | V76: =I76 -> 0 | W76: =IFERROR(U76-V76,0) -> 0 | X76: =SUM(X62:X75) -> 0 | AC76: 0 | AD76: =IFERROR(U76-AC76,0) -> 0
A77: =IFERROR(VLOOKUP($G$5,'רשימת רשויות'!A:C,3,0),0) -> 0 | B77: =IF(F78="סמל המוסד",G78,B76) -> 0 | F77: תוספת סייעות רפואיות או אישיות | I77: =IFERROR(IF(G53="תקין",SUMIFS('סייעות רפואיות או אישיות (7)'!$Q$17:Q$384,'סייעות רפואיות או אישיות (7)'!C$17:C$384,G48),0),0) -> 0
A78: =IFERROR(VLOOKUP($G$5,'רשימת רשויות'!A:C,3,0),0) -> 0 | B78: =IF(F79="סמל המוסד",G79,B77) -> 0
A79: =IFERROR(VLOOKUP($G$5,'רשימת רשויות'!A:C,3,0),0) -> 0 | B79: =IF(F80="סמל המוסד",G80,B78) -> 0 | D79: =D48+1 -> 3 | E79: =IFERROR(CONCATENATE("בית הספר ",VLOOKUP(G79,'מצבת והרשמה (2)'!$C$21:$D$520,2,0)," - ",$G$5),"") -> בית הספר המוסד לא קיים - 0 | F79: סמל המוסד | G79: =IFERROR(VLOOKUP(D:D,'דוח ביצוע (3)'!$A$21:$C$900,2,0),0) -> 0 | I79: תקצוב לבית הספר ע"פ סלים
A80: =IFERROR(VLOOKUP($G$5,'רשימת רשויות'!A:C,3,0),0) -> 0 | B80: =IF(F81="סמל המוסד",G81,B79) -> 0 | F80: גודל בית הספר | G80: =IFERROR(IF((G82+G83)=0,"",IF(VLOOKUP(G79,'דוח ביצוע (3)'!$B$21:$K$900,5,0)>149,"גדול",IF(AND(VLOOKUP(G79,'דוח ביצוע (3)'!$B$21:$K$900,5,0)>0,VLOOKUP(G79,'דוח ביצוע (3)'!$B$21:$K$900,5,0)<150),"קטן",0))),"") | H80: סל ניהול | I80: סל הדרכה | J80: סל העשרה | K80: סל גמיש | M80: כמות ילדים | N80: חינוך רגיל | O80: חינוך מיוחד
A81: =IFERROR(VLOOKUP($G$5,'רשימת רשויות'!A:C,3,0),0) -> 0 | B81: =IF(F82="סמל המוסד",G82,B80) -> 0 | F81: ימי פעילות בית הספר | G81: =IF(G84="תקין",IFERROR(VLOOKUP($G79,'דוח ביצוע (3)'!$B$21:$Q$900,12,0),0),0) -> 0 | H81: =IFERROR(G82*$AH$6+G83*$AH$7,0) -> 0 | I81: =IFERROR(G82*$AI$6+G83*$AI$7,0) -> 0 | J81: =IFERROR(G82*$AJ$6+G83*$AJ$7,0) -> 0 | K81: =IFERROR(G82*$AK$6+G83*$AK$7,0) -> 0 | M81: ממוצע בקרה | N81: =IFERROR(VLOOKUP($G79,'דוח ביצוע (3)'!$B:$AE,28,0),"") | O81: =IFERROR(VLOOKUP($G79,'דוח ביצוע (3)'!B:AE,29,0),"")
A82: =IFERROR(VLOOKUP($G$5,'רשימת רשויות'!A:C,3,0),0) -> 0 | B82: =IF(F83="סמל המוסד",G83,B81) -> 0 | F82: ילדים זכאים ח.רגיל לאחר הפחתה ובקרה | G82: =IF(G84="תקין",MAX(N84,0),0) -> 0 | H82: סל ניהול (תקורה) | I82: סל שכר ריכוז | J82: סל שכר תוספת ריכוז (ד-ו) | M82: בקרה בתוספת 25% | N82: =IFERROR(G81/15*N81*1.25,"") | O82: =IFERROR(G81/15*O81*1.25,"")
A83: =IFERROR(VLOOKUP($G$5,'רשימת רשויות'!A:C,3,0),0) -> 0 | B83: =IF(F84="סמל המוסד",G84,B82) -> 0 | F83: ילדים זכאים ח.מיוחד לאחר הפחתה ובקרה | G83: =IF(G84="תקין",MAX(O84,0),0) -> 0 | H83: =(IFERROR(IF((G82+G83)=0,0,IF(G80="קטן",G81*$AH$10,G81*$AH$11)),0))+(IFERROR(IF((G82+G83)=0,0,VLOOKUP(G79,'דוח ביצוע (3)'!$B:$AH,33,0)),0)) -> 0 | I83: =IFERROR(IF((G82+G83)=0,0,IF(G80="קטן",G81*$AI$10,G81*$AI$11)),0) -> 0 | J83: =IFERROR(IF((G82+G83)=0,0,VLOOKUP(G79,'דוח ביצוע (3)'!$B:$AH,32,0)),0) -> 0 | M83: דיווח הרשות | N83: =IFERROR(VLOOKUP($G79,'דוח ביצוע (3)'!$B$21:$U$500,18,0),0) -> 0 | O83: =IFERROR(VLOOKUP($G79,'דוח ביצוע (3)'!$B$21:$U$500,19,0),0) -> 0
A84: =IFERROR(VLOOKUP($G$5,'רשימת רשויות'!A:C,3,0),0) -> 0 | B84: =IF(F85="סמל המוסד",G85,B83) -> 0 | F84: איוש משרות רכז וסגן רכז | G84: =IFERROR(IF(VLOOKUP('בית ספר - תקצוב לפי מוסד (9)'!G79,' איוש משרות (8)'!$C:$K,9,0)="תקין","תקין","לא תקין"),0) -> 0 | M84: תקצוב (הנמוך) | N84: =IFERROR(MIN(N82,N83),0) -> 0 | O84: =IFERROR(MIN(O82,O83),0) -> 0
A85: =IFERROR(VLOOKUP($G$5,'רשימת רשויות'!A:C,3,0),0) -> 0 | B85: =IF(F86="סמל המוסד",G86,B84) -> 0 | F85: בדיקת ניצול תקציב סל גמיש
A86: =IFERROR(VLOOKUP($G$5,'רשימת רשויות'!A:C,3,0),0) -> 0 | B86: =IF(F87="סמל המוסד",G87,B85) -> 0 | F86: סל גמיש | G86: ביצוע בפועל - סכום - ש"ח | H86: תקציב נורמטיבי - סכום - ש"ח | I86: שימוש אפשרי בסל | J86: תמהיל שימוש בסל
A87: =IFERROR(VLOOKUP($G$5,'רשימת רשויות'!A:C,3,0),0) -> 0 | B87: =IF(F88="סמל המוסד",G88,B86) -> 0 | F87: מלגות להורים - | G87: =+G98 -> 0 | H87: =K81 -> 0 | I87: =H87-I89 -> 0 | J87: =IFERROR(I87/H87,0) -> 0 | R87: תקצוב סל גמיש לשכר רגיל
A88: =IFERROR(VLOOKUP($G$5,'רשימת רשויות'!A:C,3,0),0) -> 0 | B88: =IF(F89="סמל המוסד",G89,B87) -> 0 | F88: ארוחת בוקר - | G88: =+G97 -> 0 | R88: =I89-R90 -> 0
A89: =IFERROR(VLOOKUP($G$5,'רשימת רשויות'!A:C,3,0),0) -> 0 | B89: =IF(F90="סמל המוסד",G90,B88) -> 0 | F89: שכר - | G89: =G93+G94+G95 -> 0 | I89: =MAX(H87-G87-G88,0) -> 0 | J89: =IFERROR(I89/H87,0) -> 0 | R89: תקצוב סל גמיש לשכר רכזים/סגנים
A90: =IFERROR(VLOOKUP($G$5,'רשימת רשויות'!A:C,3,0),0) -> 0 | B90: =IF(F91="סמל המוסד",G91,B89) -> 0 | F90: סה"כ סל גמיש | I90: =SUM(I87:I89) -> 0 | J90: =SUM(J87:J89) -> 0 | R90: =MIN(MAX(G94+G95-I83-J83,0),I89) -> 0
A91: =IFERROR(VLOOKUP($G$5,'רשימת רשויות'!A:C,3,0),0) -> 0 | B91: =IF(F92="סמל המוסד",G92,B90) -> 0 | F91: התאמת תקציב נורמטיבי לביצוע כספי
A92: =IFERROR(VLOOKUP($G$5,'רשימת רשויות'!A:C,3,0),0) -> 0 | B92: =IF(F93="סמל המוסד",G93,B91) -> 0 | F92: סלים | G92: ביצוע בפועל - סכום - ש"ח | H92: תקציב נורמטיבי - סכום - ש"ח | I92: אחוז ביצוע מהתקצוב | J92: הסכום המירבי המוכר - ש"ח | K92: אי ניצול תקציב ברמת סעיף | P92: יתרת תקציב להעברה (גמישות) | Q92: ביצוע ביתר (גמישות) | S92: סל | T92: סמל מוסד | U92: לפני שינוי | V92: לאחר שינוי | W92: הפרש | X92: השפעה כספית | Y92: סכום להורדה | AC92: לפני ערעור | AD92: הפרש בגין ערעור
A93: =IFERROR(VLOOKUP($G$5,'רשימת רשויות'!A:C,3,0),0) -> 0 | B93: =IF(F94="סמל המוסד",G94,B92) -> 0 | F93: שכר צוות חינוכי בבתי הספר | G93: =IF(G84="תקין",SUMIF('עלויות כח אדם (6)'!$B$15:$B$3014,'בית ספר - תקצוב לפי מוסד (9)'!$G79,'עלויות כח אדם (6)'!$M$15:$M$3014)-VLOOKUP('בית ספר - תקצוב לפי מוסד (9)'!G79,' איוש משרות (8)'!$C:$H,5,0)-VLOOKUP('בית ספר - תקצוב לפי מוסד (9)'!G79,' איוש משרות (8)'!$C:$H,6,0),0)-Y93 -> 0 | H93: =I81+R88 -> 0 | I93: =IFERROR(SUM(G93)/H93,0) -> 0 | J93: =MIN(I81+R88,IF(ISNUMBER(G93),G93,0)) -> 0 | K93: =MAX(H93-G93,0) -> 0 | P93: =IFERROR(IF(SUM(G93)/(I81)<100%,MIN((I81)-SUM(G93),(I81)*0.25),0),0) -> 0 | Q93: =IF(SUM(G93)-(I81+R88)>0,SUM(G93)-(I81+R88),0) -> 0 | R93: תקציב רכז רשותי | S93: שכר | T93: =G79 -> 0 | V93: =G93+G94+G95 -> 0 | W93: =U93-V93 -> 0 | X93: =IFERROR(W107*W93/(SUM(W93:W106)),0) -> 0 | Y93: =SUMIFS(בקרה!$S:$S,בקרה!$D:$D,T93,בקרה!$K:$K,S93) -> 0 | AC93: 0 | AD93: =IFERROR(U93-AC93,0) -> 0
A94: =IFERROR(VLOOKUP($G$5,'רשימת רשויות'!A:C,3,0),0) -> 0 | B94: =IF(F95="סמל המוסד",G95,B93) -> 0 | F94: שכר רכזים בבתי הספר | G94: =IF(G84="תקין",IFERROR(VLOOKUP('בית ספר - תקצוב לפי מוסד (9)'!G79,' איוש משרות (8)'!C:J,7,0),0),0) -> 0 | H94: =I83+R90+J83 -> 0 | I94: =IFERROR(SUM(G94:G95)/H94,0) -> 0 | J94: =MIN(R90+I83,IF(ISNUMBER(SUM(G94:G95)),SUM(G94:G95),0)) -> 0 | K94: =MAX((H94)-(G94+G95),0) -> 0 | R94: =MAX(MIN(P102-Q102,H102*0.15-G100),0) -> 0 | T94: =G79 -> 0 | W94: =U94-V94 -> 0 | AD94: =IFERROR(U94-AC94,0) -> 0
A95: =IFERROR(VLOOKUP($G$5,'רשימת רשויות'!A:C,3,0),0) -> 0 | B95: =IF(F96="סמל המוסד",G96,B94) -> 0 | F95: שכר סגני רכזים בבתי הספר | G95: =IF(G84="תקין",IFERROR(VLOOKUP('בית ספר - תקצוב לפי מוסד (9)'!G79,' איוש משרות (8)'!C:J,8,0),0),0) -> 0 | T95: =G79 -> 0 | W95: =U95-V95 -> 0 | AD95: =IFERROR(U95-AC95,0) -> 0
A96: =IFERROR(VLOOKUP($G$5,'רשימת רשויות'!A:C,3,0),0) -> 0 | B96: =IF(F97="סמל המוסד",G97,B95) -> 0 | F96: העשרה | G96: =IF(G84="תקין",SUMIFS('דוח הוצאות בפועל (4)'!$E$17:$E$3016,'דוח הוצאות בפועל (4)'!$B$17:$B$3016,'בית ספר - תקצוב לפי מוסד (9)'!$G79,'דוח הוצאות בפועל (4)'!$M$17:$M$3016,"הע"),0)-Y96 -> 0 | H96: =J81 -> 0 | I96: =IFERROR(G96/H96,0) -> 0 | J96: =MIN(IF(ISNUMBER(G96),G96,0),H96) -> 0 | K96: =MAX(H96-G96,0) -> 0 | P96: =MAX(IF(I96<100%,MIN((H96-G96),H96*0.25),0),0) -> 0 | Q96: =IF(G96-H96>0,G96-H96,0) -> 0 | S96: העשרה | T96: =G79 -> 0 | V96: =G96 -> 0 | W96: =U96-V96 -> 0 | X96: =IFERROR(W107*W96/(SUM(W93:W106)),0) -> 0 | Y96: =SUMIFS(בקרה!$S:$S,בקרה!$D:$D,T96,בקרה!$K:$K,S96) -> 0 | AC96: 0 | AD96: =IFERROR(U96-AC96,0) -> 0
A97: =IFERROR(VLOOKUP($G$5,'רשימת רשויות'!A:C,3,0),0) -> 0 | B97: =IF(F98="סמל המוסד",G98,B96) -> 0 | F97: ארוחת בוקר | G97: =IF(G84="תקין",SUMIFS('דוח הוצאות בפועל (4)'!$E$17:$E$3016,'דוח הוצאות בפועל (4)'!$B$17:$B$3016,'בית ספר - תקצוב לפי מוסד (9)'!$G79,'דוח הוצאות בפועל (4)'!$M$17:$M$3016,"אר"),0)-Y97 -> 0 | H97: =$I87 -> 0 | I97: =IFERROR((G97+G98)/H97,0) -> 0 | J97: =MIN((IF(ISNUMBER(G97),G97,0)+IF(ISNUMBER(G98),G98,0)),H97) -> 0 | K97: =MAX((H97)-(G97+G98),0) -> 0 | S97: ארוחת בוקר | T97: =G79 -> 0 | V97: =G97 -> 0 | W97: =U97-V97 -> 0 | X97: =IFERROR(W107*W97/(SUM(W93:W106)),0) -> 0 | Y97: =SUMIFS(בקרה!$S:$S,בקרה!$D:$D,T97,בקרה!$K:$K,S97) -> 0 | AC97: 0 | AD97: =IFERROR(U97-AC97,0) -> 0
A98: =IFERROR(VLOOKUP($G$5,'רשימת רשויות'!A:C,3,0),0) -> 0 | B98: =IF(F99="סמל המוסד",G99,B97) -> 0 | F98: מלגות להורים | G98: =IF(G84="תקין",SUMIFS('דוח הוצאות בפועל (4)'!$E$17:$E$3016,'דוח הוצאות בפועל (4)'!$B$17:$B$3016,'בית ספר - תקצוב לפי מוסד (9)'!$G79,'דוח הוצאות בפועל (4)'!$M$17:$M$3016,"מל"),0)-Y98 -> 0 | S98: מלגות להורים | T98: =G79 -> 0 | V98: =G98 -> 0 | W98: =U98-V98 -> 0 | X98: =IFERROR(W107*W98/(SUM(W93:W106)),0) -> 0 | Y98: =SUMIFS(בקרה!$S:$S,בקרה!$D:$D,T98,בקרה!$K:$K,S98) -> 0 | AC98: 0 | AD98: =IFERROR(U98-AC98,0) -> 0
A99: =IFERROR(VLOOKUP($G$5,'רשימת רשויות'!A:C,3,0),0) -> 0 | B99: =IF(F100="סמל המוסד",G100,B98) -> 0 | F99: סה"כ הוצאות לפעילות | G99: =SUM(G93:G98) -> 0 | H99: =SUM(H93:H98) -> 0 | I99: =IFERROR(G99/H99,0) -> 0 | J99: =SUM(J93:J98) -> 0 | K99: =SUM(K93:K98) -> 0 | P99: =SUM(P93:P98) -> 0 | Q99: =SUM(Q93:Q98) -> 0 | T99: =G79 -> 0 | W99: =U99-V99 -> 0 | AD99: =IFERROR(U99-AC99,0) -> 0
A100: =IFERROR(VLOOKUP($G$5,'רשימת רשויות'!A:C,3,0),0) -> 0 | B100: =IF(F101="סמל המוסד",G101,B99) -> 0 | F100: ניהול ותפעול | G100: =IF(G84="תקין",SUMIFS('דוח הוצאות בפועל (4)'!$E$17:$E$3016,'דוח הוצאות בפועל (4)'!$B$17:$B$3016,'בית ספר - תקצוב לפי מוסד (9)'!$G79,'דוח הוצאות בפועל (4)'!$M$17:$M$3016,"ני")+SUMIFS('דוח הוצאות בפועל (4)'!$E$17:$E$3016,'דוח הוצאות בפועל (4)'!$B$17:$B$3016,'בית ספר - תקצוב לפי מוסד (9)'!$G79,'דוח הוצאות בפועל (4)'!$M$17:$M$3016,"על"),0)-Y100 -> 0 | H100: =H81 -> 0 | I100: =IFERROR(G100/H100,0) -> 0 | J100: =IFERROR(IF(G100/H102>0.15,MIN(H102*0.15,H100),MIN(H100,IF(ISNUMBER(G100),G100,0))),0) -> 0 | K100: =MAX(H100-G100,0) -> 0 | P100: =IF(I100<100%,MIN(H100-G100,H100*0.25),0) -> 0 | Q100: =MAX(MIN(IF(G100-H100>0,G100-H100,0),$H102*0.15-H100-J101),0) -> 0 | S100: ניהול ותפעול | T100: =G79 -> 0 | V100: =G100 -> 0 | W100: =U100-V100 -> 0 | AC100: 0 | AD100: =IFERROR(U100-AC100,0) -> 0
...

Sheet בקרה
A1: כללי | L1: בקרה
A2: מס' סידורי | B2: שם הרשות | C2: סמל מוטב רשות | D2: סמל מוסד | E2: שם המוסד | F2: מספר ילדים לתשלום | G2: כמות מוסדות לדגימה | H2: האם המוסד נדגם? (יש לציין "כן" בכל מענה שנבדק) | I2: מוסדות שנותרו לדגימה | J2: עובד מטפל | K2: שם הסל | L2: הוצאה שדווחה | M2: הוצאה בכרטסת | N2: הוצאה בדוח עלות | O2: הוצאה בדוח ריכוז משכורות | P2: בדיקת שכר | Q2: בדיקת גביה ומלגות | R2: הוצאה מאושרת | S2: סכום לא מאושר | T2: השפעה כספית- סכום לקיזוז | U2: תוצאה | V2: ההסבר לקיזוז | W2: הסבר ידני- רק במידה ואין שום הסבר אחר | X2: הערות | AA2: רשימה נפתחת
A3: 1 | B3: =IF(D3>0,'נתונים כלליים (1)'!$C$5,"") | C3: =IFERROR(VLOOKUP(B3,'רשימת רשויות'!A:C,3,0),"") | D3: =VLOOKUP(A3,'דוח ביצוע (3)'!A:G,2,0) -> 0 | E3: =IFERROR(VLOOKUP(D3,'נתוני רישום ומצבת'!B:D,3,0),"") | F3: =IF(D3>0,SUMIFS('בית ספר - תקצוב לפי מוסד (9)'!N:N,'בית ספר - תקצוב לפי מוסד (9)'!B:B,בקרה!D3,'בית ספר - תקצוב לפי מוסד (9)'!M:M,'בית ספר - תקצוב לפי מוסד (9)'!$M$22)+SUMIFS('בית ספר - תקצוב לפי מוסד (9)'!O:O,'בית ספר - תקצוב לפי מוסד (9)'!B:B,בקרה!D3,'בית ספר - תקצוב לפי מוסד (9)'!M:M,'בית ספר - תקצוב לפי מוסד (9)'!$M$22),"") | G3: 2 | H3: כן | I3: =G3-(COUNTIF(H:H,"כן")/5) -> 0 | K3: שכר | L3: =SUMIFS('בית ספר - תקצוב לפי מוסד (9)'!$U:$U,'בית ספר - תקצוב לפי מוסד (9)'!$T:$T,בקרה!D3,'בית ספר - תקצוב לפי מוסד (9)'!$S:$S,K3) -> 0 | M3: =L3 -> 0 | Q3: ל"ר | R3: =MAX((L3-S3),0) -> 0 | S3: =MAX(L3-MIN(M3,N3,O3,P3),0) -> 0 | T3: =SUMIFS('בית ספר - תקצוב לפי מוסד (9)'!X:X,'בית ספר - תקצוב לפי מוסד (9)'!T:T,בקרה!D3,'בית ספר - תקצוב לפי מוסד (9)'!S:S,בקרה!K3) -> 0 | U3: =IF(L3>0,IF(T3<0,"קיזוז","תקין"),"")
A4: 1 | B4: =IF(D4>0,'נתונים כלליים (1)'!$C$5,"") | C4: =IFERROR(VLOOKUP(B4,'רשימת רשויות'!A:C,3,0),"") | D4: =VLOOKUP(A4,'דוח ביצוע (3)'!A:G,2,0) -> 0 | E4: =IFERROR(VLOOKUP(D4,'נתוני רישום ומצבת'!B:D,3,0),"") | F4: =IF(D4>0,SUMIFS('בית ספר - תקצוב לפי מוסד (9)'!N:N,'בית ספר - תקצוב לפי מוסד (9)'!B:B,בקרה!D4,'בית ספר - תקצוב לפי מוסד (9)'!M:M,'בית ספר - תקצוב לפי מוסד (9)'!$M$22)+SUMIFS('בית ספר - תקצוב לפי מוסד (9)'!O:O,'בית ספר - תקצוב לפי מוסד (9)'!B:B,בקרה!D4,'בית ספר - תקצוב לפי מוסד (9)'!M:M,'בית ספר - תקצוב לפי מוסד (9)'!$M$22),"") | G4: 2 | H4: כן | I4: =G4-(COUNTIF(H:H,"כן")/5) -> 0 | K4: העשרה | L4: =SUMIFS('בית ספר - תקצוב לפי מוסד (9)'!$U:$U,'בית ספר - תקצוב לפי מוסד (9)'!$T:$T,בקרה!D4,'בית ספר - תקצוב לפי מוסד (9)'!$S:$S,K4) -> 0 | M4: =L4 -> 0 | N4: ל"ר | O4: ל"ר | P4: ל"ר | Q4: ל"ר | R4: =MAX((L4-S4),0) -> 0 | S4: =MAX(L4-M4,0) -> 0 | T4: =SUMIFS('בית ספר - תקצוב לפי מוסד (9)'!X:X,'בית ספר - תקצוב לפי מוסד (9)'!T:T,בקרה!D4,'בית ספר - תקצוב לפי מוסד (9)'!S:S,בקרה!K4) -> 0 | U4: =IF(L4>0,IF(T4<0,"קיזוז","תקין"),"") | AA4: שכר | AB4: לא הוגשה כרטסת
A5: 1 | B5: =IF(D5>0,'נתונים כלליים (1)'!$C$5,"") | C5: =IFERROR(VLOOKUP(B5,'רשימת רשויות'!A:C,3,0),"") | D5: =VLOOKUP(A5,'דוח ביצוע (3)'!A:G,2,0) -> 0 | E5: =IFERROR(VLOOKUP(D5,'נתוני רישום ומצבת'!B:D,3,0),"") | F5: =IF(D5>0,SUMIFS('בית ספר - תקצוב לפי מוסד (9)'!N:N,'בית ספר - תקצוב לפי מוסד (9)'!B:B,בקרה!D5,'בית ספר - תקצוב לפי מוסד (9)'!M:M,'בית ספר - תקצוב לפי מוסד (9)'!$M$22)+SUMIFS('בית ספר - תקצוב לפי מוסד (9)'!O:O,'בית ספר - תקצוב לפי מוסד (9)'!B:B,בקרה!D5,'בית ספר - תקצוב לפי מוסד (9)'!M:M,'בית ספר - תקצוב לפי מוסד (9)'!$M$22),"") | G5: 2 | H5: כן | I5: =G5-(COUNTIF(H:H,"כן")/5) -> 0 | K5: ארוחת בוקר | L5: =SUMIFS('בית ספר - תקצוב לפי מוסד (9)'!$U:$U,'בית ספר - תקצוב לפי מוסד (9)'!$T:$T,בקרה!D5,'בית ספר - תקצוב לפי מוסד (9)'!$S:$S,K5) -> 0 | M5: =L5 -> 0 | N5: ל"ר | O5: ל"ר | P5: ל"ר | Q5: ל"ר | R5: =MAX((L5-S5),0) -> 0 | S5: =MAX(L5-M5,0) -> 0 | T5: =SUMIFS('בית ספר - תקצוב לפי מוסד (9)'!X:X,'בית ספר - תקצוב לפי מוסד (9)'!T:T,בקרה!D5,'בית ספר - תקצוב לפי מוסד (9)'!S:S,בקרה!K5) -> 0 | U5: =IF(L5>0,IF(T5<0,"קיזוז","תקין"),"") | AB5: כרטסת שהוגשה נמוכה מדיווח
A6: 1 | B6: =IF(D6>0,'נתונים כלליים (1)'!$C$5,"") | C6: =IFERROR(VLOOKUP(B6,'רשימת רשויות'!A:C,3,0),"") | D6: =VLOOKUP(A6,'דוח ביצוע (3)'!A:G,2,0) -> 0 | E6: =IFERROR(VLOOKUP(D6,'נתוני רישום ומצבת'!B:D,3,0),"") | F6: =IF(D6>0,SUMIFS('בית ספר - תקצוב לפי מוסד (9)'!N:N,'בית ספר - תקצוב לפי מוסד (9)'!B:B,בקרה!D6,'בית ספר - תקצוב לפי מוסד (9)'!M:M,'בית ספר - תקצוב לפי מוסד (9)'!$M$22)+SUMIFS('בית ספר - תקצוב לפי מוסד (9)'!O:O,'בית ספר - תקצוב לפי מוסד (9)'!B:B,בקרה!D6,'בית ספר - תקצוב לפי מוסד (9)'!M:M,'בית ספר - תקצוב לפי מוסד (9)'!$M$22),"") | G6: 2 | H6: כן | I6: =G6-(COUNTIF(H:H,"כן")/5) -> 0 | K6: מלגות | L6: =SUMIFS('בית ספר - תקצוב לפי מוסד (9)'!$U:$U,'בית ספר - תקצוב לפי מוסד (9)'!$T:$T,בקרה!D6,'בית ספר - תקצוב לפי מוסד (9)'!$S:$S,"מלגות להורים") -> 0 | M6: =L6 -> 0 | N6: ל"ר | O6: ל"ר | P6: ל"ר | Q6: לא תקין | R6: =MAX((L6-S6),0) -> 0 | S6: =MAX(L6-M6,0) -> 0 | T6: =SUMIFS('בית ספר - תקצוב לפי מוסד (9)'!X:X,'בית ספר - תקצוב לפי מוסד (9)'!T:T,בקרה!D6,'בית ספר - תקצוב לפי מוסד (9)'!S:S,בקרה!K6) -> 0 | U6: =Q6 -> לא תקין | AB6: דוח עלות נמוך מדיווח
A7: 1 | B7: =IF(D7>0,'נתונים כלליים (1)'!$C$5,"") | C7: =IFERROR(VLOOKUP(B7,'רשימת רשויות'!A:C,3,0),"") | D7: =VLOOKUP(A7,'דוח ביצוע (3)'!A:G,2,0) -> 0 | E7: =IFERROR(VLOOKUP(D7,'נתוני רישום ומצבת'!B:D,3,0),"") | F7: =IF(D7>0,SUMIFS('בית ספר - תקצוב לפי מוסד (9)'!N:N,'בית ספר - תקצוב לפי מוסד (9)'!B:B,בקרה!D7,'בית ספר - תקצוב לפי מוסד (9)'!M:M,'בית ספר - תקצוב לפי מוסד (9)'!$M$22)+SUMIFS('בית ספר - תקצוב לפי מוסד (9)'!O:O,'בית ספר - תקצוב לפי מוסד (9)'!B:B,בקרה!D7,'בית ספר - תקצוב לפי מוסד (9)'!M:M,'בית ספר - תקצוב לפי מוסד (9)'!$M$22),"") | G7: 2 | H7: כן | I7: =G7-(COUNTIF(H:H,"כן")/5) -> 0 | K7: גביה | L7: =IFERROR(VLOOKUP(D7,'תשלומי הורים ומלגות להורים (5) '!B:C,2,0),0) -> 0 | M7: =L7 -> 0 | N7: ל"ר | O7: ל"ר | P7: ל"ר | Q7: תקין | R7: =MAX((L7-S7),0) -> 0 | S7: =MAX(L7-M7,0) -> 0 | U7: =Q7 -> תקין | AB7: ליקויים בבקרת שכר
A8: 2 | B8: =IF(D8>0,'נתונים כלליים (1)'!$C$5,"") | C8: =IFERROR(VLOOKUP(B8,'רשימת רשויות'!A:C,3,0),"") | D8: =VLOOKUP(A8,'דוח ביצוע (3)'!A:G,2,0) -> 0 | E8: =IFERROR(VLOOKUP(D8,'נתוני רישום ומצבת'!B:D,3,0),"") | F8: =IF(D8>0,SUMIFS('בית ספר - תקצוב לפי מוסד (9)'!N:N,'בית ספר - תקצוב לפי מוסד (9)'!B:B,בקרה!D8,'בית ספר - תקצוב לפי מוסד (9)'!M:M,'בית ספר - תקצוב לפי מוסד (9)'!$M$22)+SUMIFS('בית ספר - תקצוב לפי מוסד (9)'!O:O,'בית ספר - תקצוב לפי מוסד (9)'!B:B,בקרה!D8,'בית ספר - תקצוב לפי מוסד (9)'!M:M,'בית ספר - תקצוב לפי מוסד (9)'!$M$22),"") | G8: 2 | H8: כן | I8: =G8-(COUNTIF(H:H,"כן")/5) -> 0 | K8: שכר | L8: =SUMIFS('בית ספר - תקצוב לפי מוסד (9)'!$U:$U,'בית ספר - תקצוב לפי מוסד (9)'!$T:$T,בקרה!D8,'בית ספר - תקצוב לפי מוסד (9)'!$S:$S,K8) -> 0 | M8: =L8 -> 0 | Q8: ל"ר | R8: =MAX((L8-S8),0) -> 0 | S8: =MAX(L8-MIN(M8,N8,O8,P8),0) -> 0 | T8: =SUMIFS('בית ספר - תקצוב לפי מוסד (9)'!X:X,'בית ספר - תקצוב לפי מוסד (9)'!T:T,בקרה!D8,'בית ספר - תקצוב לפי מוסד (9)'!S:S,בקרה!K8) -> 0 | U8: =IF(L8>0,IF(T8<0,"קיזוז","תקין"),"") | AB8: כפילות עובדים
A9: 2 | B9: =IF(D9>0,'נתונים כלליים (1)'!$C$5,"") | C9: =IFERROR(VLOOKUP(B9,'רשימת רשויות'!A:C,3,0),"") | D9: =VLOOKUP(A9,'דוח ביצוע (3)'!A:G,2,0) -> 0 | E9: =IFERROR(VLOOKUP(D9,'נתוני רישום ומצבת'!B:D,3,0),"") | F9: =IF(D9>0,SUMIFS('בית ספר - תקצוב לפי מוסד (9)'!N:N,'בית ספר - תקצוב לפי מוסד (9)'!B:B,בקרה!D9,'בית ספר - תקצוב לפי מוסד (9)'!M:M,'בית ספר - תקצוב לפי מוסד (9)'!$M$22)+SUMIFS('בית ספר - תקצוב לפי מוסד (9)'!O:O,'בית ספר - תקצוב לפי מוסד (9)'!B:B,בקרה!D9,'בית ספר - תקצוב לפי מוסד (9)'!M:M,'בית ספר - תקצוב לפי מוסד (9)'!$M$22),"") | G9: 2 | H9: כן | I9: =G9-(COUNTIF(H:H,"כן")/5) -> 0 | K9: העשרה | L9: =SUMIFS('בית ספר - תקצוב לפי מוסד (9)'!$U:$U,'בית ספר - תקצוב לפי מוסד (9)'!$T:$T,בקרה!D9,'בית ספר - תקצוב לפי מוסד (9)'!$S:$S,K9) -> 0 | M9: =L9 -> 0 | N9: ל"ר | O9: ל"ר | P9: ל"ר | Q9: ל"ר | R9: =MAX((L9-S9),0) -> 0 | S9: =MAX(L9-M9,0) -> 0 | T9: =SUMIFS('בית ספר - תקצוב לפי מוסד (9)'!X:X,'בית ספר - תקצוב לפי מוסד (9)'!T:T,בקרה!D9,'בית ספר - תקצוב לפי מוסד (9)'!S:S,בקרה!K9) -> 0 | U9: =IF(L9>0,IF(T9<0,"קיזוז","תקין"),"") | AA9: העשרה | AB9: לא הוגשה כרטסת
A10: 2 | B10: =IF(D10>0,'נתונים כלליים (1)'!$C$5,"") | C10: =IFERROR(VLOOKUP(B10,'רשימת רשויות'!A:C,3,0),"") | D10: =VLOOKUP(A10,'דוח ביצוע (3)'!A:G,2,0) -> 0 | E10: =IFERROR(VLOOKUP(D10,'נתוני רישום ומצבת'!B:D,3,0),"") | F10: =IF(D10>0,SUMIFS('בית ספר - תקצוב לפי מוסד (9)'!N:N,'בית ספר - תקצוב לפי מוסד (9)'!B:B,בקרה!D10,'בית ספר - תקצוב לפי מוסד (9)'!M:M,'בית ספר - תקצוב לפי מוסד (9)'!$M$22)+SUMIFS('בית ספר - תקצוב לפי מוסד (9)'!O:O,'בית ספר - תקצוב לפי מוסד (9)'!B:B,בקרה!D10,'בית ספר - תקצוב לפי מוסד (9)'!M:M,'בית ספר - תקצוב לפי מוסד (9)'!$M$22),"") | G10: 2 | H10: כן | I10: =G10-(COUNTIF(H:H,"כן")/5) -> 0 | K10: ארוחת בוקר | L10: =SUMIFS('בית ספר - תקצוב לפי מוסד (9)'!$U:$U,'בית ספר - תקצוב לפי מוסד (9)'!$T:$T,בקרה!D10,'בית ספר - תקצוב לפי מוסד (9)'!$S:$S,K10) -> 0 | M10: =L10 -> 0 | N10: ל"ר | O10: ל"ר | P10: ל"ר | Q10: ל"ר | R10: =MAX((L10-S10),0) -> 0 | S10: =MAX(L10-M10,0) -> 0 | T10: =SUMIFS('בית ספר - תקצוב לפי מוסד (9)'!X:X,'בית ספר - תקצוב לפי מוסד (9)'!T:T,בקרה!D10,'בית ספר - תקצוב לפי מוסד (9)'!S:S,בקרה!K10) -> 0 | U10: =IF(L10>0,IF(T10<0,"קיזוז","תקין"),"") | AB10: כרטסת שהוגשה נמוכה מדיווח
A11: 2 | B11: =IF(D11>0,'נתונים כלליים (1)'!$C$5,"") | C11: =IFERROR(VLOOKUP(B11,'רשימת רשויות'!A:C,3,0),"") | D11: =VLOOKUP(A11,'דוח ביצוע (3)'!A:G,2,0) -> 0 | E11: =IFERROR(VLOOKUP(D11,'נתוני רישום ומצבת'!B:D,3,0),"") | F11: =IF(D11>0,SUMIFS('בית ספר - תקצוב לפי מוסד (9)'!N:N,'בית ספר - תקצוב לפי מוסד (9)'!B:B,בקרה!D11,'בית ספר - תקצוב לפי מוסד (9)'!M:M,'בית ספר - תקצוב לפי מוסד (9)'!$M$22)+SUMIFS('בית ספר - תקצוב לפי מוסד (9)'!O:O,'בית ספר - תקצוב לפי מוסד (9)'!B:B,בקרה!D11,'בית ספר - תקצוב לפי מוסד (9)'!M:M,'בית ספר - תקצוב לפי מוסד (9)'!$M$22),"") | G11: 2 | H11: כן | I11: =G11-(COUNTIF(H:H,"כן")/5) -> 0 | K11: מלגות | L11: =SUMIFS('בית ספר - תקצוב לפי מוסד (9)'!$U:$U,'בית ספר - תקצוב לפי מוסד (9)'!$T:$T,בקרה!D11,'בית ספר - תקצוב לפי מוסד (9)'!$S:$S,"מלגות להורים") -> 0 | M11: =L11 -> 0 | N11: ל"ר | O11: ל"ר | P11: ל"ר | R11: =MAX((L11-S11),0) -> 0 | S11: =MAX(L11-M11,0) -> 0 | T11: =SUMIFS('בית ספר - תקצוב לפי מוסד (9)'!X:X,'בית ספר - תקצוב לפי מוסד (9)'!T:T,בקרה!D11,'בית ספר - תקצוב לפי מוסד (9)'!S:S,בקרה!K11) -> 0 | U11: =IF(L11>0,IF(T11<0,"קיזוז","תקין"),"") | AB11: הוצאה לא מאושרת בסל זה
A12: 2 | B12: =IF(D12>0,'נתונים כלליים (1)'!$C$5,"") | C12: =IFERROR(VLOOKUP(B12,'רשימת רשויות'!A:C,3,0),"") | D12: =VLOOKUP(A12,'דוח ביצוע (3)'!A:G,2,0) -> 0 | E12: =IFERROR(VLOOKUP(D12,'נתוני רישום ומצבת'!B:D,3,0),"") | F12: =IF(D12>0,SUMIFS('בית ספר - תקצוב לפי מוסד (9)'!N:N,'בית ספר - תקצוב לפי מוסד (9)'!B:B,בקרה!D12,'בית ספר - תקצוב לפי מוסד (9)'!M:M,'בית ספר - תקצוב לפי מוסד (9)'!$M$22)+SUMIFS('בית ספר - תקצוב לפי מוסד (9)'!O:O,'בית ספר - תקצוב לפי מוסד (9)'!B:B,בקרה!D12,'בית ספר - תקצוב לפי מוסד (9)'!M:M,'בית ספר - תקצוב לפי מוסד (9)'!$M$22),"") | G12: 2 | H12: כן | I12: =G12-(COUNTIF(H:H,"כן")/5) -> 0 | K12: גביה | L12: =IFERROR(VLOOKUP(D12,'תשלומי הורים ומלגות להורים (5) '!B:C,2,0),0) -> 0 | M12: =L12 -> 0 | N12: ל"ר | O12: ל"ר | P12: ל"ר | Q12: תקין | R12: =MAX((L12-S12),0) -> 0 | S12: =MAX(L12-M12,0) -> 0 | U12: =Q12 -> תקין | AB12: לא תואם לתוכנית העבודה שאושרה
A13: 3 | B13: =IF(D13>0,'נתונים כלליים (1)'!$C$5,"") | C13: =IFERROR(VLOOKUP(B13,'רשימת רשויות'!A:C,3,0),"") | D13: =VLOOKUP(A13,'דוח ביצוע (3)'!A:G,2,0) -> 0 | E13: =IFERROR(VLOOKUP(D13,'נתוני רישום ומצבת'!B:D,3,0),"") | F13: =IF(D13>0,SUMIFS('בית ספר - תקצוב לפי מוסד (9)'!N:N,'בית ספר - תקצוב לפי מוסד (9)'!B:B,בקרה!D13,'בית ספר - תקצוב לפי מוסד (9)'!M:M,'בית ספר - תקצוב לפי מוסד (9)'!$M$22)+SUMIFS('בית ספר - תקצוב לפי מוסד (9)'!O:O,'בית ספר - תקצוב לפי מוסד (9)'!B:B,בקרה!D13,'בית ספר - תקצוב לפי מוסד (9)'!M:M,'בית ספר - תקצוב לפי מוסד (9)'!$M$22),"") | G13: 2 | I13: =G13-(COUNTIF(H:H,"כן")/5) -> 0 | K13: שכר | L13: =SUMIFS('בית ספר - תקצוב לפי מוסד (9)'!$U:$U,'בית ספר - תקצוב לפי מוסד (9)'!$T:$T,בקרה!D13,'בית ספר - תקצוב לפי מוסד (9)'!$S:$S,K13) -> 0 | M13: =L13 -> 0 | Q13: ל"ר | R13: =MAX((L13-S13),0) -> 0 | S13: =MAX(L13-MIN(M13,N13,O13,P13),0) -> 0 | T13: =SUMIFS('בית ספר - תקצוב לפי מוסד (9)'!X:X,'בית ספר - תקצוב לפי מוסד (9)'!T:T,בקרה!D13,'בית ספר - תקצוב לפי מוסד (9)'!S:S,בקרה!K13) -> 0 | U13: =IF(L13>0,IF(T13<0,"קיזוז","תקין"),"") | AB13: חשבונית שהוגשה אינה תקינה
A14: 3 | B14: =IF(D14>0,'נתונים כלליים (1)'!$C$5,"") | C14: =IFERROR(VLOOKUP(B14,'רשימת רשויות'!A:C,3,0),"") | D14: =VLOOKUP(A14,'דוח ביצוע (3)'!A:G,2,0) -> 0 | E14: =IFERROR(VLOOKUP(D14,'נתוני רישום ומצבת'!B:D,3,0),"") | F14: =IF(D14>0,SUMIFS('בית ספר - תקצוב לפי מוסד (9)'!N:N,'בית ספר - תקצוב לפי מוסד (9)'!B:B,בקרה!D14,'בית ספר - תקצוב לפי מוסד (9)'!M:M,'בית ספר - תקצוב לפי מוסד (9)'!$M$22)+SUMIFS('בית ספר - תקצוב לפי מוסד (9)'!O:O,'בית ספר - תקצוב לפי מוסד (9)'!B:B,בקרה!D14,'בית ספר - תקצוב לפי מוסד (9)'!M:M,'בית ספר - תקצוב לפי מוסד (9)'!$M$22),"") | G14: 2 | I14: =G14-(COUNTIF(H:H,"כן")/5) -> 0 | K14: העשרה | L14: =SUMIFS('בית ספר - תקצוב לפי מוסד (9)'!$U:$U,'בית ספר - תקצוב לפי מוסד (9)'!$T:$T,בקרה!D14,'בית ספר - תקצוב לפי מוסד (9)'!$S:$S,K14) -> 0 | M14: =L14 -> 0 | N14: ל"ר | O14: ל"ר | P14: ל"ר | Q14: ל"ר | R14: =MAX((L14-S14),0) -> 0 | S14: =MAX(L14-M14,0) -> 0 | T14: =SUMIFS('בית ספר - תקצוב לפי מוסד (9)'!X:X,'בית ספר - תקצוב לפי מוסד (9)'!T:T,בקרה!D14,'בית ספר - תקצוב לפי מוסד (9)'!S:S,בקרה!K14) -> 0 | U14: =IF(L14>0,IF(T14<0,"קיזוז","תקין"),"") | AA14: ארוחת בוקר | AB14: לא הוגשה כרטסת
A15: 3 | B15: =IF(D15>0,'נתונים כלליים (1)'!$C$5,"") | C15: =IFERROR(VLOOKUP(B15,'רשימת רשויות'!A:C,3,0),"") | D15: =VLOOKUP(A15,'דוח ביצוע (3)'!A:G,2,0) -> 0 | E15: =IFERROR(VLOOKUP(D15,'נתוני רישום ומצבת'!B:D,3,0),"") | F15: =IF(D15>0,SUMIFS('בית ספר - תקצוב לפי מוסד (9)'!N:N,'בית ספר - תקצוב לפי מוסד (9)'!B:B,בקרה!D15,'בית ספר - תקצוב לפי מוסד (9)'!M:M,'בית ספר - תקצוב לפי מוסד (9)'!$M$22)+SUMIFS('בית ספר - תקצוב לפי מוסד (9)'!O:O,'בית ספר - תקצוב לפי מוסד (9)'!B:B,בקרה!D15,'בית ספר - תקצוב לפי מוסד (9)'!M:M,'בית ספר - תקצוב לפי מוסד (9)'!$M$22),"") | G15: 2 | I15: =G15-(COUNTIF(H:H,"כן")/5) -> 0 | K15: ארוחת בוקר | L15: =SUMIFS('בית ספר - תקצוב לפי מוסד (9)'!$U:$U,'בית ספר - תקצוב לפי מוסד (9)'!$T:$T,בקרה!D15,'בית ספר - תקצוב לפי מוסד (9)'!$S:$S,K15) -> 0 | M15: =L15 -> 0 | N15: ל"ר | O15: ל"ר | P15: ל"ר | Q15: ל"ר | R15: =MAX((L15-S15),0) -> 0 | S15: =MAX(L15-M15,0) -> 0 | T15: =SUMIFS('בית ספר - תקצוב לפי מוסד (9)'!X:X,'בית ספר - תקצוב לפי מוסד (9)'!T:T,בקרה!D15,'בית ספר - תקצוב לפי מוסד (9)'!S:S,בקרה!K15) -> 0 | U15: =IF(L15>0,IF(T15<0,"קיזוז","תקין"),"") | AB15: כרטסת שהוגשה נמוכה מדיווח
A16: 3 | B16: =IF(D16>0,'נתונים כלליים (1)'!$C$5,"") | C16: =IFERROR(VLOOKUP(B16,'רשימת רשויות'!A:C,3,0),"") | D16: =VLOOKUP(A16,'דוח ביצוע (3)'!A:G,2,0) -> 0 | E16: =IFERROR(VLOOKUP(D16,'נתוני רישום ומצבת'!B:D,3,0),"") | F16: =IF(D16>0,SUMIFS('בית ספר - תקצוב לפי מוסד (9)'!N:N,'בית ספר - תקצוב לפי מוסד (9)'!B:B,בקרה!D16,'בית ספר - תקצוב לפי מוסד (9)'!M:M,'בית ספר - תקצוב לפי מוסד (9)'!$M$22)+SUMIFS('בית ספר - תקצוב לפי מוסד (9)'!O:O,'בית ספר - תקצוב לפי מוסד (9)'!B:B,בקרה!D16,'בית ספר - תקצוב לפי מוסד (9)'!M:M,'בית ספר - תקצוב לפי מוסד (9)'!$M$22),"") | G16: 2 | I16: =G16-(COUNTIF(H:H,"כן")/5) -> 0 | K16: מלגות | L16: =SUMIFS('בית ספר - תקצוב לפי מוסד (9)'!$U:$U,'בית ספר - תקצוב לפי מוסד (9)'!$T:$T,בקרה!D16,'בית ספר - תקצוב לפי מוסד (9)'!$S:$S,"מלגות להורים") -> 0 | M16: =L16 -> 0 | N16: ל"ר | O16: ל"ר | P16: ל"ר | R16: =MAX((L16-S16),0) -> 0 | S16: =MAX(L16-M16,0) -> 0 | T16: =SUMIFS('בית ספר - תקצוב לפי מוסד (9)'!X:X,'בית ספר - תקצוב לפי מוסד (9)'!T:T,בקרה!D16,'בית ספר - תקצוב לפי מוסד (9)'!S:S,בקרה!K16) -> 0 | U16: =Q16 -> 0 | AB16: הוצאה לא מאושרת בסל זה
A17: 3 | B17: =IF(D17>0,'נתונים כלליים (1)'!$C$5,"") | C17: =IFERROR(VLOOKUP(B17,'רשימת רשויות'!A:C,3,0),"") | D17: =VLOOKUP(A17,'דוח ביצוע (3)'!A:G,2,0) -> 0 | E17: =IFERROR(VLOOKUP(D17,'נתוני רישום ומצבת'!B:D,3,0),"") | F17: =IF(D17>0,SUMIFS('בית ספר - תקצוב לפי מוסד (9)'!N:N,'בית ספר - תקצוב לפי מוסד (9)'!B:B,בקרה!D17,'בית ספר - תקצוב לפי מוסד (9)'!M:M,'בית ספר - תקצוב לפי מוסד (9)'!$M$22)+SUMIFS('בית ספר - תקצוב לפי מוסד (9)'!O:O,'בית ספר - תקצוב לפי מוסד (9)'!B:B,בקרה!D17,'בית ספר - תקצוב לפי מוסד (9)'!M:M,'בית ספר - תקצוב לפי מוסד (9)'!$M$22),"") | G17: 2 | I17: =G17-(COUNTIF(H:H,"כן")/5) -> 0 | K17: גביה | L17: =IFERROR(VLOOKUP(D17,'תשלומי הורים ומלגות להורים (5) '!B:C,2,0),0) -> 0 | M17: =L17 -> 0 | N17: ל"ר | O17: ל"ר | P17: ל"ר | Q17: תקין | R17: =MAX((L17-S17),0) -> 0 | S17: =MAX(L17-M17,0) -> 0 | U17: =Q17 -> תקין | AB17: חשבונית שהוגשה אינה תקינה
