Workbook
Name ba_KoachAdam: 'פירוט עלויות כח אדם (6)'!$B$15:$M$3015
Name bs_mafilim: #REF!
Name bs_mafilim: #REF!
Name bs_mafilim: #REF!
Name bs_SganRakaz: ' איוש משרות (9)'!$B$16:$N$516
Name gan_bitzua: 'גנים - דוח ביצוע (5)'!$A$17:$O$1017
Name gan_hotzaot: 'דוח הוצאות בפועל (2)'!$B$9:$E$15
Name gan_mafilim: #REF!
Name gan_matzevet: 'גנים - מצבת והרשמה (4)'!$B$15:$I$1015
Name gan_melagot: 'תשלומי הורים ומלגות להורים (3) '!$B$10:$I$12
Name gan_netunim: 'נתונים כללים (1)'!$C$5:$C$7
Name gan_rakazot: 'רכזות גנים - דוח ביצוע (8)'!$B$16:$I$316
Name איש_צוות: 'גיליון עזר'!$A$2:$F$2
Name בדיק: #REF!
Name בדיק: #REF!
Name בדיק: #REF!
Name בדיקה: #REF!
Name בדיקה: #REF!
Name בדיקה: #REF!
Name בדיקה: #REF!
Name בדיקה: #REF!
Name בדיקה: [1]מעמד!$B$2:$B$3
Name בדיקה: #REF!
Name בדיקה: 'גיליון עזר'!$A$19:$A$20
Name גן: 'גנים - מצבת והרשמה (4)'!$C$15:$C$20
Name גננת: 'גיליון עזר'!$A$3:$A$8
Name השתתפות_לילד_ביס: '[2]גנים ובתי ספר- מבנה תקציב'!$B$80:$H$90
Name השתתפות_לילד_ביס: '[2]גנים ובתי ספר- מבנה תקציב'!$B$80:$H$90
Name השתתפות_לילד_ביס: 'גנים ובתי ספר- מבנה תקציב'!$B$80:$H$90
Name השתתפות_לילד_ביס: '[2]גנים ובתי ספר- מבנה תקציב'!$B$80:$H$90
Name השתתפות_לילד_ביס: '[2]גנים ובתי ספר- מבנה תקציב'!$B$80:$H$90
Name השתתפות_לילד_ביס: '[2]גנים ובתי ספר- מבנה תקציב'!$B$80:$H$90
Name השתתפות_לילד_ביס: '[1]גנים ובתי ספר- מבנה תקציב'!$B$66:$G$76
Name ישובים_מפונים: #REF!
Name ישובים_מפונים: #REF!
Name ישובים_מפונים: #REF!
Name ישובים_מפונים: #REF!
Name ישובים_מפונים: #REF!
Name ישובים_מפונים: #REF!
Name ישובים_מפונים: #REF!
Name ישובים_מפונים: #REF!
Name מוכשר: #REF!
Name מוכשר: #REF!
Name מוכשר: #REF!
Name מוכשר: #REF!
Name מוכשר: #REF!
Name מוכשר: [1]מעמד!$A$3
Name מוכשר: #REF!
Name מוכשר: 'גיליון עזר'!$B$20
Name מוסדות: '[2]מצבת והרשמה (2)'!$C$21:$C$520
Name מעמד: '[2]מצבת והרשמה (2)'!#REF!
Name מעמד: '[2]מצבת והרשמה (2)'!#REF!
Name מעמד: '[2]מצבת והרשמה (2)'!#REF!
Name מעמד: '[2]מצבת והרשמה (2)'!#REF!
Name מעמד: '[2]מצבת והרשמה (2)'!#REF!
Name מעמד: '[1] מצבת והרשמה (3)'!$F$5
Name מעמד: '[2]מצבת והרשמה (2)'!#REF!
Name מעמד: 'גנים - מצבת והרשמה (4)'!#REF!
Name מעמד_משפטי: #REF!
Name מעמד_משפטי: #REF!

Sheet תוכן העניינים
B2: תוכנית הגנים ובתי הספר של החופש הגדול - תשפ"ו | דוח ביצוע ותקצוב
B3: יש למלא את הגיליונות לפי הסדר המוצג מטה (שלב 1 עד 9). לחצו על שם השלב למעבר ישיר.
B5: מקרא צבעים:
C6: תא קלט - יש למלא | D6: תא מחושב/נעול - אין לערוך | E6: שגיאה / לא תקין
B9: # | C9: שלב / גיליון | D9: הסבר קצר | E9: הנחיות מפורטות | F9: סטטוס מילוי | G9: בדיקת תקינות
B10: 1 | C10: נתונים כלליים (1) | D10: מלאו פרטי רשות, אנשי קשר וגופים מפעילים | E10: הנחיות כלליות | F10: =IF('נתונים כללים (1)'!$C$5="","טרם מולא","תקין") -> טרם מולא | G10: =IF('נתונים כללים (1)'!$E$4="","תקין","לא תקין, יש לתקן דיווח!") -> לא תקין, יש לתקן דיווח!
B11: 2 | C11: דוח הוצאות בפועל (2) | D11: מלאו הוצאות בפועל לפי סעיפים תקציביים | E11: הנחיות למילוי הדוח | F11: =IF('דוח הוצאות בפועל (2)'!$C$15=0,"טרם מולא","תקין") -> טרם מולא
B12: 3 | C12: תשלומי הורים ומלגות להורים (3) | D12: גבייה מהורים ומלגות שניתנו | E12: הנחיות למילוי הדוח | F12: =IF('תשלומי הורים ומלגות להורים (3) '!$C$11=0,"טרם מולא","תקין") -> טרם מולא
B13: 4 | C13: גנים- מצבת והרשמה (4) | D13: מתעדכן אוטומטית - אין למלא | E13: הנחיות למילוי הדוח
B14: 5 | C14: גנים- דוח ביצוע (5) | D14: בחרו סמל מוסד, מפעיל ותאריכי פעילות | E14: הנחיות למילוי הדוח | F14: =IF('גנים - דוח ביצוע (5)'!$H$11=0,"טרם מולא","תקין") -> טרם מולא | G14: =IF('גנים - דוח ביצוע (5)'!$L$2=" ","תקין","לא תקין, יש לתקן דיווח!") -> תקין
B15: 6 | C15: עלויות כח אדם (6) | D15: פירוט כח אדם, תפקידים ושעות | E15: הנחיות למילוי הדוח | F15: =IF('פירוט עלויות כח אדם (6)'!G13=0,"טרם מולא","תקין") -> טרם מולא | G15: =IF('פירוט עלויות כח אדם (6)'!$I$4=" ","תקין","לא תקין, יש לתקן דיווח!") -> תקין
B16: 7 | C16: סייעות רפואיות או אישיות (7) | D16: פרטי סייעות ותלמידים זכאים | E16: הנחיות למילוי הדוח | F16: =IF('סייעות רפואיות או אישיות (7)'!$D$13=0,"טרם מולא","תקין") -> טרם מולא
B17: 8 | C17: רכזות גנים- דוח ביצוע (8) | D17: נבדק אוטומטית - אין למלא | E17: הנחיות למילוי הדוח | F17: =IF('רכזות גנים - דוח ביצוע (8)'!H10="","טרם מולא","תקין") -> תקין
B18: 9 | C18: איוש משרות (9) | D18: נבדק אוטומטית - אין למלא | E18: הנחיות למילוי הדוח | F18: =IF(' איוש משרות (9)'!$C$17="","טרם מולא","תקין") -> טרם מולא | G18: =IF(' איוש משרות (9)'!$K$4=" ","תקין","לא תקין, יש לתקן דיווח!") -> תקין
B19: 10 | C19: ריכוז נתונים (10) | D19: גיליון מחושב ונעול - לעיון בלבד | E19: הנחיות למילוי הדוח

Sheet הנחיות כלליות
A1: גירסה גנים הרחבה 8.2026
A2: בס"ד | B2: הנחיות למילוי
A3: תכנית בתי הספר והגנים של החופש הגדול, קיץ תשפ"ו
A4: מסמכים נדרשים ודגשים לדיווח לצורך קבלת תקצוב
A6: >> חשוב לקרוא בעיון את ההוראות על מנת להגיש את המסמכים בצורה תקינה ולמנוע קיזוזים מיותרים!
A8: להלן רשימת מסמכים הנדרשים לצורך קבלת תקצוב ברשויות עבור תוכנית "הגנים ובית הספר של החופש הגדול" תשפ"ו בגני הילדים ובכיתות א-ג:
A9: סעיף | B9: מס' | C9: מסמכים נדרשים ודגשים לדיווח
A10: שכר | B10: 1 | C10: יש להגדיר בתוכנת השכר מחלקה/רכיב נפרדת עבור שכר עובדי הקייטנה.
B11: 2 | C11: דוח ריכוז משכורות – דוח מרוכז לכלל העובדים המכיל פירוט של כל רכיבי השכר ששולמו לעובדים בחודש הקייטנה – יולי 2026, בהתאמה לנתונים שדווחו בדוח ביצוע. יצוין כי כל תוכנה מגדירה את הדוח בשם אחר (לדוגמא: דוח חזותי, ריכוז תלושים, דוח רכיבי שכר) ולכן נא להתייחס לרכיבים הנדרשים בדוח.
B12: 3 | C12: דוח עלות – דוח מרכז המפרט את עלויות המעסיק של כלל העובדים (נקרא: דוח 66) בהתאמה לסכום שדווח בדוח ביצוע.
B13: 4 | C13: כרטסת הוצאות שכר – כרטסת הנהלת חשבונות נפרדת המכילה את הוצאות השכר בגין הקייטנה בלבד, בהתאמה לסכום שדווח בדוח ביצוע. במידה וכרטסת השכר כוללת הוצאות שכר בגין פעילות העשרה יש לצרף מסמך התאמה ברור ולציין את שם העובד המועסק ותפקידו בקייטנה (לדוג' ישראל ישראלי – פעילות ספורט).
A14: ניהול ותפעול | B14: 1 | C14: כרטסת ניהול ותפעול – א. כרטסת הנהלת חשבונות נפרדת המכילה את הוצאות הניהול והתפעול בהתאמה לסכום שדווח בדוח ביצוע. הכרטסת צריכה להכיל את פירוט מהות ההוצאות ושמות הספקים של כל חשבונית. ב. ההוצאות צריכות להתבצע בחודש הפעילות – חודש יולי 2026. במידה וההוצאות רשומות במועדים אחרים יש לצרף הסבר.
A15: העשרה | B15: 1 | C15: כרטסת העשרה – א. כרטסת הנהלת חשבונות נפרדת המכילה את הוצאות העשרה בהתאמה לסכום שדווח בדוח ביצוע. הכרטסת צריכה להכיל את פירוט מהות ההוצאות ושמות הספקים של כל חשבונית. ב. ההוצאות צריכות להתבצע בחודש הפעילות – חודש יולי 2026. במידה וההוצאות רשומות במועדים אחרים יש לצרף הסבר.
A16: ארוחת בוקר | B16: 1 | C16: כרטסת ארוחת בוקר - כרטסת הנהלת חשבונות נפרדת המכילה את ההוצאות שדווחו בדוח ביצוע בגין ארוחת בוקר כהגדרתה בקול קורא – "ארוחת בוקר קלה במימון המסגרת" (לא ממתקים כגון קרטיבים וכד'). הכרטסת צריכה להכיל את פירוט מהות ההוצאות ושמות הספקים של כל חשבונית.
A17: גביה | C17: ברשויות בהן קיימת גביה מההורים נדרש להגיש את המסמכים הבאים:
B18: 1 | C18: כרטסת גביה מההורים - כרטסת הנהלת חשבונות נפרדת המכילה את ההכנסות בגין הכנסות גביה בהתאמה לסכום שדווח בדוח ביצוע.
B19: 2 | C19: כרטסת מלגות – כרטסת הנהלת חשבונות נפרדת המכילה את המלגות שניתנו להורים בהתאמה לסכום שדווח בדוח ביצוע, יש להקפיד על רישום בשיטת הברוטו ובהתאמה לדרישות קול הקורא בנושא.
A20: חשוב מאוד! | B20: 1 | C20: נדרש להעביר את הקבצים בפורמט אקסל.
B21: 2 | C21: יש להעביר קבצים מקוריים מתוכנת השכר או מתוכנת הנהלת חשבונות ולא קבצים מעובדים. (במידת הצורך ניתן להעביר מסמך התאמה).
B22: 3 | C22: נדרש רישום הוצאות או הכנסות בכרטסות נפרדות למוסדות כדלהלן: גנים רשמי – לכלל הגנים יחד (שכר בנפרד העשרה בנפרד וכו', כל כרטסת מכילה את ההוצאות של כל הגנים רשמי בלבד), גנים מוכשר – לכלל הגנים יחד, בתי ספר רשמי – כל בית ספר בנפרד (שכר בנפרד העשרה בנפרד וכו', כל כרטסת מכילה את ההוצאות של כל מוסד בנפרד), בתי ספר מוכשר – כל בית ספר בנפרד.
B23: 4 | C23: יש להקפיד על ניהול ותיעוד אסמכתאות מפורטות ברמת מוסד ככל הניתן.
B24: 5 | C24: במידה והרשות מבצעת את פעילות העשרה או הדרכה באמצעות עובדים חיצוניים (תשלום בחשבונית), יש לצרף בנוסף לכרטסת חשבונית מס או קבלה בגין השירות שניתן. על החשבונית להיות מפורטת וכוללת כמות שעות תאריכים ותעריפים.
B25: 6 | C25: לכל שאלה בנושא אופן הגשת המסמכים יש לפנות למדריכות מטעם משרד החינוך בדוא"ל.

Sheet הנחיות למילוי הדוח
A3: שם גיליון | B3: מס' | C3: הנחיות למילוי דוח הביצוע
A4: כללי | B4: 1 | C4: יש להקפיד למלא את הגיליונות לפי סדר הצגתם בדוח מגיליון 1 עד גיליון 8.
A5: נתונים כלליים (1) | B5: 1 | C5: יש לבחור את שם הרשות מהרשימה הנפתחת.
B6: 2 | C6: יש למלא נתוני אנשי קשר- גזבר ומנהל מחלקת חינוך. לתשומת לב, לכתובות מייל אלו יישלחו המכתבים.
B7: 3 | C7: יש לרשום בגליון את פרטי כל הגופים איתם הרשות התקשרה בהסכמים לביצוע הפעילות כולה או חלקה. בעמודת הערות יש לפרט את הפעילות שבוצעה ע"י כל אחד מהגופים.
B8: 4 | C8: במקרים שישנה בנוסף גם חברה מנהלת (כגון משכ"ל, החברה למשאבי אנוש וכו') יש לציין זאת. במקרים שהרשות מפעילה את הפעילות בעצמה, ומעסיקה את העובדים בתכנית, יש לציין זאת.
A9: דוח הוצאות בפועל (2) | B9: 1 | C9: יש להקפיד ולערוך את הדוח אך ורק עפ"י ההוצאות והנתונים שנכללו במערכת הנהלת החשבונות של הרשות. יש למלא את מספר הסעיף התקציבי בו נרשמה ההוצאה בכל אחד מהסעיפים בדוח הביצוע הכספי.
B10: 2 | C10: לגבי "הוצאות ניהול ותפעול" (תקורה) - אין צורך להציג את מספרי הסעיפים התקציביים בהם נרשמו ההוצאות.
B11: 3 | C11: לגבי "מלגות להורים" - יש לרשום את הסכום הכולל שהרשות חילקה להורים כמלגות ושימשו למימון התכנית במקום תשלומי הורים. בכלל זה, גם סכומי המלגות שמתוקצבות ע"י משרד החינוך.
A12: תשלומי הורים ומלגות להורים (3) | B12: 1 | C12: הסכום שחולק כמלגות להורים, מועבר מגיליון דוח הוצאות בפועל (2), כאמור לעיל.
B13: 2 | C13: יש למלא בעמודה H את כמות הילדים להם ניתנה מלגה.
B14: 3 | C14: יש למלא בעמודה I את כמות הילדים עבורם בוצעה גביה.
B15: 4 | C15: יש להקפיד ולרשום את מספרי הכרטיסים בהם נרשמו ההכנסות בסעיפים אלו.
A16: מצבת והרשמה (4) | B16: 1 | C16: הגיליון כולו מוזן באופן אוטומטי.
B17: 2 | C17: סמל מוסד של גני ילדים בחטיבות צעירות ידווח כחלק מגני הילדים של הרשות בדו״ח הביצוע של גני הילדים.
A18: דוח ביצוע (5) | B18: 1 | C18: בעמודה C - "סמל גן בו מתקיימת הפעילות" - יש לבחור סמל גן מהרשימה הנפתחת. יש להקפיד כי כל סמל גן יירשם פעם אחת בלבד.
B19: 2 | C19: יש לבחור מרשימה נפתחת את מפעיל התוכנית.
B20: 3 | C20: בעמודות F ו-G "ביצוע בפועל" - יש למלא את מספר התלמידים עבורם הרשות דורשת תשלום.
B21: 4 | C21: בעמודות I, H "תקופת הפעילות" - יש לרשום את תאריכי הפתיחה והסגירה בני הילדים.
B22: 5 | C22: בבתי"ס בהם מספר הימים נמוך מ- 15 יש לציין בעמודה L את הסיבה (לדוגמא: פעילות עד ט' באב, איחוד עם בי"ס אחר בגלל מיעוט משתתפים וכו') וכן בעמודה M האם אושר ע"י המשרד. כמו כן בגנים בהם מספר התלמידים נמוך ממינימום משתתפים - 15 תלמידים יש לציין את הסיבה לכך ולצרף את אישור כאסמכתא.
A23: עלויות כח אדם (6) | B23: 1 | C23: בכל שורה בטבלה, יש למלא את התא בעמודה I רק לאחר מילוי התא בעמודה H. בעמודות אלו יש לבחור את סוג איש הצוות ואת התפקיד מתוך הרשימה הנפתחת, סעיפים שיירשמו באופן שונה לא ייכנסו לחישוב התשלום בגיליון (10). יש לשים לב שחלק מהתאים בעמודה I ימולאו באופן אוטומטי ללא צורך בבחירה מתוך הרשימה הנפתחת (התאים ייצבעו בלבן אוטומטית).
A24: סייעות רפואיות או אישיות (7) | B24: 1 | C24: יש למלא סייעות רפואיות או אישיות שהועסקו במהלך הפעילות ומספרי הזהות של התלמידים הזכאים במהלך השנה.
A25: רכזות גנים - דוח ביצוע (8) | B25: 1 | C25: בעמודה C - יש למלא את סמלי הגנים עבורם בהם הועסק/ה בפועל רכז/ת גנים.
B26: 2 | C26: בעמודה G - יש למלא את היקף המשרה שהועסק/ה רכז/ת הגנים עבור הגן שבאותה שורה.
A27: איוש משרות (9) | B27: 1 | C27: בגיליון זה אין צורך להזין נתונים, נתוני איוש המשרות נלקחים מגיליון 'פירוט עלויות כח אדם (6)', נתוני המוסדות וכמות תלמידים נלקחים מגיליון 'גנים-דוח ביצוע (5)' במידה ויש לרשות הערות ניתן לציין בעמודה L.
B28: 2 | C28: שימו לב, בהתאם לסעיף ג.1.ב. בקול קורא איוש הצוות החינוכי במתכונות שמפורטת בקול קורא הינם תנאי סף לתקצוב התוכנית כולה.
A29: גיליון ריכוז נתונים (10) | B29: 1 | C29: בגיליון זה אין צורך להזין נתונים, הגיליון כולו מחושב עפ"י הנתונים שמולאו בגיליונות 1-8 כאמור לעיל.

Sheet גנים ובתי ספר- מבנה תקציב
E1: תכנית בתי הספר והגנים של החופש הגדול, קיץ תשפ"ו
E2: חישוב לפי מרכיבי התקצוב והעלויות שפורסמו
A4: א. | B4: מבנה תקציבי גנים
B6: מפתח עלות לתלמיד - כל האשכולות כולל גבייה מהורים
B7: סוג המסגרת | C7: סוג עלות | D7: מספר ימים/תלמידים | E7: סל ניהול ותפעול | F7: סל הדרכה | G7: סל העשרה | H7: סל גמיש | I7: סה"כ
B8: גן רגיל | C8: כוללת למסגרת של 25 תלמידים | D8: 5 | E8: 428 | F8: 3920 | G8: 1400 | H8: 800 | I8: =SUM(E8:H8) -> 6548
D9: משקל יחסי | E9: =E8/$I$8 -> 0.06536347 | F9: =F8/$I$8 -> 0.59865608 | G9: =G8/$I$8 -> 0.21380574 | H9: =H8/$I$8 -> 0.12217471 | I9: =SUM(E9:H9) -> 1
C10: לתלמיד נורמטיבי | D10: לתלמיד ליום | E10: =E8/25/5 -> 3.424 | F10: =F8/25/5 -> 31.36 | G10: =G8/25/5 -> 11.2 | H10: =H8/25/5 -> 6.4 | I10: =I8/25/5 -> 52.384
D11: לתלמיד ל- 15 ימים | E11: =E10*15 -> 51.36 | F11: =F10*15 -> 470.4 | G11: =G10*15 -> 168 | H11: =H10*15 -> 96 | I11: =I8/25*3 -> 785.76
C12: הרחבה | D12: 5 | E12: 497 | F12: 4895 | G12: 1400 | H12: 800 | I12: =SUM(E12:H12) -> 7592
D13: משקל יחסי | E13: =E12/$I$12 -> 0.065463646 | F13: =F12/$I$12 -> 0.64475764 | G13: =G12/$I$12 -> 0.18440464 | H13: =H12/$I$12 -> 0.10537408 | I13: =SUM(E13:H13) -> 1
D14: לתלמיד ליום | E14: =E12/25/5 -> 3.976 | F14: =F12/25/5 -> 39.16 | G14: =G12/25/5 -> 11.2 | H14: =H12/25/5 -> 6.4 | I14: =I12/25/5 -> 60.736
D15: לתלמיד ל- 7 ימים | E15: =E14*7 -> 27.832 | F15: =F14*7 -> 274.12 | G15: =G14*7 -> 78.4 | H15: =H14*7 -> 44.8 | I15: =I14*7 -> 425.152
B18: עלות קבועה לרכזת גנים שאושרה
B19: סוג המסגרת | C19: סוג עלות | D19: מספר ימים | E19: עלות לרכזת | F19: עלות לגן
B20: גנים | C20: שכר עבור ריכוז 5 גנים בהם המובילה איננה גננת, לפי 5 שעות ביום ו- 103.6 ש"ח עלות שעה | D20: 7 | E20: =6*D20*103.6 -> 4351.2 | F20: =E20/5 -> 870.24
B22: מפתח השתתפויות לתלמיד גן
B24: מפתח השתתפויות לתלמיד ח. רגיל | G24: =I11 -> 785.76 | H24: =I15 -> 425.152
B25: אשכול למ"ס | C25: גבייה מההורים | D25: גבייה מההורים - הרחבה | E25: סבסוד המשרד - חינוך רגיל | F25: סבסוד המשרד - חינוך רגיל -הרחבה | G25: אחוז הסבסוד חינוך רגיל | H25: אחוז הסבסוד חינוך רגיל-הרחבה
B26: 1 | C26: 75 | D26: 35 | E26: =$G$24-C26 -> 710.76 | F26: =$H$24-D26 -> 390.152 | G26: =1-C26/$G$24 -> 0.90455101 | H26: =1-D26/$H$24 -> 0.9176765
B27: 2 | C27: 75 | D27: 35 | E27: =$G$24-C27 -> 710.76 | F27: =$H$24-D27 -> 390.152 | G27: =1-C27/$G$24 -> 0.90455101 | H27: =1-D27/$H$24 -> 0.9176765
B28: 3 | C28: 75 | D28: 35 | E28: =$G$24-C28 -> 710.76 | F28: =$H$24-D28 -> 390.152 | G28: =1-C28/$G$24 -> 0.90455101 | H28: =1-D28/$H$24 -> 0.9176765
B29: 4 | C29: 75 | D29: 35 | E29: =$G$24-C29 -> 710.76 | F29: =$H$24-D29 -> 390.152 | G29: =1-C29/$G$24 -> 0.90455101 | H29: =1-D29/$H$24 -> 0.9176765
B30: 5 | C30: 300 | D30: 140 | E30: =$G$24-C30 -> 485.76 | F30: =$H$24-D30 -> 285.152 | G30: =1-C30/$G$24 -> 0.61820403 | H30: =1-D30/$H$24 -> 0.67070601
B31: 6 | C31: 300 | D31: 140 | E31: =$G$24-C31 -> 485.76 | F31: =$H$24-D31 -> 285.152 | G31: =1-C31/$G$24 -> 0.61820403 | H31: =1-D31/$H$24 -> 0.67070601
B32: 7 | C32: 300 | D32: 140 | E32: =$G$24-C32 -> 485.76 | F32: =$H$24-D32 -> 285.152 | G32: =1-C32/$G$24 -> 0.61820403 | H32: =1-D32/$H$24 -> 0.67070601
B33: 8 | C33: 450 | D33: 210 | E33: =$G$24-C33 -> 335.76 | F33: =$H$24-D33 -> 215.152 | G33: =1-C33/$G$24 -> 0.42730605 | H33: =1-D33/$H$24 -> 0.50605901
B34: 9 | C34: 450 | D34: 210 | E34: =$G$24-C34 -> 335.76 | F34: =$H$24-D34 -> 215.152 | G34: =1-C34/$G$24 -> 0.42730605 | H34: =1-D34/$H$24 -> 0.50605901
B35: 10 | C35: 450 | D35: 210 | E35: =$G$24-C35 -> 335.76 | F35: =$H$24-D35 -> 215.152 | G35: =1-C35/$G$24 -> 0.42730605 | H35: =1-D35/$H$24 -> 0.50605901
A37: ב. | B37: מבנה תקציבי בתי ספר
B39: בית ספר - עלות לתלמיד
B40: מפתח עלות לתלמיד - כל האשכולות כולל גבייה מהורים
B41: סוג המסגרת | C41: סוג עלות | D41: מספר ימים | E41: סל ניהול ותפעול | F41: סל הדרכה | G41: סל העשרה | H41: סל גמיש | I41: סה"כ
B42: בי"ס רגיל | C42: כוללת למסגרת של 28 תלמידים | D42: 5 | E42: 396 | F42: 3108 | G42: 1550 | H42: 1000 | I42: =SUM(E42:H42) -> 6054
D43: משקל יחסי | E43: =E42/$I$42 -> 0.065411298 | F43: =F42/$I$42 -> 0.51337958 | G43: =G42/$I$42 -> 0.25602907 | H43: =H42/$I$42 -> 0.16518005 | I43: =SUM(E43:H43) -> 1
C44: לפי תלמיד נורמטיבי לתקופה | D44: לתלמיד ליום | E44: =E43*$I$44 -> 2.8285714 | F44: =F43*$I$44 -> 22.2 | G44: =G43*$I$44 -> 11.071429 | H44: =H43*$I$44 -> 7.1428571 | I44: =I42/28/5 -> 43.242857
D45: לתלמיד ל- 15 ימים | E45: =E43*$I$45 -> 42.428571 | F45: =F43*$I$45 -> 333 | G45: =G43*$I$45 -> 166.07143 | H45: =H43*$I$45 -> 107.14286 | I45: =I42/28*3 -> 648.64286
D46: לתלמיד ל- 7 ימים | E46: =E44*7 -> 19.8 | F46: =F44*7 -> 155.4 | G46: =G44*7 -> 77.5 | H46: =H44*7 -> 50 | I46: =SUM(E46:H46) -> 302.7
B47: בי"ס חנ"מ | C47: כוללת למסגרת של 8 תלמידים | D47: 5 | E47: 324 | F47: 3108 | G47: 1215 | H47: 300 | I47: =SUM(E47:H47) -> 4947
D48: משקל יחסי | E48: =E47/$I$47 -> 0.065494239 | F48: =F47/$I$47 -> 0.62825955 | G48: =G47/$I$47 -> 0.2456034 | H48: =H47/$I$47 -> 0.060642814 | I48: =SUM(E48:H48) -> 1
C49: לפי תלמיד נורמטיבי לתקופה | D49: לתלמיד ליום | E49: =E48*$I$49 -> 8.0996725 | F49: =F48*$I$49 -> 77.696859 | G49: =G48*$I$49 -> 30.373772 | H49: =H48*$I$49 -> 7.4996968 | I49: 123.67
D50: לתלמיד ל- 15 ימים | E50: =E48*$I$50 -> 121.49181 | F50: =F48*$I$50 -> 1165.4215 | G50: =G48*$I$50 -> 455.5943 | H50: =H48*$I$50 -> 112.49242 | I50: 1855
D51: לתלמיד ל- 7 ימים | E51: =E49*7 -> 56.697708 | F51: =F49*7 -> 543.87801 | G51: =G49*7 -> 212.6164 | H51: =H49*7 -> 52.497878 | I51: 865.66
B54: בית ספר תקציב קבוע למוסד
B55: עלות קבועה למוסד שמשתתף בתוכנית
B56: סוג עלות | C56: מספר ימים | D56: שכר רכז | E56: שכר סגן רכז | F56: ניהול ותפעול | G56: סה"כ | H56: תוספת שכר רכז -קיץ פלוס ד-ו (רק במוסדות רשמי) | I56: תקורה שכר רכז | J56: סה"כ
B57: בי"ס רגיל עד 150 תלמידים | C57: 5 | D57: =7*103.6*5+9/3*103.6 -> 3936.8 | E57: 0 | F57: =(D57)*0.07 -> 275.576 | G57: =SUM($D$57:$F$57) -> 4212.376 | H57: =1.5*103.6*5 -> 777 | I57: =H57*0.07 -> 54.39 | J57: =H57+I57 -> 831.39
C58: משקל יחסי | D58: =D57/$G$57 -> 0.93457944 | E58: =E57/$G$57 -> 0 | F58: =F57/$G$57 -> 0.065420561 | G58: =SUM($D$58:$F$58) -> 1
C59: לבי"ס ליום | D59: =D58*$G$59 -> 787.36 | E59: =E58*$G$59 -> 0 | F59: =F58*$G$59 -> 55.1152 | G59: =$G$57/5 -> 842.4752 | H59: =H57/5 -> 155.4 | I59: =I57/5 -> 10.878 | J59: =J57/5 -> 166.278
C60: לבי"ס ל- 15 ימים (20 ימים תוספת שכר רכז ד-ו) | D60: =D58*$G$60 -> 11810.4 | E60: =E58*$G$60 -> 0 | F60: =F58*$G$60 -> 826.728 | G60: =$G$59*15 -> 12637.128 | H60: =H59*15 -> 2331 | I60: =I59*15 -> 163.17 | J60: =J59*15 -> 2494.17
B61: בי"ס רגיל עד 150 תלמידים- הרחבה | C61: 7 | D61: =5897*0.93 -> 5484.21 | E61: 0 | F61: =5897*0.07 -> 412.79 | G61: =SUM($D$61:$F$61) -> 5897 | H61: =1.5*103.6*7 -> 1087.8 | I61: =H61*0.07 -> 76.146 | J61: =H61+I61 -> 1163.946
C62: משקל יחסי | D62: =D61/$G$61 -> 0.93 | E62: =E61/$G$61 -> 0 | F62: =F61/$G$61 -> 0.07 | G62: =SUM($D$62:$F$62) -> 1
C63: לבי"ס ליום | D63: =D61/7 -> 783.45857 | E63: =E61/7 -> 0 | F63: =F61/7 -> 58.97 | G63: =$G$61/7 -> 842.42857 | H63: =H61/7 -> 155.4 | I63: =H63*0.07 -> 10.878 | J63: =H63+I63 -> 166.278
C64: לבי"ס ל- 7 ימים | D64: =D62*$G$64 -> 5484.21 | E64: =E62*$G$64 -> 0 | F64: =F62*$G$64 -> 412.79 | G64: =$G$63*7 -> 5897 | H64: =H63*7 -> 1087.8 | I64: =I63*7 -> 76.146 | J64: =J63*7 -> 1163.946
B65: בי"ס גדול מעל 150 תלמידים | C65: 5 | D65: =(7*103.6*5+9*103.6/3) -> 3936.8 | E65: =(6*103.6*5+3*103.6/3) -> 3211.6 | F65: =(E65+D65)*0.07 -> 500.388 | G65: =SUM($D$65:$F$65) -> 7648.788 | H65: =1.5*103.6*5 -> 777 | I65: =H65*0.07 -> 54.39 | J65: =H65+I65 -> 831.39
C66: משקל יחסי | D66: =D65/$G$65 -> 0.51469592 | E66: =E65/$G$65 -> 0.41988352 | F66: =F65/$G$65 -> 0.065420561 | G66: =SUM($D$66:$F$66) -> 1
C67: לבי"ס ליום | D67: =D66*$G$67 -> 787.36 | E67: =E66*$G$67 -> 642.32 | F67: =F66*$G$67 -> 100.0776 | G67: =$G$65/5 -> 1529.7576 | H67: =H65/5 -> 155.4 | I67: =I65/5 -> 10.878 | J67: =J65/5 -> 166.278
C68: לבי"ס ל- 15 ימים | D68: =D67*15 -> 11810.4 | E68: =E67*15 -> 9634.8 | F68: =F67*15 -> 1501.164 | G68: =$G$67*15 -> 22946.364 | H68: =H67*15 -> 2331 | I68: =I67*15 -> 163.17 | J68: =J67*15 -> 2494.17
B69: בי"ס גדול מעל 150 תלמידים- הרחבה | C69: 7 | D69: =10708*0.93*(7/13) -> 5362.2369 | E69: =10708*0.93*(6/13) -> 4596.2031 | F69: =10708*0.07 -> 749.56 | G69: =SUM($D$69:$F$69) -> 10708 | H69: =1.5*103.6*7 -> 1087.8 | I69: =H69*0.07 -> 76.146 | J69: =H69+I69 -> 1163.946
C70: משקל יחסי | D70: =D69/$G$69 -> 0.50076923 | E70: =E69/$G$69 -> 0.42923077 | F70: =F69/$G$69 -> 0.07 | G70: =SUM($D$70:$F$70) -> 1
C71: לבי"ס ליום | D71: =D70*$G$71 -> 766.03385 | E71: =E70*$G$71 -> 656.60044 | F71: =F70*$G$71 -> 107.08 | G71: =$G$69/7 -> 1529.7143 | H71: =H69/7 -> 155.4 | I71: =H71*0.07 -> 10.878 | J71: =H71+I71 -> 166.278
C72: לבי"ס ל- 7 ימים | D72: =D69 -> 5362.2369 | E72: =E69 -> 4596.2031 | F72: =F69 -> 749.56 | G72: =SUM($D$72:$F$72) -> 10708 | H72: =H71*7 -> 1087.8 | I72: =I71*7 -> 76.146 | J72: =J71*7 -> 1163.946
B77: מפתח השתתפויות לתלמיד בית ספר
B79: מפתח השתתפויות לתלמיד ח. רגיל | G79: =I45 -> 648.64286 | H79: =I46 -> 302.7
B80: אשכול למ"ס | C80: גבייה מההורים | D80: גבייה מההורים - הרחבה | E80: סבסוד המשרד - חינוך רגיל | F80: סבסוד המשרד - חינוך רגיל -הרחבה | G80: אחוז הסבסוד חינוך רגיל | H80: אחוז הסבסוד חינוך רגיל-הרחבה
B81: 1 | C81: 75 | D81: 35 | E81: =$G$79-C81 -> 573.64286 | F81: =$H$79-D81 -> 267.7 | G81: =1-C81/$G$79 -> 0.88437397 | H81: =1-D81/$H$79 -> 0.88437397
B82: 2 | C82: 75 | D82: 35 | E82: =$G$79-C82 -> 573.64286 | F82: =$H$79-D82 -> 267.7 | G82: =1-C82/$G$79 -> 0.88437397 | H82: =1-D82/$H$79 -> 0.88437397
B83: 3 | C83: 75 | D83: 35 | E83: =$G$79-C83 -> 573.64286 | F83: =$H$79-D83 -> 267.7 | G83: =1-C83/$G$79 -> 0.88437397 | H83: =1-D83/$H$79 -> 0.88437397
B84: 4 | C84: 75 | D84: 35 | E84: =$G$79-C84 -> 573.64286 | F84: =$H$79-D84 -> 267.7 | G84: =1-C84/$G$79 -> 0.88437397 | H84: =1-D84/$H$79 -> 0.88437397
B85: 5 | C85: 300 | D85: 140 | E85: =$G$79-C85 -> 348.64286 | F85: =$H$79-D85 -> 162.7 | G85: =1-C85/$G$79 -> 0.53749587 | H85: =1-D85/$H$79 -> 0.53749587
B86: 6 | C86: 300 | D86: 140 | E86: =$G$79-C86 -> 348.64286 | F86: =$H$79-D86 -> 162.7 | G86: =1-C86/$G$79 -> 0.53749587 | H86: =1-D86/$H$79 -> 0.53749587
B87: 7 | C87: 300 | D87: 140 | E87: =$G$79-C87 -> 348.64286 | F87: =$H$79-D87 -> 162.7 | G87: =1-C87/$G$79 -> 0.53749587 | H87: =1-D87/$H$79 -> 0.53749587
B88: 8 | C88: 450 | D88: 210 | E88: =$G$79-C88 -> 198.64286 | F88: =$H$79-D88 -> 92.7 | G88: =1-C88/$G$79 -> 0.30624381 | H88: =1-D88/$H$79 -> 0.30624381
B89: 9 | C89: 450 | D89: 210 | E89: =$G$79-C89 -> 198.64286 | F89: =$H$79-D89 -> 92.7 | G89: =1-C89/$G$79 -> 0.30624381 | H89: =1-D89/$H$79 -> 0.30624381
B90: 10 | C90: 450 | D90: 210 | E90: =$G$79-C90 -> 198.64286 | F90: =$H$79-D90 -> 92.7 | G90: =1-C90/$G$79 -> 0.30624381 | H90: =1-D90/$H$79 -> 0.30624381
B92: מפתח השתתפויות לתלמיד בית ספר
B94: מפתח השתתפויות לתלמיד ח. מיוחד | G94: =I50 -> 1855 | H94: =I51 -> 865.66
B95: אשכול למ"ס | C95: גבייה מההורים | D95: גבייה מההורים - הרחבה | E95: סבסוד המשרד - חינוך רגיל | F95: סבסוד המשרד - חינוך רגיל -הרחבה | G95: אחוז הסבסוד חינוך רגיל | H95: אחוז הסבסוד חינוך רגיל-הרחבה
B96: 1 | C96: 75 | D96: 35 | E96: =$G$94-C96 -> 1780 | F96: =$H$94-D96 -> 830.66 | G96: =1-C96/$G$79 -> 0.88437397 | H96: =1-D96/$H$79 -> 0.88437397
B97: 2 | C97: 75 | D97: 35 | E97: =$G$94-C97 -> 1780 | F97: =$H$94-D97 -> 830.66 | G97: =1-C97/$G$79 -> 0.88437397 | H97: =1-D97/$H$79 -> 0.88437397
B98: 3 | C98: 75 | D98: 35 | E98: =$G$94-C98 -> 1780 | F98: =$H$94-D98 -> 830.66 | G98: =1-C98/$G$79 -> 0.88437397 | H98: =1-D98/$H$79 -> 0.88437397
B99: 4 | C99: 75 | D99: 35 | E99: =$G$94-C99 -> 1780 | F99: =$H$94-D99 -> 830.66 | G99: =1-C99/$G$79 -> 0.88437397 | H99: =1-D99/$H$79 -> 0.88437397
B100: 5 | C100: 300 | D100: 140 | E100: =$G$94-C100 -> 1555 | F100: =$H$94-D100 -> 725.66 | G100: =1-C100/$G$79 -> 0.53749587 | H100: =1-D100/$H$79 -> 0.53749587
B101: 6 | C101: 300 | D101: 140 | E101: =$G$94-C101 -> 1555 | F101: =$H$94-D101 -> 725.66 | G101: =1-C101/$G$79 -> 0.53749587 | H101: =1-D101/$H$79 -> 0.53749587
B102: 7 | C102: 300 | D102: 140 | E102: =$G$94-C102 -> 1555 | F102: =$H$94-D102 -> 725.66 | G102: =1-C102/$G$79 -> 0.53749587 | H102: =1-D102/$H$79 -> 0.53749587
B103: 8 | C103: 450 | D103: 210 | E103: =$G$94-C103 -> 1405 | F103: =$H$94-D103 -> 655.66 | G103: =1-C103/$G$79 -> 0.30624381 | H103: =1-D103/$H$79 -> 0.30624381
B104: 9 | C104: 450 | D104: 210 | E104: =$G$94-C104 -> 1405 | F104: =$H$94-D104 -> 655.66 | G104: =1-C104/$G$79 -> 0.30624381 | H104: =1-D104/$H$79 -> 0.30624381
B105: 10 | C105: 450 | D105: 210 | E105: =$G$94-C105 -> 1405 | F105: =$H$94-D105 -> 655.66 | G105: =1-C105/$G$79 -> 0.30624381 | H105: =1-D105/$H$79 -> 0.30624381
B107: תקצוב עבור רכז רשותי
B108: עלות חודשית רכז | C108: מספר חודשי פעילות | D108: ס"ה תקציב רכז רשותי
B109: 10000 | C109: 2 | D109: 20000

Sheet נתונים כללים (1)
A1: תוכן העניינים | C1: תכנית בתי הספר והגנים של החופש הגדול, קיץ תשפ"ו
B3: נתונים כללים
E4: =IF(AND(E5=" ",E6=" ",E7=" ")," ","שגיאות בגיליון:") -> שגיאות בגיליון:
B5: שם הרשות המקומית | C5: באר טוביה | E5: =IF(ISBLANK(C5),"יש לבחור את שם הרשות מהרשימה הנפתחת"," ") -> יש לבחור את שם הרשות מהרשימה הנפתחת
B6: מספר אשכול למ"ס | C6: =IFERROR(VLOOKUP($C$5,'רשימת רשויות'!A:B,2,0),"") | E6: =IF(C13="","יש למלא נתוני אנשי קשר ברשות"," ") -> יש למלא נתוני אנשי קשר ברשות
B7: תעריף לילד חלק ההורים - ש"ח | C7: =IFERROR(VLOOKUP(C6,'גנים ובתי ספר- מבנה תקציב'!$B$25:$D$35,3,0),0) -> 0 | E7: {=IF(טבלה22[שם הגוף המפעיל ו/או מעסיק את העובדים]="","יש למלא נתוני מפעילי התכנית"," ")} -> יש למלא נתוני מפעילי התכנית
B10: אנשי קשר ברשות
B12: תפקיד | C12: שם פרטי | D12: שם משפחה | E12: טלפון | F12: מייל
B13: גזבר | C13: ענבל | D13: ברמי | F13: inbalb@beer-tuvia.org.il
B14: מנהלת מחלקת חינוך | C14: דורון | D14: חנין | F14: doronh@beer-tuvia.org.il
A15: אנשי קשר נוספים:
B18: מפעילי התכנית
A19: מס' סידורי | B19: שם הגוף המפעיל ו/או מעסיק את העובדים | C19: מספר עמותה/ חברה/ עוסק | D19: מפתח חלוקה בין מפעילים | E19: פרטי חברה מנהלת | F19: הערות
A20: 1 | B20: אמיתי לוי יזמות בע"מ | C20: 516498417 | F20: קייטנת בוקר
A21: 2
A22: 3
A23: 4
A24: 5
A25: 6
A26: 7
A27: 8
A28: 9
A29: 10
A30: 11
A31: 12
A32: 13
... A49: 30

Sheet דוח הוצאות בפועל (2)
A1: תוכן העניינים | C1: תכנית בתי הספר והגנים של החופש הגדול, קיץ תשפ"ו
B3: שם הרשות המקומית | C3: ='נתונים כללים (1)'!$C$5 -> 0
B4: מספר אשכול למ"ס | C4: ='נתונים כללים (1)'!$C$6
B5: תעריף לילד חלק ההורים - ש"ח | C5: ='נתונים כללים (1)'!$C$7 -> 0
B7: דוח ביצוע כספי - הוצאות בפועל
A9: סידורי | B9: סלים | C9: סכום ההוצאה בפועל | D9: מספר כרטיס ספק בהנהלת חשבונות | E9: מקור הפעלה (רשות/קבלן משנה)
A10: 1 | B10: העשרה
A11: 2 | B11: ארוחת בוקר
A12: 3 | B12: מלגות להורים
B13: סה"כ הוצאות לפעילות | C13: =SUM(C10:C12) -> 0
A14: 4 | B14: ניהול ותפעול
B15: סה"כ הוצאות לתכנית | C15: =SUM(C13:C14) -> 0

Sheet תשלומי הורים ומלגות להורים (3) 
A1: תוכן העניינים | C1: תכנית בתי הספר והגנים של החופש הגדול, קיץ תשפ"ו
B3: שם הרשות המקומית | C3: ='נתונים כללים (1)'!$C$5 -> 0
B4: מספר אשכול למ"ס | C4: ='נתונים כללים (1)'!$C$6
B5: תעריף לילד חלק ההורים - ש"ח | C5: ='נתונים כללים (1)'!$C$7 -> 0
B8: דוח ביצוע כספי - הכנסות בפועל עבור חלק ההורים
M9: בקרות
B10: סלים | C10: הכנסות בפועל - ש"ח | D10: מלגות להורים | E10: הכנסות נטו | F10: נרשם ברשות בכרטיס הנה"ח מס' | G10: שם כרטיס | H10: כמות ילדים להם ניתנו מלגות | I10: כמות ילדים - גביה | J10: ממוצע גביה לילד | K10: כמות ילדים מדווחים | M10: הפרש כמות ילדים דיווח לעומת גביה | N10: הפרש גביה לילד לעומת תעריף לילד | O10: הסבר הרשות במידה ויש הפרש
B11: גבייה בפועל מהורים | D11: ='דוח הוצאות בפועל (2)'!$C$12 -> 0 | E11: =C11-D11 -> 0 | J11: =IFERROR(C11/I11,0) -> 0 | K11: ='גנים - מצבת והרשמה (4)'!G10 -> 0 | M11: =K11-I11 -> 0 | N11: =IF(J11>0,C5-J11,0) -> 0
B12: סה"כ הכנסות לתכנית עבור חלק ההורים | C12: =SUM(C11:C11) -> 0

Sheet גנים - מצבת והרשמה  (4)
A1: תוכן העניינים | D1: תכנית בתי הספר והגנים של החופש הגדול, קיץ תשפ"ו
B3: שם הרשות המקומית | D3: ='נתונים כללים (1)'!$C$5 -> 0
B4: סוג מוסד | D4: גנים | F4: בגיליון זה אין צורך להזין נתונים!
B5: מספר אשכול למ"ס | D5: ='נתונים כללים (1)'!$C$6
D7: גנים חינוך רגיל - מצבת תלמידים והרשמה
B9: סיכום | D9: מספר גנים חינוך רגיל | E9: מספר גנים בהם מתקיימת פעילות | F9: סה"כ ילדים במצבת סוף שנה | G9: מספר ילדים שנרשמו
D10: =COUNTIF(סמלים,">1") -> 0 | E10: =SUM(IF(FREQUENCY($F$16:$F$1015,$F$16:$F$1015)>0,1)) -> 0 | F10: =SUM($G$16:$G$1015) -> 0 | G10: =SUM($H$16:$H$1015) -> 0
E12: במידה ונתוני הרישום הרשומים בקובץ אינם תואמים לנתונים המאושרים על ידי משה"ח,
E13: יש לרשום מייל מפורט לכתובת: hofesh-gadol26@cdk-cpa.co.il
B15: מס' סידורי | C15: סמל גן | D15: שם הגן | E15: מעמד - רשמי/ מוכש"ר | F15: סמל גן בו מתקיימת הפעילות | G15: מספר ילדים במצבת סוף שנה | H15: מספר ילדים שנרשמו
B16: 1 | C16: {=IFERROR( INDEX('מצבת ורישום גנים'!B:$B, SMALL( IF(('מצבת ורישום גנים'!$A$3:$A$18000='נתונים כללים (1)'!$C$5), ROW('מצבת ורישום גנים'!$A$3:$A$18000)), ROW(A1)) ), "")} -> 0 | D16: =IF(C16="", "", IFERROR( IF(VLOOKUP(C16, 'מצבת ורישום גנים'!B:H,7, FALSE) =$D$3, VLOOKUP(C16,'מצבת ורישום גנים'!B:D, 3, FALSE), "המוסד לא קיים ברשות"), "המוסד לא קיים")) -> המוסד לא קיים | E16: =IFERROR(VLOOKUP(C16,'מצבת ורישום גנים'!B:G,6,0),"") | F16: =IFERROR(VLOOKUP(C:C,'מצבת ורישום גנים'!B:I,8,0)," ") | G16: =IFERROR(VLOOKUP(C:C,'מצבת ורישום גנים'!B:H,4,0),"") | H16: =IFERROR(VLOOKUP(C:C,'מצבת ורישום גנים'!B:H,5,0),"")
B17: 2 | C17: {=IFERROR( INDEX('מצבת ורישום גנים'!B:$B, SMALL( IF(('מצבת ורישום גנים'!$A$3:$A$18000='נתונים כללים (1)'!$C$5), ROW('מצבת ורישום גנים'!$A$3:$A$18000)), ROW(A2)) ), "")} -> 0 | D17: =IF(C17="", "", IFERROR( IF(VLOOKUP(C17, 'מצבת ורישום גנים'!B:H,7, FALSE) =$D$3, VLOOKUP(C17,'מצבת ורישום גנים'!B:D, 3, FALSE), "המוסד לא קיים ברשות"), "המוסד לא קיים")) -> המוסד לא קיים | E17: =IFERROR(VLOOKUP(C17,'מצבת ורישום גנים'!B:G,6,0),"") | F17: =IFERROR(VLOOKUP(C:C,'מצבת ורישום גנים'!B:I,8,0)," ") | G17: =IFERROR(VLOOKUP(C:C,'מצבת ורישום גנים'!B:H,4,0),"") | H17: =IFERROR(VLOOKUP(C:C,'מצבת ורישום גנים'!B:H,5,0),"")
B18: 3 | C18: {=IFERROR( INDEX('מצבת ורישום גנים'!B:$B, SMALL( IF(('מצבת ורישום גנים'!$A$3:$A$18000='נתונים כללים (1)'!$C$5), ROW('מצבת ורישום גנים'!$A$3:$A$18000)), ROW(A3)) ), "")} -> 0 | D18: =IF(C18="", "", IFERROR( IF(VLOOKUP(C18, 'מצבת ורישום גנים'!B:H,7, FALSE) =$D$3, VLOOKUP(C18,'מצבת ורישום גנים'!B:D, 3, FALSE), "המוסד לא קיים ברשות"), "המוסד לא קיים")) -> המוסד לא קיים | E18: =IFERROR(VLOOKUP(C18,'מצבת ורישום גנים'!B:G,6,0),"") | F18: =IFERROR(VLOOKUP(C:C,'מצבת ורישום גנים'!B:I,8,0)," ") | G18: =IFERROR(VLOOKUP(C:C,'מצבת ורישום גנים'!B:H,4,0),"") | H18: =IFERROR(VLOOKUP(C:C,'מצבת ורישום גנים'!B:H,5,0),"")
B19: 4 | C19: {=IFERROR( INDEX('מצבת ורישום גנים'!B:$B, SMALL( IF(('מצבת ורישום גנים'!$A$3:$A$18000='נתונים כללים (1)'!$C$5), ROW('מצבת ורישום גנים'!$A$3:$A$18000)), ROW(A4)) ), "")} -> 0 | D19: =IF(C19="", "", IFERROR( IF(VLOOKUP(C19, 'מצבת ורישום גנים'!B:H,7, FALSE) =$D$3, VLOOKUP(C19,'מצבת ורישום גנים'!B:D, 3, FALSE), "המוסד לא קיים ברשות"), "המוסד לא קיים")) -> המוסד לא קיים | E19: =IFERROR(VLOOKUP(C19,'מצבת ורישום גנים'!B:G,6,0),"") | F19: =IFERROR(VLOOKUP(C:C,'מצבת ורישום גנים'!B:I,8,0)," ") | G19: =IFERROR(VLOOKUP(C:C,'מצבת ורישום גנים'!B:H,4,0),"") | H19: =IFERROR(VLOOKUP(C:C,'מצבת ורישום גנים'!B:H,5,0),"")
B20: 5 | C20: {=IFERROR( INDEX('מצבת ורישום גנים'!B:$B, SMALL( IF(('מצבת ורישום גנים'!$A$3:$A$18000='נתונים כללים (1)'!$C$5), ROW('מצבת ורישום גנים'!$A$3:$A$18000)), ROW(A5)) ), "")} -> 0 | D20: =IF(C20="", "", IFERROR( IF(VLOOKUP(C20, 'מצבת ורישום גנים'!B:H,7, FALSE) =$D$3, VLOOKUP(C20,'מצבת ורישום גנים'!B:D, 3, FALSE), "המוסד לא קיים ברשות"), "המוסד לא קיים")) -> המוסד לא קיים | E20: =IFERROR(VLOOKUP(C20,'מצבת ורישום גנים'!B:G,6,0),"") | F20: =IFERROR(VLOOKUP(C:C,'מצבת ורישום גנים'!B:I,8,0)," ") | G20: =IFERROR(VLOOKUP(C:C,'מצבת ורישום גנים'!B:H,4,0),"") | H20: =IFERROR(VLOOKUP(C:C,'מצבת ורישום גנים'!B:H,5,0),"")
B21: 6 | C21: {=IFERROR( INDEX('מצבת ורישום גנים'!B:$B, SMALL( IF(('מצבת ורישום גנים'!$A$3:$A$18000='נתונים כללים (1)'!$C$5), ROW('מצבת ורישום גנים'!$A$3:$A$18000)), ROW(A6)) ), "")} -> 0 | D21: =IF(C21="", "", IFERROR( IF(VLOOKUP(C21, 'מצבת ורישום גנים'!B:H,7, FALSE) =$D$3, VLOOKUP(C21,'מצבת ורישום גנים'!B:D, 3, FALSE), "המוסד לא קיים ברשות"), "המוסד לא קיים")) -> המוסד לא קיים | E21: =IFERROR(VLOOKUP(C21,'מצבת ורישום גנים'!B:G,6,0),"") | F21: =IFERROR(VLOOKUP(C:C,'מצבת ורישום גנים'!B:I,8,0)," ") | G21: =IFERROR(VLOOKUP(C:C,'מצבת ורישום גנים'!B:H,4,0),"") | H21: =IFERROR(VLOOKUP(C:C,'מצבת ורישום גנים'!B:H,5,0),"")
B22: 7 | C22: {=IFERROR( INDEX('מצבת ורישום גנים'!B:$B, SMALL( IF(('מצבת ורישום גנים'!$A$3:$A$18000='נתונים כללים (1)'!$C$5), ROW('מצבת ורישום גנים'!$A$3:$A$18000)), ROW(A7)) ), "")} -> 0 | D22: =IF(C22="", "", IFERROR( IF(VLOOKUP(C22, 'מצבת ורישום גנים'!B:H,7, FALSE) =$D$3, VLOOKUP(C22,'מצבת ורישום גנים'!B:D, 3, FALSE), "המוסד לא קיים ברשות"), "המוסד לא קיים")) -> המוסד לא קיים | E22: =IFERROR(VLOOKUP(C22,'מצבת ורישום גנים'!B:G,6,0),"") | F22: =IFERROR(VLOOKUP(C:C,'מצבת ורישום גנים'!B:I,8,0)," ") | G22: =IFERROR(VLOOKUP(C:C,'מצבת ורישום גנים'!B:H,4,0),"") | H22: =IFERROR(VLOOKUP(C:C,'מצבת ורישום גנים'!B:H,5,0),"")
B23: 8 | C23: {=IFERROR( INDEX('מצבת ורישום גנים'!B:$B, SMALL( IF(('מצבת ורישום גנים'!$A$3:$A$18000='נתונים כללים (1)'!$C$5), ROW('מצבת ורישום גנים'!$A$3:$A$18000)), ROW(A8)) ), "")} -> 0 | D23: =IF(C23="", "", IFERROR( IF(VLOOKUP(C23, 'מצבת ורישום גנים'!B:H,7, FALSE) =$D$3, VLOOKUP(C23,'מצבת ורישום גנים'!B:D, 3, FALSE), "המוסד לא קיים ברשות"), "המוסד לא קיים")) -> המוסד לא קיים | E23: =IFERROR(VLOOKUP(C23,'מצבת ורישום גנים'!B:G,6,0),"") | F23: =IFERROR(VLOOKUP(C:C,'מצבת ורישום גנים'!B:I,8,0)," ") | G23: =IFERROR(VLOOKUP(C:C,'מצבת ורישום גנים'!B:H,4,0),"") | H23: =IFERROR(VLOOKUP(C:C,'מצבת ורישום גנים'!B:H,5,0),"")
B24: 9 | C24: {=IFERROR( INDEX('מצבת ורישום גנים'!B:$B, SMALL( IF(('מצבת ורישום גנים'!$A$3:$A$18000='נתונים כללים (1)'!$C$5), ROW('מצבת ורישום גנים'!$A$3:$A$18000)), ROW(A9)) ), "")} -> 0 | D24: =IF(C24="", "", IFERROR( IF(VLOOKUP(C24, 'מצבת ורישום גנים'!B:H,7, FALSE) =$D$3, VLOOKUP(C24,'מצבת ורישום גנים'!B:D, 3, FALSE), "המוסד לא קיים ברשות"), "המוסד לא קיים")) -> המוסד לא קיים | E24: =IFERROR(VLOOKUP(C24,'מצבת ורישום גנים'!B:G,6,0),"") | F24: =IFERROR(VLOOKUP(C:C,'מצבת ורישום גנים'!B:I,8,0)," ") | G24: =IFERROR(VLOOKUP(C:C,'מצבת ורישום גנים'!B:H,4,0),"") | H24: =IFERROR(VLOOKUP(C:C,'מצבת ורישום גנים'!B:H,5,0),"")
B25: 10 | C25: {=IFERROR( INDEX('מצבת ורישום גנים'!B:$B, SMALL( IF(('מצבת ורישום גנים'!$A$3:$A$18000='נתונים כללים (1)'!$C$5), ROW('מצבת ורישום גנים'!$A$3:$A$18000)), ROW(A10)) ), "")} -> 0 | D25: =IF(C25="", "", IFERROR( IF(VLOOKUP(C25, 'מצבת ורישום גנים'!B:H,7, FALSE) =$D$3, VLOOKUP(C25,'מצבת ורישום גנים'!B:D, 3, FALSE), "המוסד לא קיים ברשות"), "המוסד לא קיים")) -> המוסד לא קיים | E25: =IFERROR(VLOOKUP(C25,'מצבת ורישום גנים'!B:G,6,0),"") | F25: =IFERROR(VLOOKUP(C:C,'מצבת ורישום גנים'!B:I,8,0)," ") | G25: =IFERROR(VLOOKUP(C:C,'מצבת ורישום גנים'!B:H,4,0),"") | H25: =IFERROR(VLOOKUP(C:C,'מצבת ורישום גנים'!B:H,5,0),"")
B26: 11 | C26: {=IFERROR( INDEX('מצבת ורישום גנים'!B:$B, SMALL( IF(('מצבת ורישום גנים'!$A$3:$A$18000='נתונים כללים (1)'!$C$5), ROW('מצבת ורישום גנים'!$A$3:$A$18000)), ROW(A11)) ), "")} -> 0 | D26: =IF(C26="", "", IFERROR( IF(VLOOKUP(C26, 'מצבת ורישום גנים'!B:H,7, FALSE) =$D$3, VLOOKUP(C26,'מצבת ורישום גנים'!B:D, 3, FALSE), "המוסד לא קיים ברשות"), "המוסד לא קיים")) -> המוסד לא קיים | E26: =IFERROR(VLOOKUP(C26,'מצבת ורישום גנים'!B:G,6,0),"") | F26: =IFERROR(VLOOKUP(C:C,'מצבת ורישום גנים'!B:I,8,0)," ") | G26: =IFERROR(VLOOKUP(C:C,'מצבת ורישום גנים'!B:H,4,0),"") | H26: =IFERROR(VLOOKUP(C:C,'מצבת ורישום גנים'!B:H,5,0),"")
B27: 12 | C27: {=IFERROR( INDEX('מצבת ורישום גנים'!B:$B, SMALL( IF(('מצבת ורישום גנים'!$A$3:$A$18000='נתונים כללים (1)'!$C$5), ROW('מצבת ורישום גנים'!$A$3:$A$18000)), ROW(A12)) ), "")} -> 0 | D27: =IF(C27="", "", IFERROR( IF(VLOOKUP(C27, 'מצבת ורישום גנים'!B:H,7, FALSE) =$D$3, VLOOKUP(C27,'מצבת ורישום גנים'!B:D, 3, FALSE), "המוסד לא קיים ברשות"), "המוסד לא קיים")) -> המוסד לא קיים | E27: =IFERROR(VLOOKUP(C27,'מצבת ורישום גנים'!B:G,6,0),"") | F27: =IFERROR(VLOOKUP(C:C,'מצבת ורישום גנים'!B:I,8,0)," ") | G27: =IFERROR(VLOOKUP(C:C,'מצבת ורישום גנים'!B:H,4,0),"") | H27: =IFERROR(VLOOKUP(C:C,'מצבת ורישום גנים'!B:H,5,0),"")
... B1015: 1000 | C1015: {=IFERROR( INDEX('מצבת ורישום גנים'!B:$B, SMALL( IF(('מצבת ורישום גנים'!$A$3:$A$18000='נתונים כללים (1)'!$C$5), ROW('מצבת ורישום גנים'!$A$3:$A$18000)), ROW(A1000)) ), "")} | D1015: =IF(C1015="", "", IFERROR( IF(VLOOKUP(C1015, 'מצבת ורישום גנים'!B:H,7, FALSE) =$D$3, VLOOKUP(C1015,'מצבת ורישום גנים'!B:D, 3, FALSE), "המוסד לא קיים ברשות"), "המוסד לא קיים")) | E1015: =IFERROR(VLOOKUP(C1015,'מצבת ורישום גנים'!B:G,6,0),"") | F1015: =IFERROR(VLOOKUP(C:C,'מצבת ורישום גנים'!B:I,8,0)," ") | G1015: =IFERROR(VLOOKUP(C:C,'מצבת ורישום גנים'!B:H,4,0),"") | H1015: =IFERROR(VLOOKUP(C:C,'מצבת ורישום גנים'!B:H,5,0),"")

Sheet גנים - דוח ביצוע  (5)
A1: תוכן העניינים | E1: תכנית בתי הספר והגנים של החופש הגדול, קיץ תשפ"ו | K1: * | Q1: * | R1: *
L2: =IF(AND(L3="",L4="",L5="",L6="")," ","שגיאות בגיליון:") | Q2: תנאי סף לתקצוב: 0=לפרסום, 1=פעיל | R2: 0
C3: שם הרשות המקומית | E3: ='נתונים כללים (1)'!$C$5 -> 0 | L3: =IF(G11<D11,CONCATENATE("דווחו ",G11," גנים, מתוך ",D11," גנים שנרשמו."),"") | Q3: תנאי סף ימי פעילות | R3: 6
C4: סוג מוסד | E4: גנים | L4: {=IF(SUMPRODUCT((COUNTIF(B18:B1000,B18:B1000)>1)/IF(B18:B1000="",1,COUNTIF(B18:B1000,B18:B1000)))>0,CONCATENATE("קיימים ",SUMPRODUCT((COUNTIF(B18:B1000,B18:B1000)>1)/IF(B18:B1000="",1,COUNTIF(B18:B1000,B18:B1000)))," מוסדות שמופיעים יותר מפעם אחת בדיווח."),"")}
C5: מספר אשכול למ"ס | E5: ='נתונים כללים (1)'!$C$6 | L5: =IF(SUM($R$18:$R$1000)>0,CONCATENATE("קיימים ",SUM($R$18:$R$1000)," מוסדות בהם לא מולאו נתונים לגבי מספר התלמידים שהשתתפו בתוכנית."),"")
L6: =IF(SUM($Q$18:$Q$1000)>0,CONCATENATE("קיימים ",SUM($Q$18:$Q$1000)," מוסדות בהם לא מולאו נתונים לגבי תקופת הפעילות."),"")
G7: דוח ביצוע מפורט לפי תלמידים - גנים בהם מופעלת התכנית
E9: נתוני הרשמה | G9: ביצוע בפועל | J9: נתונים לחישוב התקציב
C10: סיכום | D10: מס' גנים רשומים בהם מתקיימת פעילות | E10: מס' גנים מדווחים בהם מתקיימת פעילות | F10: מס' תלמידים רשומים חינוך רגיל | G10: מספר גנים ביצוע בפועל | H10: מס' ילדים ביצוע בפועל או רישום | I10: מס' גנים בהם המובילה אינה גננת | J10: מס' גנים שפעלו פחות מ- 7 ימים | L10: מס' ימי תלמיד להפחתה | M10: מס' תלמידי הפחתה מחושבים (חלקי 7) | N10: סה"כ מס' תלמידים
D11: ='גנים - מצבת והרשמה (4)'!E10 -> 0 | E11: =COUNTIF(E18:E1017,">0") -> 0 | F11: =SUM(E18:E1017) -> 0 | G11: =COUNTIF(F18:F1017,">0") -> 0 | H11: =SUM(F18:F1017) -> 0 | I11: =SUM(G18:G1017) -> 0 | J11: =COUNTIFS(J18:J1017,"<7",J18:J1017,">0") -> 0 | L11: =SUM(M18:M1017) -> 0 | M11: =ROUND(L11/7,0) -> 0 | N11: =SUM(N18:N1017) -> 0
B13: לתשומת ליבכם, סמל מוסד של גני ילדים בחטיבות צעירות ידווח כחלק מגני הילדים של הרשות בדו״ח הביצוע של גני הילדים.
C14: דוח ביצוע מפורט
B16: נתוני הרשמה מגליון מצבת והרשמה (4) | F16: ביצוע בפועל | H16: תקופת הפעילות-הרחבה | N16: נתונים לחישוב תקציב | O16: בקרות - יש לוודא כי לא קיימות שורות עם התראה
A17: מס' סידורי | B17: סמל גן בו מתקיימת הפעילות | C17: מפעיל התכנית | D17: שם הגן | E17: מספר תלמידים רשומים | F17: ביצוע בפועל - מס' תלמידים | G17: המובילה אינה גננת. סייעת=1 | H17: תאריך פתיחה | I17: תאריך סיום | J17: מספר ימי פעילות בפועל | K17: בדיקת תנאי קיום מלוא ימי הפעילות במלואם | L17: סיבות לחוסר ימים (פחות מ- 7 ימים) ו/או לחוסר תלמידים (פחות מ-15) | M17: הפחתה בגין חוסר ימים | N17: מס' ילדים לחישוב התקציב | O17: בקרת סמלי גנים בעמודה B | P17: בקרת מילוי מס' ימי פעילות - עמודה J | Q17: בקרת מילוי מס' ימי פעילות | R17: בקרת אי מילוי תלמידים
A18: 1 | D18: =IFERROR(VLOOKUP($B18,'גנים - מצבת והרשמה (4)'!$C$16:$G$807,2,0),0) -> המוסד לא קיים | E18: =SUMIF('גנים - מצבת והרשמה (4)'!$F$15:$F$996,'גנים - דוח ביצוע (5)'!B18,'גנים - מצבת והרשמה (4)'!$H$15:$H$996) -> 0 | J18: =MIN(NETWORKDAYS.INTL(H18,I18,7),7) -> 0 | K18: =IF(B18>0,IF(J18<$R$3,"תקופת הפעילות נמוכה מהתקופה הנדרשת, ועל כן המוסד אינו זכאי לתקצוב","תקין"),"") | M18: =IF(OR($R$2=0,K18="תקין"),ROUND(IF(J18=6,(7-J18)*MIN(E18,F18),0),0),0) -> 0 | N18: =IF(OR($R$2=0,K18="תקין"),MAX(IF(B18="",0,MIN(F18,E18))-M18/7,0),0) -> 0 | O18: =IF(IF(B18=0,0,IFERROR(COUNTIF($B$18:$B$1017,B18)," "))>1,"סמל הגן מופיע יותר מפעם אחת",IF(ISBLANK(B18),"","תקין")) | P18: =IF(ISNUMBER(B18),IF(J18<1,"יש למלא מס' ימי פעילות",IF(AND(J18<7,L18=""),"יש למלא סיבה לחוסר ימי פעילות","תקין")),"") | Q18: =IF(LEFT(P18,10)="יש למלא מס",1,0) -> 0 | R18: =IF(B18>0,IF(F18=0,1,0),0) -> 0
A19: 2 | D19: =IFERROR(VLOOKUP($B19,'גנים - מצבת והרשמה (4)'!$C$16:$G$807,2,0),0) -> המוסד לא קיים | E19: =SUMIF('גנים - מצבת והרשמה (4)'!$F$15:$F$996,'גנים - דוח ביצוע (5)'!B19,'גנים - מצבת והרשמה (4)'!$H$15:$H$996) -> 0 | J19: =MIN(NETWORKDAYS.INTL(H19,I19,7),7) -> 0 | K19: =IF(B19>0,IF(J19<$R$3,"תקופת הפעילות נמוכה מהתקופה הנדרשת, ועל כן המוסד אינו זכאי לתקצוב","תקין"),"") | M19: =IF(OR($R$2=0,K19="תקין"),ROUND(IF(J19=6,(7-J19)*MIN(E19,F19),0),0),0) -> 0 | N19: =IF(OR($R$2=0,K19="תקין"),MAX(IF(B19="",0,MIN(F19,E19))-M19/7,0),0) -> 0 | O19: =IF(IF(B19=0,0,IFERROR(COUNTIF($B$18:$B$1017,B19)," "))>1,"סמל הגן מופיע יותר מפעם אחת",IF(ISBLANK(B19),"","תקין")) | P19: =IF(ISNUMBER(B19),IF(J19<1,"יש למלא מס' ימי פעילות",IF(AND(J19<7,L19=""),"יש למלא סיבה לחוסר ימי פעילות","תקין")),"") | Q19: =IF(LEFT(P19,10)="יש למלא מס",1,0) -> 0 | R19: =IF(B19>0,IF(F19=0,1,0),0) -> 0
A20: 3 | D20: =IFERROR(VLOOKUP($B20,'גנים - מצבת והרשמה (4)'!$C$16:$G$807,2,0),0) -> המוסד לא קיים | E20: =SUMIF('גנים - מצבת והרשמה (4)'!$F$15:$F$996,'גנים - דוח ביצוע (5)'!B20,'גנים - מצבת והרשמה (4)'!$H$15:$H$996) -> 0 | J20: =MIN(NETWORKDAYS.INTL(H20,I20,7),7) -> 0 | K20: =IF(B20>0,IF(J20<$R$3,"תקופת הפעילות נמוכה מהתקופה הנדרשת, ועל כן המוסד אינו זכאי לתקצוב","תקין"),"") | M20: =IF(OR($R$2=0,K20="תקין"),ROUND(IF(J20=6,(7-J20)*MIN(E20,F20),0),0),0) -> 0 | N20: =IF(OR($R$2=0,K20="תקין"),MAX(IF(B20="",0,MIN(F20,E20))-M20/7,0),0) -> 0 | O20: =IF(IF(B20=0,0,IFERROR(COUNTIF($B$18:$B$1017,B20)," "))>1,"סמל הגן מופיע יותר מפעם אחת",IF(ISBLANK(B20),"","תקין")) | P20: =IF(ISNUMBER(B20),IF(J20<1,"יש למלא מס' ימי פעילות",IF(AND(J20<7,L20=""),"יש למלא סיבה לחוסר ימי פעילות","תקין")),"") | Q20: =IF(LEFT(P20,10)="יש למלא מס",1,0) -> 0 | R20: =IF(B20>0,IF(F20=0,1,0),0) -> 0
A21: 4 | D21: =IFERROR(VLOOKUP($B21,'גנים - מצבת והרשמה (4)'!$C$16:$G$807,2,0),0) -> המוסד לא קיים | E21: =SUMIF('גנים - מצבת והרשמה (4)'!$F$15:$F$996,'גנים - דוח ביצוע (5)'!B21,'גנים - מצבת והרשמה (4)'!$H$15:$H$996) -> 0 | J21: =MIN(NETWORKDAYS.INTL(H21,I21,7),7) -> 0 | K21: =IF(B21>0,IF(J21<$R$3,"תקופת הפעילות נמוכה מהתקופה הנדרשת, ועל כן המוסד אינו זכאי לתקצוב","תקין"),"") | M21: =IF(OR($R$2=0,K21="תקין"),ROUND(IF(J21=6,(7-J21)*MIN(E21,F21),0),0),0) -> 0 | N21: =IF(OR($R$2=0,K21="תקין"),MAX(IF(B21="",0,MIN(F21,E21))-M21/7,0),0) -> 0 | O21: =IF(IF(B21=0,0,IFERROR(COUNTIF($B$18:$B$1017,B21)," "))>1,"סמל הגן מופיע יותר מפעם אחת",IF(ISBLANK(B21),"","תקין")) | P21: =IF(ISNUMBER(B21),IF(J21<1,"יש למלא מס' ימי פעילות",IF(AND(J21<7,L21=""),"יש למלא סיבה לחוסר ימי פעילות","תקין")),"") | Q21: =IF(LEFT(P21,10)="יש למלא מס",1,0) -> 0 | R21: =IF(B21>0,IF(F21=0,1,0),0) -> 0
A22: 5 | D22: =IFERROR(VLOOKUP($B22,'גנים - מצבת והרשמה (4)'!$C$16:$G$807,2,0),0) -> המוסד לא קיים | E22: =SUMIF('גנים - מצבת והרשמה (4)'!$F$15:$F$996,'גנים - דוח ביצוע (5)'!B22,'גנים - מצבת והרשמה (4)'!$H$15:$H$996) -> 0 | J22: =MIN(NETWORKDAYS.INTL(H22,I22,7),7) -> 0 | K22: =IF(B22>0,IF(J22<$R$3,"תקופת הפעילות נמוכה מהתקופה הנדרשת, ועל כן המוסד אינו זכאי לתקצוב","תקין"),"") | M22: =IF(OR($R$2=0,K22="תקין"),ROUND(IF(J22=6,(7-J22)*MIN(E22,F22),0),0),0) -> 0 | N22: =IF(OR($R$2=0,K22="תקין"),MAX(IF(B22="",0,MIN(F22,E22))-M22/7,0),0) -> 0 | O22: =IF(IF(B22=0,0,IFERROR(COUNTIF($B$18:$B$1017,B22)," "))>1,"סמל הגן מופיע יותר מפעם אחת",IF(ISBLANK(B22),"","תקין")) | P22: =IF(ISNUMBER(B22),IF(J22<1,"יש למלא מס' ימי פעילות",IF(AND(J22<7,L22=""),"יש למלא סיבה לחוסר ימי פעילות","תקין")),"") | Q22: =IF(LEFT(P22,10)="יש למלא מס",1,0) -> 0 | R22: =IF(B22>0,IF(F22=0,1,0),0) -> 0
A23: 6 | D23: =IFERROR(VLOOKUP($B23,'גנים - מצבת והרשמה (4)'!$C$16:$G$807,2,0),0) -> המוסד לא קיים | E23: =SUMIF('גנים - מצבת והרשמה (4)'!$F$15:$F$996,'גנים - דוח ביצוע (5)'!B23,'גנים - מצבת והרשמה (4)'!$H$15:$H$996) -> 0 | J23: =MIN(NETWORKDAYS.INTL(H23,I23,7),7) -> 0 | K23: =IF(B23>0,IF(J23<$R$3,"תקופת הפעילות נמוכה מהתקופה הנדרשת, ועל כן המוסד אינו זכאי לתקצוב","תקין"),"") | M23: =IF(OR($R$2=0,K23="תקין"),ROUND(IF(J23=6,(7-J23)*MIN(E23,F23),0),0),0) -> 0 | N23: =IF(OR($R$2=0,K23="תקין"),MAX(IF(B23="",0,MIN(F23,E23))-M23/7,0),0) -> 0 | O23: =IF(IF(B23=0,0,IFERROR(COUNTIF($B$18:$B$1017,B23)," "))>1,"סמל הגן מופיע יותר מפעם אחת",IF(ISBLANK(B23),"","תקין")) | P23: =IF(ISNUMBER(B23),IF(J23<1,"יש למלא מס' ימי פעילות",IF(AND(J23<7,L23=""),"יש למלא סיבה לחוסר ימי פעילות","תקין")),"") | Q23: =IF(LEFT(P23,10)="יש למלא מס",1,0) -> 0 | R23: =IF(B23>0,IF(F23=0,1,0),0) -> 0
A24: 7 | D24: =IFERROR(VLOOKUP($B24,'גנים - מצבת והרשמה (4)'!$C$16:$G$807,2,0),0) -> המוסד לא קיים | E24: =SUMIF('גנים - מצבת והרשמה (4)'!$F$15:$F$996,'גנים - דוח ביצוע (5)'!B24,'גנים - מצבת והרשמה (4)'!$H$15:$H$996) -> 0 | J24: =MIN(NETWORKDAYS.INTL(H24,I24,7),7) -> 0 | K24: =IF(B24>0,IF(J24<$R$3,"תקופת הפעילות נמוכה מהתקופה הנדרשת, ועל כן המוסד אינו זכאי לתקצוב","תקין"),"") | M24: =IF(OR($R$2=0,K24="תקין"),ROUND(IF(J24=6,(7-J24)*MIN(E24,F24),0),0),0) -> 0 | N24: =IF(OR($R$2=0,K24="תקין"),MAX(IF(B24="",0,MIN(F24,E24))-M24/7,0),0) -> 0 | O24: =IF(IF(B24=0,0,IFERROR(COUNTIF($B$18:$B$1017,B24)," "))>1,"סמל הגן מופיע יותר מפעם אחת",IF(ISBLANK(B24),"","תקין")) | P24: =IF(ISNUMBER(B24),IF(J24<1,"יש למלא מס' ימי פעילות",IF(AND(J24<7,L24=""),"יש למלא סיבה לחוסר ימי פעילות","תקין")),"") | Q24: =IF(LEFT(P24,10)="יש למלא מס",1,0) -> 0 | R24: =IF(B24>0,IF(F24=0,1,0),0) -> 0
A25: 8 | D25: =IFERROR(VLOOKUP($B25,'גנים - מצבת והרשמה (4)'!$C$16:$G$807,2,0),0) -> המוסד לא קיים | E25: =SUMIF('גנים - מצבת והרשמה (4)'!$F$15:$F$996,'גנים - דוח ביצוע (5)'!B25,'גנים - מצבת והרשמה (4)'!$H$15:$H$996) -> 0 | J25: =MIN(NETWORKDAYS.INTL(H25,I25,7),7) -> 0 | K25: =IF(B25>0,IF(J25<$R$3,"תקופת הפעילות נמוכה מהתקופה הנדרשת, ועל כן המוסד אינו זכאי לתקצוב","תקין"),"") | M25: =IF(OR($R$2=0,K25="תקין"),ROUND(IF(J25=6,(7-J25)*MIN(E25,F25),0),0),0) -> 0 | N25: =IF(OR($R$2=0,K25="תקין"),MAX(IF(B25="",0,MIN(F25,E25))-M25/7,0),0) -> 0 | O25: =IF(IF(B25=0,0,IFERROR(COUNTIF($B$18:$B$1017,B25)," "))>1,"סמל הגן מופיע יותר מפעם אחת",IF(ISBLANK(B25),"","תקין")) | P25: =IF(ISNUMBER(B25),IF(J25<1,"יש למלא מס' ימי פעילות",IF(AND(J25<7,L25=""),"יש למלא סיבה לחוסר ימי פעילות","תקין")),"") | Q25: =IF(LEFT(P25,10)="יש למלא מס",1,0) -> 0 | R25: =IF(B25>0,IF(F25=0,1,0),0) -> 0
A26: 9 | D26: =IFERROR(VLOOKUP($B26,'גנים - מצבת והרשמה (4)'!$C$16:$G$807,2,0),0) -> המוסד לא קיים | E26: =SUMIF('גנים - מצבת והרשמה (4)'!$F$15:$F$996,'גנים - דוח ביצוע (5)'!B26,'גנים - מצבת והרשמה (4)'!$H$15:$H$996) -> 0 | J26: =MIN(NETWORKDAYS.INTL(H26,I26,7),7) -> 0 | K26: =IF(B26>0,IF(J26<$R$3,"תקופת הפעילות נמוכה מהתקופה הנדרשת, ועל כן המוסד אינו זכאי לתקצוב","תקין"),"") | M26: =IF(OR($R$2=0,K26="תקין"),ROUND(IF(J26=6,(7-J26)*MIN(E26,F26),0),0),0) -> 0 | N26: =IF(OR($R$2=0,K26="תקין"),MAX(IF(B26="",0,MIN(F26,E26))-M26/7,0),0) -> 0 | O26: =IF(IF(B26=0,0,IFERROR(COUNTIF($B$18:$B$1017,B26)," "))>1,"סמל הגן מופיע יותר מפעם אחת",IF(ISBLANK(B26),"","תקין")) | P26: =IF(ISNUMBER(B26),IF(J26<1,"יש למלא מס' ימי פעילות",IF(AND(J26<7,L26=""),"יש למלא סיבה לחוסר ימי פעילות","תקין")),"") | Q26: =IF(LEFT(P26,10)="יש למלא מס",1,0) -> 0 | R26: =IF(B26>0,IF(F26=0,1,0),0) -> 0
A27: 10 | D27: =IFERROR(VLOOKUP($B27,'גנים - מצבת והרשמה (4)'!$C$16:$G$807,2,0),0) -> המוסד לא קיים | E27: =SUMIF('גנים - מצבת והרשמה (4)'!$F$15:$F$996,'גנים - דוח ביצוע (5)'!B27,'גנים - מצבת והרשמה (4)'!$H$15:$H$996) -> 0 | J27: =MIN(NETWORKDAYS.INTL(H27,I27,7),7) -> 0 | K27: =IF(B27>0,IF(J27<$R$3,"תקופת הפעילות נמוכה מהתקופה הנדרשת, ועל כן המוסד אינו זכאי לתקצוב","תקין"),"") | M27: =IF(OR($R$2=0,K27="תקין"),ROUND(IF(J27=6,(7-J27)*MIN(E27,F27),0),0),0) -> 0 | N27: =IF(OR($R$2=0,K27="תקין"),MAX(IF(B27="",0,MIN(F27,E27))-M27/7,0),0) -> 0 | O27: =IF(IF(B27=0,0,IFERROR(COUNTIF($B$18:$B$1017,B27)," "))>1,"סמל הגן מופיע יותר מפעם אחת",IF(ISBLANK(B27),"","תקין")) | P27: =IF(ISNUMBER(B27),IF(J27<1,"יש למלא מס' ימי פעילות",IF(AND(J27<7,L27=""),"יש למלא סיבה לחוסר ימי פעילות","תקין")),"") | Q27: =IF(LEFT(P27,10)="יש למלא מס",1,0) -> 0 | R27: =IF(B27>0,IF(F27=0,1,0),0) -> 0
A28: 11 | D28: =IFERROR(VLOOKUP($B28,'גנים - מצבת והרשמה (4)'!$C$16:$G$807,2,0),0) -> המוסד לא קיים | E28: =SUMIF('גנים - מצבת והרשמה (4)'!$F$15:$F$996,'גנים - דוח ביצוע (5)'!B28,'גנים - מצבת והרשמה (4)'!$H$15:$H$996) -> 0 | J28: =MIN(NETWORKDAYS.INTL(H28,I28,7),7) -> 0 | K28: =IF(B28>0,IF(J28<$R$3,"תקופת הפעילות נמוכה מהתקופה הנדרשת, ועל כן המוסד אינו זכאי לתקצוב","תקין"),"") | M28: =IF(OR($R$2=0,K28="תקין"),ROUND(IF(J28=6,(7-J28)*MIN(E28,F28),0),0),0) -> 0 | N28: =IF(OR($R$2=0,K28="תקין"),MAX(IF(B28="",0,MIN(F28,E28))-M28/7,0),0) -> 0 | O28: =IF(IF(B28=0,0,IFERROR(COUNTIF($B$18:$B$1017,B28)," "))>1,"סמל הגן מופיע יותר מפעם אחת",IF(ISBLANK(B28),"","תקין")) | P28: =IF(ISNUMBER(B28),IF(J28<1,"יש למלא מס' ימי פעילות",IF(AND(J28<7,L28=""),"יש למלא סיבה לחוסר ימי פעילות","תקין")),"") | Q28: =IF(LEFT(P28,10)="יש למלא מס",1,0) -> 0 | R28: =IF(B28>0,IF(F28=0,1,0),0) -> 0
A29: 12 | D29: =IFERROR(VLOOKUP($B29,'גנים - מצבת והרשמה (4)'!$C$16:$G$807,2,0),0) -> המוסד לא קיים | E29: =SUMIF('גנים - מצבת והרשמה (4)'!$F$15:$F$996,'גנים - דוח ביצוע (5)'!B29,'גנים - מצבת והרשמה (4)'!$H$15:$H$996) -> 0 | J29: =MIN(NETWORKDAYS.INTL(H29,I29,7),7) -> 0 | K29: =IF(B29>0,IF(J29<$R$3,"תקופת הפעילות נמוכה מהתקופה הנדרשת, ועל כן המוסד אינו זכאי לתקצוב","תקין"),"") | M29: =IF(OR($R$2=0,K29="תקין"),ROUND(IF(J29=6,(7-J29)*MIN(E29,F29),0),0),0) -> 0 | N29: =IF(OR($R$2=0,K29="תקין"),MAX(IF(B29="",0,MIN(F29,E29))-M29/7,0),0) -> 0 | O29: =IF(IF(B29=0,0,IFERROR(COUNTIF($B$18:$B$1017,B29)," "))>1,"סמל הגן מופיע יותר מפעם אחת",IF(ISBLANK(B29),"","תקין")) | P29: =IF(ISNUMBER(B29),IF(J29<1,"יש למלא מס' ימי פעילות",IF(AND(J29<7,L29=""),"יש למלא סיבה לחוסר ימי פעילות","תקין")),"") | Q29: =IF(LEFT(P29,10)="יש למלא מס",1,0) -> 0 | R29: =IF(B29>0,IF(F29=0,1,0),0) -> 0
... A1017: 1000 | D1017: =IFERROR(VLOOKUP($B1017,'גנים - מצבת והרשמה (4)'!$C$16:$G$807,2,0),0) -> המוסד לא קיים | E1017: =SUMIF('גנים - מצבת והרשמה (4)'!$F$15:$F$996,'גנים - דוח ביצוע (5)'!B1017,'גנים - מצבת והרשמה (4)'!$H$15:$H$996) -> 0 | J1017: =MIN(NETWORKDAYS.INTL(H1017,I1017,7),7) -> 0 | K1017: =IF(B1017>0,IF(J1017<$R$3,"תקופת הפעילות נמוכה מהתקופה הנדרשת, ועל כן המוסד אינו זכאי לתקצוב","תקין"),"") | M1017: =IF(OR($R$2=0,K1017="תקין"),ROUND(IF(J1017=6,(7-J1017)*MIN(E1017,F1017),0),0),0) -> 0 | N1017: =IF(OR($R$2=0,K1017="תקין"),MAX(IF(B1017="",0,MIN(F1017,E1017))-M1017/7,0),0) -> 0 | O1017: =IF(IF(B1017=0,0,IFERROR(COUNTIF($B$18:$B$1017,B1017)," "))>1,"סמל הגן מופיע יותר מפעם אחת",IF(ISBLANK(B1017),"","תקין")) | P1017: =IF(ISNUMBER(B1017),IF(J1017<1,"יש למלא מס' ימי פעילות",IF(AND(J1017<7,L1017=""),"יש למלא סיבה לחוסר ימי פעילות","תקין")),"") | Q1017: =IF(LEFT(P1017,10)="יש למלא מס",1,0) -> 0 | R1017: =IF(B1017>0,IF(F1017=0,1,0),0) -> 0

Sheet פירוט עלויות כח אדם (6)
A1: תוכן העניינים | F1: ='גנים - דוח ביצוע (5)'!E1 -> תכנית בתי הספר והגנים של החופש הגדול, קיץ תשפ"ו | N1: * | Q1: * | X1: * | Y1: * | Z1: * | AA1: * | AB1: * | AC1: * | AD1: * | AE1: * | AF1: *
E3: שם הרשות המקומית | F3: ='נתונים כללים (1)'!$C$5 -> 0
I4: =IF(AND(I5="",I6="")," ","שגיאות בגיליון:")
D5: סיכום שכר גנים: | E5: שכר גננות וסייעות | F5: =SUM(M:M)-F6 -> 0 | I5: =IF($C$13<$B$13,CONCATENATE("שימו לב, ישנם ",$B$13-D13," מוסדות אשר דווחו בדוח ביצוע ולא דווח עליהם הוצאות"),IF($B$13<$C$13,CONCATENATE("שימו לב, ישנם ",$C$13-$B$13," מוסדות אשר דווח עליהם הוצאות אולם לא דווחו בדוח ביצוע"),""))
E6: שכר רכזות גנים | F6: =SUMIF(H:H,"רכזת גן",M:M) -> 0 | I6: =' איוש משרות (9)'!K5
D9: דוח ביצוע כספי - הוצאות בפועל - עלויות שכר | I9: בכל שורה יש למלא ראשית את איש הצוות ולאחר מכן את התפקיד | P9: בקרת תקינות
I10: יש לבחור את הנתונים מתוך הרשימה הנפתחת בלבד!
B11: סיכום
B12: סה"כ גנים מדווחים בדוח ביצוע | C12: סה"כ גנים שדווח עבורם הוצאות שכר | D12: סה"כ אנשי צוות שדווחו | E12: שכר גננות וסייעות | F12: שכר רכזות גנים | G12: סה"כ שכר שדווח
B13: ='גנים - דוח ביצוע (5)'!D11 -> 0 | C13: {=SUM(IF(FREQUENCY($B16:B$3015,$B159:B$3015)>0,1))} -> 0 | D13: =COUNT(D16:D5001) -> 0 | E13: =SUM(M16:M3015)-F13 -> 0 | F13: =SUMIF(H:H,"רכזת גן",M:M) -> 0 | G13: =E13+F13 -> 0
B15: סמל מקום פעילות | C15: שם מוסד | D15: ת.ז. עובד | E15: שם פרטי | F15: שם משפחה | G15: הועסק ע"י | H15: איש צוות | I15: תפקיד | J15: שכר ברוטו שעתי | K15: עלות שכר שעתית | L15: סך שעות | M15: עלות שכר לתקופה | O15: 1 | P15: בדיקת תקינות תעודת זהות | Q15: בקרת שכר ברוטו שעתי | R15: בקרת עלות שכר שעתית | S15: בקרת ברוטו שעתי- לא חרג מ-120 ₪ | T15: בקרת שעות עבודה | U15: בקרת כפילויות עובדים | V15: הסבר במידה ולא תקין | W15: 1 | X15: תקינות | Y15: בדיקת עלות שכר שעתית | Z15: בדיקת כפילות | AA15: בקרת תקינות ת.ז. | AB15: בקרת תשלום שכר לגננת- נמוך מ-75 ש"ח לשעה | AC15: עזר- רכזות | AD15: עזר- שכר | AE15: עזר סייעת | AF15: עזר- שכר
C16: =IFERROR(VLOOKUP(B16,'מצבת ורישום גנים'!B:D,3,0),"") | I16: =SUBSTITUTE(IFERROR(IF(H16="מדצ","מדצ/ית",IF(OR(H16="סייעת ממשיכה",H16="סייעת חדשה",H16="סייעת רפואית/אישית"),"סייעת",IF(H16="רכזת גן","רכזת גן"))),""),"FALSE","") | M16: =IF(AND(L16>0,K16>0),K16*L16,"") | N16: =TEXT(LEFT(H16,2),0) | P16: =IF(D16="","",IF(AA16=FALSE,"לא תקין","תקין")) | Q16: =IF(J16="","",IFERROR(IF(OR(H16="גננת",H16="מורה",H16="רכז",H16="רכזת גן",H16="רכז גן",H16="רכז בית ספר",H16="רכזת בית ספר"),IF(J16>=75,"תקין","לא תקין"),IF(H16="סייעת ממשיכה",IF(J16>=30,"תקין","לא תקין"),IF(H16="סייעת רפואית/אישית",IF(J16>=12.5,"תקין","לא תקין"),IF(H16="סייעת חדשה",IF(J16>=37,"תקין","לא תקין"),IF(OR(H16<>"מורה",H16<>"גננת",H16<>"סייעת"),IF(J16>=30.61,"תקין","לא תקין"),"לא תקין"))))),"")) | R16: =IF(K16="","",IF(OR(Y16<100%,Y16>140%),"לא תקין","תקין")) | S16: =IF(J16="","",IFERROR(IF(J16>120,"לא תקין","תקין"),"")) | T16: =IF(L16="","",IF(H16="","יש להזין איש צוות",IF(OR(H16="מורה",H16="גננת",H16="רכז גן",H16="רכזת גן",H16="סייעת ממשיכה",H16="סייעת חדשה",H16="מדצית",H16="מדצ",H16="מדריך",H16="מדריכה",H16="תוספת כח אדם"),IF(L16<=90,"תקין","לא תקין"),IF(OR(H16="רכז בית ספר",H16="רכזת תכנית בבית הספר",H16="רכזת בית ספר"),IF(L16<=114,"תקין","לא תקין"),IF(OR(H16="סגנית רכזת מעל 150",H16="סגן רכז"),IF(L16<=93,"תקין","לא תקין"),"לא תקין"))))) | U16: =IF(D16="","",IF(Z16>1,IF(SUMIF(D:D,D16,L:L)>90,"לא תקין","תקין"),"תקין")) | X16: =IF(M16="","",IF(OR(R16="לא תקין",S16="לא תקין",T16="לא תקין",,U16="לא תקין"),"לא תקין","תקין")) | Y16: =IFERROR(IF(J16="","",K16/J16),"") | Z16: =IF(D16="","",COUNTIF(D:D,D16)) | AA16: =MOD(MID(REPT(0,9-LEN(D16))&D16,1,1)+MID("0246813579",MID(REPT(0,9-LEN(D16))&D16,2,1)+1,1)+MID(REPT(0,9-LEN(D16))&D16,3,1)+MID("0246813579",MID(REPT(0,9-LEN(D16))&D16,4,1)+1,1)+MID(REPT(0,9-LEN(D16))&D16,5,1)+MID("0246813579",MID(REPT(0,9-LEN(D16))&D16,6,1)+1,1)+MID(REPT(0,9-LEN(D16))&D16,7,1)+MID("0246813579",MID(REPT(0,9-LEN(D16))&D16,8,1)+1,1)+MID(REPT(0,9-LEN(D16))&D16,9,1),10)=0 -> TRUE | AB16: =IF(H16="גננת",IF(J16<75,"לא תקין","תקין"),"") | AC16: =IF(B16<>"",B16&H16,"") | AD16: =M16 | AE16: =IF(B16<>"",B16&LEFT(H16,5),"") | AF16: =M16
C17: =IFERROR(VLOOKUP(B17,'מצבת ורישום גנים'!B:D,3,0),"") | I17: =SUBSTITUTE(IFERROR(IF(H17="מדצ","מדצ/ית",IF(OR(H17="סייעת ממשיכה",H17="סייעת חדשה",H17="סייעת רפואית/אישית"),"סייעת",IF(H17="רכזת גן","רכזת גן"))),""),"FALSE","") | M17: =IF(AND(L17>0,K17>0),K17*L17,"") | N17: =TEXT(LEFT(H17,2),0) | P17: =IF(D17="","",IF(AA17=FALSE,"לא תקין","תקין")) | Q17: =IF(J17="","",IFERROR(IF(OR(H17="גננת",H17="מורה",H17="רכז",H17="רכזת גן",H17="רכז גן",H17="רכז בית ספר",H17="רכזת בית ספר"),IF(J17>=75,"תקין","לא תקין"),IF(H17="סייעת ממשיכה",IF(J17>=30,"תקין","לא תקין"),IF(H17="סייעת רפואית/אישית",IF(J17>=12.5,"תקין","לא תקין"),IF(H17="סייעת חדשה",IF(J17>=37,"תקין","לא תקין"),IF(OR(H17<>"מורה",H17<>"גננת",H17<>"סייעת"),IF(J17>=30.61,"תקין","לא תקין"),"לא תקין"))))),"")) | R17: =IF(K17="","",IF(OR(Y17<100%,Y17>140%),"לא תקין","תקין")) | S17: =IF(J17="","",IFERROR(IF(J17>120,"לא תקין","תקין"),"")) | T17: =IF(L17="","",IF(H17="","יש להזין איש צוות",IF(OR(H17="מורה",H17="גננת",H17="רכז גן",H17="רכזת גן",H17="סייעת ממשיכה",H17="סייעת חדשה",H17="מדצית",H17="מדצ",H17="מדריך",H17="מדריכה",H17="תוספת כח אדם"),IF(L17<=90,"תקין","לא תקין"),IF(OR(H17="רכז בית ספר",H17="רכזת תכנית בבית הספר",H17="רכזת בית ספר"),IF(L17<=114,"תקין","לא תקין"),IF(OR(H17="סגנית רכזת מעל 150",H17="סגן רכז"),IF(L17<=93,"תקין","לא תקין"),"לא תקין"))))) | U17: =IF(D17="","",IF(Z17>1,IF(SUMIF(D:D,D17,L:L)>90,"לא תקין","תקין"),"תקין")) | X17: =IF(M17="","",IF(OR(R17="לא תקין",S17="לא תקין",T17="לא תקין",,U17="לא תקין"),"לא תקין","תקין")) | Y17: =IFERROR(IF(J17="","",K17/J17),"") | Z17: =IF(D17="","",COUNTIF(D:D,D17)) | AA17: =MOD(MID(REPT(0,9-LEN(D17))&D17,1,1)+MID("0246813579",MID(REPT(0,9-LEN(D17))&D17,2,1)+1,1)+MID(REPT(0,9-LEN(D17))&D17,3,1)+MID("0246813579",MID(REPT(0,9-LEN(D17))&D17,4,1)+1,1)+MID(REPT(0,9-LEN(D17))&D17,5,1)+MID("0246813579",MID(REPT(0,9-LEN(D17))&D17,6,1)+1,1)+MID(REPT(0,9-LEN(D17))&D17,7,1)+MID("0246813579",MID(REPT(0,9-LEN(D17))&D17,8,1)+1,1)+MID(REPT(0,9-LEN(D17))&D17,9,1),10)=0 -> TRUE | AB17: =IF(H17="גננת",IF(J17<75,"לא תקין","תקין"),"") | AC17: =IF(B17<>"",B17&H17,"") | AD17: =M17 | AE17: =IF(B17<>"",B17&LEFT(H17,5),"") | AF17: =M17
C18: =IFERROR(VLOOKUP(B18,'מצבת ורישום גנים'!B:D,3,0),"") | I18: =SUBSTITUTE(IFERROR(IF(H18="מדצ","מדצ/ית",IF(OR(H18="סייעת ממשיכה",H18="סייעת חדשה",H18="סייעת רפואית/אישית"),"סייעת",IF(H18="רכזת גן","רכזת גן"))),""),"FALSE","") | M18: =IF(AND(L18>0,K18>0),K18*L18,"") | N18: =TEXT(LEFT(H18,2),0) | P18: =IF(D18="","",IF(AA18=FALSE,"לא תקין","תקין")) | Q18: =IF(J18="","",IFERROR(IF(OR(H18="גננת",H18="מורה",H18="רכז",H18="רכזת גן",H18="רכז גן",H18="רכז בית ספר",H18="רכזת בית ספר"),IF(J18>=75,"תקין","לא תקין"),IF(H18="סייעת ממשיכה",IF(J18>=30,"תקין","לא תקין"),IF(H18="סייעת רפואית/אישית",IF(J18>=12.5,"תקין","לא תקין"),IF(H18="סייעת חדשה",IF(J18>=37,"תקין","לא תקין"),IF(OR(H18<>"מורה",H18<>"גננת",H18<>"סייעת"),IF(J18>=30.61,"תקין","לא תקין"),"לא תקין"))))),"")) | R18: =IF(K18="","",IF(OR(Y18<100%,Y18>140%),"לא תקין","תקין")) | S18: =IF(J18="","",IFERROR(IF(J18>120,"לא תקין","תקין"),"")) | T18: =IF(L18="","",IF(H18="","יש להזין איש צוות",IF(OR(H18="מורה",H18="גננת",H18="רכז גן",H18="רכזת גן",H18="סייעת ממשיכה",H18="סייעת חדשה",H18="מדצית",H18="מדצ",H18="מדריך",H18="מדריכה",H18="תוספת כח אדם"),IF(L18<=90,"תקין","לא תקין"),IF(OR(H18="רכז בית ספר",H18="רכזת תכנית בבית הספר",H18="רכזת בית ספר"),IF(L18<=114,"תקין","לא תקין"),IF(OR(H18="סגנית רכזת מעל 150",H18="סגן רכז"),IF(L18<=93,"תקין","לא תקין"),"לא תקין"))))) | U18: =IF(D18="","",IF(Z18>1,IF(SUMIF(D:D,D18,L:L)>90,"לא תקין","תקין"),"תקין")) | X18: =IF(M18="","",IF(OR(R18="לא תקין",S18="לא תקין",T18="לא תקין",,U18="לא תקין"),"לא תקין","תקין")) | Y18: =IFERROR(IF(J18="","",K18/J18),"") | Z18: =IF(D18="","",COUNTIF(D:D,D18)) | AA18: =MOD(MID(REPT(0,9-LEN(D18))&D18,1,1)+MID("0246813579",MID(REPT(0,9-LEN(D18))&D18,2,1)+1,1)+MID(REPT(0,9-LEN(D18))&D18,3,1)+MID("0246813579",MID(REPT(0,9-LEN(D18))&D18,4,1)+1,1)+MID(REPT(0,9-LEN(D18))&D18,5,1)+MID("0246813579",MID(REPT(0,9-LEN(D18))&D18,6,1)+1,1)+MID(REPT(0,9-LEN(D18))&D18,7,1)+MID("0246813579",MID(REPT(0,9-LEN(D18))&D18,8,1)+1,1)+MID(REPT(0,9-LEN(D18))&D18,9,1),10)=0 -> TRUE | AB18: =IF(H18="גננת",IF(J18<75,"לא תקין","תקין"),"") | AC18: =IF(B18<>"",B18&H18,"") | AD18: =M18 | AE18: =IF(B18<>"",B18&LEFT(H18,5),"") | AF18: =M18
C19: =IFERROR(VLOOKUP(B19,'מצבת ורישום גנים'!B:D,3,0),"") | I19: =SUBSTITUTE(IFERROR(IF(H19="מדצ","מדצ/ית",IF(OR(H19="סייעת ממשיכה",H19="סייעת חדשה",H19="סייעת רפואית/אישית"),"סייעת",IF(H19="רכזת גן","רכזת גן"))),""),"FALSE","") | M19: =IF(AND(L19>0,K19>0),K19*L19,"") | N19: =TEXT(LEFT(H19,2),0) | P19: =IF(D19="","",IF(AA19=FALSE,"לא תקין","תקין")) | Q19: =IF(J19="","",IFERROR(IF(OR(H19="גננת",H19="מורה",H19="רכז",H19="רכזת גן",H19="רכז גן",H19="רכז בית ספר",H19="רכזת בית ספר"),IF(J19>=75,"תקין","לא תקין"),IF(H19="סייעת ממשיכה",IF(J19>=30,"תקין","לא תקין"),IF(H19="סייעת רפואית/אישית",IF(J19>=12.5,"תקין","לא תקין"),IF(H19="סייעת חדשה",IF(J19>=37,"תקין","לא תקין"),IF(OR(H19<>"מורה",H19<>"גננת",H19<>"סייעת"),IF(J19>=30.61,"תקין","לא תקין"),"לא תקין"))))),"")) | R19: =IF(K19="","",IF(OR(Y19<100%,Y19>140%),"לא תקין","תקין")) | S19: =IF(J19="","",IFERROR(IF(J19>120,"לא תקין","תקין"),"")) | T19: =IF(L19="","",IF(H19="","יש להזין איש צוות",IF(OR(H19="מורה",H19="גננת",H19="רכז גן",H19="רכזת גן",H19="סייעת ממשיכה",H19="סייעת חדשה",H19="מדצית",H19="מדצ",H19="מדריך",H19="מדריכה",H19="תוספת כח אדם"),IF(L19<=90,"תקין","לא תקין"),IF(OR(H19="רכז בית ספר",H19="רכזת תכנית בבית הספר",H19="רכזת בית ספר"),IF(L19<=114,"תקין","לא תקין"),IF(OR(H19="סגנית רכזת מעל 150",H19="סגן רכז"),IF(L19<=93,"תקין","לא תקין"),"לא תקין"))))) | U19: =IF(D19="","",IF(Z19>1,IF(SUMIF(D:D,D19,L:L)>90,"לא תקין","תקין"),"תקין")) | X19: =IF(M19="","",IF(OR(R19="לא תקין",S19="לא תקין",T19="לא תקין",,U19="לא תקין"),"לא תקין","תקין")) | Y19: =IFERROR(IF(J19="","",K19/J19),"") | Z19: =IF(D19="","",COUNTIF(D:D,D19)) | AA19: =MOD(MID(REPT(0,9-LEN(D19))&D19,1,1)+MID("0246813579",MID(REPT(0,9-LEN(D19))&D19,2,1)+1,1)+MID(REPT(0,9-LEN(D19))&D19,3,1)+MID("0246813579",MID(REPT(0,9-LEN(D19))&D19,4,1)+1,1)+MID(REPT(0,9-LEN(D19))&D19,5,1)+MID("0246813579",MID(REPT(0,9-LEN(D19))&D19,6,1)+1,1)+MID(REPT(0,9-LEN(D19))&D19,7,1)+MID("0246813579",MID(REPT(0,9-LEN(D19))&D19,8,1)+1,1)+MID(REPT(0,9-LEN(D19))&D19,9,1),10)=0 -> TRUE | AB19: =IF(H19="גננת",IF(J19<75,"לא תקין","תקין"),"") | AC19: =IF(B19<>"",B19&H19,"") | AD19: =M19 | AE19: =IF(B19<>"",B19&LEFT(H19,5),"") | AF19: =M19
C20: =IFERROR(VLOOKUP(B20,'מצבת ורישום גנים'!B:D,3,0),"") | I20: =SUBSTITUTE(IFERROR(IF(H20="מדצ","מדצ/ית",IF(OR(H20="סייעת ממשיכה",H20="סייעת חדשה",H20="סייעת רפואית/אישית"),"סייעת",IF(H20="רכזת גן","רכזת גן"))),""),"FALSE","") | M20: =IF(AND(L20>0,K20>0),K20*L20,"") | N20: =TEXT(LEFT(H20,2),0) | P20: =IF(D20="","",IF(AA20=FALSE,"לא תקין","תקין")) | Q20: =IF(J20="","",IFERROR(IF(OR(H20="גננת",H20="מורה",H20="רכז",H20="רכזת גן",H20="רכז גן",H20="רכז בית ספר",H20="רכזת בית ספר"),IF(J20>=75,"תקין","לא תקין"),IF(H20="סייעת ממשיכה",IF(J20>=30,"תקין","לא תקין"),IF(H20="סייעת רפואית/אישית",IF(J20>=12.5,"תקין","לא תקין"),IF(H20="סייעת חדשה",IF(J20>=37,"תקין","לא תקין"),IF(OR(H20<>"מורה",H20<>"גננת",H20<>"סייעת"),IF(J20>=30.61,"תקין","לא תקין"),"לא תקין"))))),"")) | R20: =IF(K20="","",IF(OR(Y20<100%,Y20>140%),"לא תקין","תקין")) | S20: =IF(J20="","",IFERROR(IF(J20>120,"לא תקין","תקין"),"")) | T20: =IF(L20="","",IF(H20="","יש להזין איש צוות",IF(OR(H20="מורה",H20="גננת",H20="רכז גן",H20="רכזת גן",H20="סייעת ממשיכה",H20="סייעת חדשה",H20="מדצית",H20="מדצ",H20="מדריך",H20="מדריכה",H20="תוספת כח אדם"),IF(L20<=90,"תקין","לא תקין"),IF(OR(H20="רכז בית ספר",H20="רכזת תכנית בבית הספר",H20="רכזת בית ספר"),IF(L20<=114,"תקין","לא תקין"),IF(OR(H20="סגנית רכזת מעל 150",H20="סגן רכז"),IF(L20<=93,"תקין","לא תקין"),"לא תקין"))))) | U20: =IF(D20="","",IF(Z20>1,IF(SUMIF(D:D,D20,L:L)>90,"לא תקין","תקין"),"תקין")) | X20: =IF(M20="","",IF(OR(R20="לא תקין",S20="לא תקין",T20="לא תקין",,U20="לא תקין"),"לא תקין","תקין")) | Y20: =IFERROR(IF(J20="","",K20/J20),"") | Z20: =IF(D20="","",COUNTIF(D:D,D20)) | AA20: =MOD(MID(REPT(0,9-LEN(D20))&D20,1,1)+MID("0246813579",MID(REPT(0,9-LEN(D20))&D20,2,1)+1,1)+MID(REPT(0,9-LEN(D20))&D20,3,1)+MID("0246813579",MID(REPT(0,9-LEN(D20))&D20,4,1)+1,1)+MID(REPT(0,9-LEN(D20))&D20,5,1)+MID("0246813579",MID(REPT(0,9-LEN(D20))&D20,6,1)+1,1)+MID(REPT(0,9-LEN(D20))&D20,7,1)+MID("0246813579",MID(REPT(0,9-LEN(D20))&D20,8,1)+1,1)+MID(REPT(0,9-LEN(D20))&D20,9,1),10)=0 -> TRUE | AB20: =IF(H20="גננת",IF(J20<75,"לא תקין","תקין"),"") | AC20: =IF(B20<>"",B20&H20,"") | AD20: =M20 | AE20: =IF(B20<>"",B20&LEFT(H20,5),"") | AF20: =M20
C21: =IFERROR(VLOOKUP(B21,'מצבת ורישום גנים'!B:D,3,0),"") | I21: =SUBSTITUTE(IFERROR(IF(H21="מדצ","מדצ/ית",IF(OR(H21="סייעת ממשיכה",H21="סייעת חדשה",H21="סייעת רפואית/אישית"),"סייעת",IF(H21="רכזת גן","רכזת גן"))),""),"FALSE","") | M21: =IF(AND(L21>0,K21>0),K21*L21,"") | N21: =TEXT(LEFT(H21,2),0) | P21: =IF(D21="","",IF(AA21=FALSE,"לא תקין","תקין")) | Q21: =IF(J21="","",IFERROR(IF(OR(H21="גננת",H21="מורה",H21="רכז",H21="רכזת גן",H21="רכז גן",H21="רכז בית ספר",H21="רכזת בית ספר"),IF(J21>=75,"תקין","לא תקין"),IF(H21="סייעת ממשיכה",IF(J21>=30,"תקין","לא תקין"),IF(H21="סייעת רפואית/אישית",IF(J21>=12.5,"תקין","לא תקין"),IF(H21="סייעת חדשה",IF(J21>=37,"תקין","לא תקין"),IF(OR(H21<>"מורה",H21<>"גננת",H21<>"סייעת"),IF(J21>=30.61,"תקין","לא תקין"),"לא תקין"))))),"")) | R21: =IF(K21="","",IF(OR(Y21<100%,Y21>140%),"לא תקין","תקין")) | S21: =IF(J21="","",IFERROR(IF(J21>120,"לא תקין","תקין"),"")) | T21: =IF(L21="","",IF(H21="","יש להזין איש צוות",IF(OR(H21="מורה",H21="גננת",H21="רכז גן",H21="רכזת גן",H21="סייעת ממשיכה",H21="סייעת חדשה",H21="מדצית",H21="מדצ",H21="מדריך",H21="מדריכה",H21="תוספת כח אדם"),IF(L21<=90,"תקין","לא תקין"),IF(OR(H21="רכז בית ספר",H21="רכזת תכנית בבית הספר",H21="רכזת בית ספר"),IF(L21<=114,"תקין","לא תקין"),IF(OR(H21="סגנית רכזת מעל 150",H21="סגן רכז"),IF(L21<=93,"תקין","לא תקין"),"לא תקין"))))) | U21: =IF(D21="","",IF(Z21>1,IF(SUMIF(D:D,D21,L:L)>90,"לא תקין","תקין"),"תקין")) | X21: =IF(M21="","",IF(OR(R21="לא תקין",S21="לא תקין",T21="לא תקין",,U21="לא תקין"),"לא תקין","תקין")) | Y21: =IFERROR(IF(J21="","",K21/J21),"") | Z21: =IF(D21="","",COUNTIF(D:D,D21)) | AA21: =MOD(MID(REPT(0,9-LEN(D21))&D21,1,1)+MID("0246813579",MID(REPT(0,9-LEN(D21))&D21,2,1)+1,1)+MID(REPT(0,9-LEN(D21))&D21,3,1)+MID("0246813579",MID(REPT(0,9-LEN(D21))&D21,4,1)+1,1)+MID(REPT(0,9-LEN(D21))&D21,5,1)+MID("0246813579",MID(REPT(0,9-LEN(D21))&D21,6,1)+1,1)+MID(REPT(0,9-LEN(D21))&D21,7,1)+MID("0246813579",MID(REPT(0,9-LEN(D21))&D21,8,1)+1,1)+MID(REPT(0,9-LEN(D21))&D21,9,1),10)=0 -> TRUE | AB21: =IF(H21="גננת",IF(J21<75,"לא תקין","תקין"),"") | AC21: =IF(B21<>"",B21&H21,"") | AD21: =M21 | AE21: =IF(B21<>"",B21&LEFT(H21,5),"") | AF21: =M21
C22: =IFERROR(VLOOKUP(B22,'מצבת ורישום גנים'!B:D,3,0),"") | I22: =SUBSTITUTE(IFERROR(IF(H22="מדצ","מדצ/ית",IF(OR(H22="סייעת ממשיכה",H22="סייעת חדשה",H22="סייעת רפואית/אישית"),"סייעת",IF(H22="רכזת גן","רכזת גן"))),""),"FALSE","") | M22: =IF(AND(L22>0,K22>0),K22*L22,"") | N22: =TEXT(LEFT(H22,2),0) | P22: =IF(D22="","",IF(AA22=FALSE,"לא תקין","תקין")) | Q22: =IF(J22="","",IFERROR(IF(OR(H22="גננת",H22="מורה",H22="רכז",H22="רכזת גן",H22="רכז גן",H22="רכז בית ספר",H22="רכזת בית ספר"),IF(J22>=75,"תקין","לא תקין"),IF(H22="סייעת ממשיכה",IF(J22>=30,"תקין","לא תקין"),IF(H22="סייעת רפואית/אישית",IF(J22>=12.5,"תקין","לא תקין"),IF(H22="סייעת חדשה",IF(J22>=37,"תקין","לא תקין"),IF(OR(H22<>"מורה",H22<>"גננת",H22<>"סייעת"),IF(J22>=30.61,"תקין","לא תקין"),"לא תקין"))))),"")) | R22: =IF(K22="","",IF(OR(Y22<100%,Y22>140%),"לא תקין","תקין")) | S22: =IF(J22="","",IFERROR(IF(J22>120,"לא תקין","תקין"),"")) | T22: =IF(L22="","",IF(H22="","יש להזין איש צוות",IF(OR(H22="מורה",H22="גננת",H22="רכז גן",H22="רכזת גן",H22="סייעת ממשיכה",H22="סייעת חדשה",H22="מדצית",H22="מדצ",H22="מדריך",H22="מדריכה",H22="תוספת כח אדם"),IF(L22<=90,"תקין","לא תקין"),IF(OR(H22="רכז בית ספר",H22="רכזת תכנית בבית הספר",H22="רכזת בית ספר"),IF(L22<=114,"תקין","לא תקין"),IF(OR(H22="סגנית רכזת מעל 150",H22="סגן רכז"),IF(L22<=93,"תקין","לא תקין"),"לא תקין"))))) | U22: =IF(D22="","",IF(Z22>1,IF(SUMIF(D:D,D22,L:L)>90,"לא תקין","תקין"),"תקין")) | X22: =IF(M22="","",IF(OR(R22="לא תקין",S22="לא תקין",T22="לא תקין",,U22="לא תקין"),"לא תקין","תקין")) | Y22: =IFERROR(IF(J22="","",K22/J22),"") | Z22: =IF(D22="","",COUNTIF(D:D,D22)) | AA22: =MOD(MID(REPT(0,9-LEN(D22))&D22,1,1)+MID("0246813579",MID(REPT(0,9-LEN(D22))&D22,2,1)+1,1)+MID(REPT(0,9-LEN(D22))&D22,3,1)+MID("0246813579",MID(REPT(0,9-LEN(D22))&D22,4,1)+1,1)+MID(REPT(0,9-LEN(D22))&D22,5,1)+MID("0246813579",MID(REPT(0,9-LEN(D22))&D22,6,1)+1,1)+MID(REPT(0,9-LEN(D22))&D22,7,1)+MID("0246813579",MID(REPT(0,9-LEN(D22))&D22,8,1)+1,1)+MID(REPT(0,9-LEN(D22))&D22,9,1),10)=0 -> TRUE | AB22: =IF(H22="גננת",IF(J22<75,"לא תקין","תקין"),"") | AC22: =IF(B22<>"",B22&H22,"") | AD22: =M22 | AE22: =IF(B22<>"",B22&LEFT(H22,5),"") | AF22: =M22
C23: =IFERROR(VLOOKUP(B23,'מצבת ורישום גנים'!B:D,3,0),"") | I23: =SUBSTITUTE(IFERROR(IF(H23="מדצ","מדצ/ית",IF(OR(H23="סייעת ממשיכה",H23="סייעת חדשה",H23="סייעת רפואית/אישית"),"סייעת",IF(H23="רכזת גן","רכזת גן"))),""),"FALSE","") | M23: =IF(AND(L23>0,K23>0),K23*L23,"") | N23: =TEXT(LEFT(H23,2),0) | P23: =IF(D23="","",IF(AA23=FALSE,"לא תקין","תקין")) | Q23: =IF(J23="","",IFERROR(IF(OR(H23="גננת",H23="מורה",H23="רכז",H23="רכזת גן",H23="רכז גן",H23="רכז בית ספר",H23="רכזת בית ספר"),IF(J23>=75,"תקין","לא תקין"),IF(H23="סייעת ממשיכה",IF(J23>=30,"תקין","לא תקין"),IF(H23="סייעת רפואית/אישית",IF(J23>=12.5,"תקין","לא תקין"),IF(H23="סייעת חדשה",IF(J23>=37,"תקין","לא תקין"),IF(OR(H23<>"מורה",H23<>"גננת",H23<>"סייעת"),IF(J23>=30.61,"תקין","לא תקין"),"לא תקין"))))),"")) | R23: =IF(K23="","",IF(OR(Y23<100%,Y23>140%),"לא תקין","תקין")) | S23: =IF(J23="","",IFERROR(IF(J23>120,"לא תקין","תקין"),"")) | T23: =IF(L23="","",IF(H23="","יש להזין איש צוות",IF(OR(H23="מורה",H23="גננת",H23="רכז גן",H23="רכזת גן",H23="סייעת ממשיכה",H23="סייעת חדשה",H23="מדצית",H23="מדצ",H23="מדריך",H23="מדריכה",H23="תוספת כח אדם"),IF(L23<=90,"תקין","לא תקין"),IF(OR(H23="רכז בית ספר",H23="רכזת תכנית בבית הספר",H23="רכזת בית ספר"),IF(L23<=114,"תקין","לא תקין"),IF(OR(H23="סגנית רכזת מעל 150",H23="סגן רכז"),IF(L23<=93,"תקין","לא תקין"),"לא תקין"))))) | U23: =IF(D23="","",IF(Z23>1,IF(SUMIF(D:D,D23,L:L)>90,"לא תקין","תקין"),"תקין")) | X23: =IF(M23="","",IF(OR(R23="לא תקין",S23="לא תקין",T23="לא תקין",,U23="לא תקין"),"לא תקין","תקין")) | Y23: =IFERROR(IF(J23="","",K23/J23),"") | Z23: =IF(D23="","",COUNTIF(D:D,D23)) | AA23: =MOD(MID(REPT(0,9-LEN(D23))&D23,1,1)+MID("0246813579",MID(REPT(0,9-LEN(D23))&D23,2,1)+1,1)+MID(REPT(0,9-LEN(D23))&D23,3,1)+MID("0246813579",MID(REPT(0,9-LEN(D23))&D23,4,1)+1,1)+MID(REPT(0,9-LEN(D23))&D23,5,1)+MID("0246813579",MID(REPT(0,9-LEN(D23))&D23,6,1)+1,1)+MID(REPT(0,9-LEN(D23))&D23,7,1)+MID("0246813579",MID(REPT(0,9-LEN(D23))&D23,8,1)+1,1)+MID(REPT(0,9-LEN(D23))&D23,9,1),10)=0 -> TRUE | AB23: =IF(H23="גננת",IF(J23<75,"לא תקין","תקין"),"") | AC23: =IF(B23<>"",B23&H23,"") | AD23: =M23 | AE23: =IF(B23<>"",B23&LEFT(H23,5),"") | AF23: =M23
C24: =IFERROR(VLOOKUP(B24,'מצבת ורישום גנים'!B:D,3,0),"") | I24: =SUBSTITUTE(IFERROR(IF(H24="מדצ","מדצ/ית",IF(OR(H24="סייעת ממשיכה",H24="סייעת חדשה",H24="סייעת רפואית/אישית"),"סייעת",IF(H24="רכזת גן","רכזת גן"))),""),"FALSE","") | M24: =IF(AND(L24>0,K24>0),K24*L24,"") | N24: =TEXT(LEFT(H24,2),0) | P24: =IF(D24="","",IF(AA24=FALSE,"לא תקין","תקין")) | Q24: =IF(J24="","",IFERROR(IF(OR(H24="גננת",H24="מורה",H24="רכז",H24="רכזת גן",H24="רכז גן",H24="רכז בית ספר",H24="רכזת בית ספר"),IF(J24>=75,"תקין","לא תקין"),IF(H24="סייעת ממשיכה",IF(J24>=30,"תקין","לא תקין"),IF(H24="סייעת רפואית/אישית",IF(J24>=12.5,"תקין","לא תקין"),IF(H24="סייעת חדשה",IF(J24>=37,"תקין","לא תקין"),IF(OR(H24<>"מורה",H24<>"גננת",H24<>"סייעת"),IF(J24>=30.61,"תקין","לא תקין"),"לא תקין"))))),"")) | R24: =IF(K24="","",IF(OR(Y24<100%,Y24>140%),"לא תקין","תקין")) | S24: =IF(J24="","",IFERROR(IF(J24>120,"לא תקין","תקין"),"")) | T24: =IF(L24="","",IF(H24="","יש להזין איש צוות",IF(OR(H24="מורה",H24="גננת",H24="רכז גן",H24="רכזת גן",H24="סייעת ממשיכה",H24="סייעת חדשה",H24="מדצית",H24="מדצ",H24="מדריך",H24="מדריכה",H24="תוספת כח אדם"),IF(L24<=90,"תקין","לא תקין"),IF(OR(H24="רכז בית ספר",H24="רכזת תכנית בבית הספר",H24="רכזת בית ספר"),IF(L24<=114,"תקין","לא תקין"),IF(OR(H24="סגנית רכזת מעל 150",H24="סגן רכז"),IF(L24<=93,"תקין","לא תקין"),"לא תקין"))))) | U24: =IF(D24="","",IF(Z24>1,IF(SUMIF(D:D,D24,L:L)>90,"לא תקין","תקין"),"תקין")) | X24: =IF(M24="","",IF(OR(R24="לא תקין",S24="לא תקין",T24="לא תקין",,U24="לא תקין"),"לא תקין","תקין")) | Y24: =IFERROR(IF(J24="","",K24/J24),"") | Z24: =IF(D24="","",COUNTIF(D:D,D24)) | AA24: =MOD(MID(REPT(0,9-LEN(D24))&D24,1,1)+MID("0246813579",MID(REPT(0,9-LEN(D24))&D24,2,1)+1,1)+MID(REPT(0,9-LEN(D24))&D24,3,1)+MID("0246813579",MID(REPT(0,9-LEN(D24))&D24,4,1)+1,1)+MID(REPT(0,9-LEN(D24))&D24,5,1)+MID("0246813579",MID(REPT(0,9-LEN(D24))&D24,6,1)+1,1)+MID(REPT(0,9-LEN(D24))&D24,7,1)+MID("0246813579",MID(REPT(0,9-LEN(D24))&D24,8,1)+1,1)+MID(REPT(0,9-LEN(D24))&D24,9,1),10)=0 -> TRUE | AB24: =IF(H24="גננת",IF(J24<75,"לא תקין","תקין"),"") | AC24: =IF(B24<>"",B24&H24,"") | AD24: =M24 | AE24: =IF(B24<>"",B24&LEFT(H24,5),"") | AF24: =M24
C25: =IFERROR(VLOOKUP(B25,'מצבת ורישום גנים'!B:D,3,0),"") | I25: =SUBSTITUTE(IFERROR(IF(H25="מדצ","מדצ/ית",IF(OR(H25="סייעת ממשיכה",H25="סייעת חדשה",H25="סייעת רפואית/אישית"),"סייעת",IF(H25="רכזת גן","רכזת גן"))),""),"FALSE","") | M25: =IF(AND(L25>0,K25>0),K25*L25,"") | N25: =TEXT(LEFT(H25,2),0) | P25: =IF(D25="","",IF(AA25=FALSE,"לא תקין","תקין")) | Q25: =IF(J25="","",IFERROR(IF(OR(H25="גננת",H25="מורה",H25="רכז",H25="רכזת גן",H25="רכז גן",H25="רכז בית ספר",H25="רכזת בית ספר"),IF(J25>=75,"תקין","לא תקין"),IF(H25="סייעת ממשיכה",IF(J25>=30,"תקין","לא תקין"),IF(H25="סייעת רפואית/אישית",IF(J25>=12.5,"תקין","לא תקין"),IF(H25="סייעת חדשה",IF(J25>=37,"תקין","לא תקין"),IF(OR(H25<>"מורה",H25<>"גננת",H25<>"סייעת"),IF(J25>=30.61,"תקין","לא תקין"),"לא תקין"))))),"")) | R25: =IF(K25="","",IF(OR(Y25<100%,Y25>140%),"לא תקין","תקין")) | S25: =IF(J25="","",IFERROR(IF(J25>120,"לא תקין","תקין"),"")) | T25: =IF(L25="","",IF(H25="","יש להזין איש צוות",IF(OR(H25="מורה",H25="גננת",H25="רכז גן",H25="רכזת גן",H25="סייעת ממשיכה",H25="סייעת חדשה",H25="מדצית",H25="מדצ",H25="מדריך",H25="מדריכה",H25="תוספת כח אדם"),IF(L25<=90,"תקין","לא תקין"),IF(OR(H25="רכז בית ספר",H25="רכזת תכנית בבית הספר",H25="רכזת בית ספר"),IF(L25<=114,"תקין","לא תקין"),IF(OR(H25="סגנית רכזת מעל 150",H25="סגן רכז"),IF(L25<=93,"תקין","לא תקין"),"לא תקין"))))) | U25: =IF(D25="","",IF(Z25>1,IF(SUMIF(D:D,D25,L:L)>90,"לא תקין","תקין"),"תקין")) | X25: =IF(M25="","",IF(OR(R25="לא תקין",S25="לא תקין",T25="לא תקין",,U25="לא תקין"),"לא תקין","תקין")) | Y25: =IFERROR(IF(J25="","",K25/J25),"") | Z25: =IF(D25="","",COUNTIF(D:D,D25)) | AA25: =MOD(MID(REPT(0,9-LEN(D25))&D25,1,1)+MID("0246813579",MID(REPT(0,9-LEN(D25))&D25,2,1)+1,1)+MID(REPT(0,9-LEN(D25))&D25,3,1)+MID("0246813579",MID(REPT(0,9-LEN(D25))&D25,4,1)+1,1)+MID(REPT(0,9-LEN(D25))&D25,5,1)+MID("0246813579",MID(REPT(0,9-LEN(D25))&D25,6,1)+1,1)+MID(REPT(0,9-LEN(D25))&D25,7,1)+MID("0246813579",MID(REPT(0,9-LEN(D25))&D25,8,1)+1,1)+MID(REPT(0,9-LEN(D25))&D25,9,1),10)=0 -> TRUE | AB25: =IF(H25="גננת",IF(J25<75,"לא תקין","תקין"),"") | AC25: =IF(B25<>"",B25&H25,"") | AD25: =M25 | AE25: =IF(B25<>"",B25&LEFT(H25,5),"") | AF25: =M25
C26: =IFERROR(VLOOKUP(B26,'מצבת ורישום גנים'!B:D,3,0),"") | I26: =SUBSTITUTE(IFERROR(IF(H26="מדצ","מדצ/ית",IF(OR(H26="סייעת ממשיכה",H26="סייעת חדשה",H26="סייעת רפואית/אישית"),"סייעת",IF(H26="רכזת גן","רכזת גן"))),""),"FALSE","") | M26: =IF(AND(L26>0,K26>0),K26*L26,"") | N26: =TEXT(LEFT(H26,2),0) | P26: =IF(D26="","",IF(AA26=FALSE,"לא תקין","תקין")) | Q26: =IF(J26="","",IFERROR(IF(OR(H26="גננת",H26="מורה",H26="רכז",H26="רכזת גן",H26="רכז גן",H26="רכז בית ספר",H26="רכזת בית ספר"),IF(J26>=75,"תקין","לא תקין"),IF(H26="סייעת ממשיכה",IF(J26>=30,"תקין","לא תקין"),IF(H26="סייעת רפואית/אישית",IF(J26>=12.5,"תקין","לא תקין"),IF(H26="סייעת חדשה",IF(J26>=37,"תקין","לא תקין"),IF(OR(H26<>"מורה",H26<>"גננת",H26<>"סייעת"),IF(J26>=30.61,"תקין","לא תקין"),"לא תקין"))))),"")) | R26: =IF(K26="","",IF(OR(Y26<100%,Y26>140%),"לא תקין","תקין")) | S26: =IF(J26="","",IFERROR(IF(J26>120,"לא תקין","תקין"),"")) | T26: =IF(L26="","",IF(H26="","יש להזין איש צוות",IF(OR(H26="מורה",H26="גננת",H26="רכז גן",H26="רכזת גן",H26="סייעת ממשיכה",H26="סייעת חדשה",H26="מדצית",H26="מדצ",H26="מדריך",H26="מדריכה",H26="תוספת כח אדם"),IF(L26<=90,"תקין","לא תקין"),IF(OR(H26="רכז בית ספר",H26="רכזת תכנית בבית הספר",H26="רכזת בית ספר"),IF(L26<=114,"תקין","לא תקין"),IF(OR(H26="סגנית רכזת מעל 150",H26="סגן רכז"),IF(L26<=93,"תקין","לא תקין"),"לא תקין"))))) | U26: =IF(D26="","",IF(Z26>1,IF(SUMIF(D:D,D26,L:L)>90,"לא תקין","תקין"),"תקין")) | X26: =IF(M26="","",IF(OR(R26="לא תקין",S26="לא תקין",T26="לא תקין",,U26="לא תקין"),"לא תקין","תקין")) | Y26: =IFERROR(IF(J26="","",K26/J26),"") | Z26: =IF(D26="","",COUNTIF(D:D,D26)) | AA26: =MOD(MID(REPT(0,9-LEN(D26))&D26,1,1)+MID("0246813579",MID(REPT(0,9-LEN(D26))&D26,2,1)+1,1)+MID(REPT(0,9-LEN(D26))&D26,3,1)+MID("0246813579",MID(REPT(0,9-LEN(D26))&D26,4,1)+1,1)+MID(REPT(0,9-LEN(D26))&D26,5,1)+MID("0246813579",MID(REPT(0,9-LEN(D26))&D26,6,1)+1,1)+MID(REPT(0,9-LEN(D26))&D26,7,1)+MID("0246813579",MID(REPT(0,9-LEN(D26))&D26,8,1)+1,1)+MID(REPT(0,9-LEN(D26))&D26,9,1),10)=0 -> TRUE | AB26: =IF(H26="גננת",IF(J26<75,"לא תקין","תקין"),"") | AC26: =IF(B26<>"",B26&H26,"") | AD26: =M26 | AE26: =IF(B26<>"",B26&LEFT(H26,5),"") | AF26: =M26
C27: =IFERROR(VLOOKUP(B27,'מצבת ורישום גנים'!B:D,3,0),"") | I27: =SUBSTITUTE(IFERROR(IF(H27="מדצ","מדצ/ית",IF(OR(H27="סייעת ממשיכה",H27="סייעת חדשה",H27="סייעת רפואית/אישית"),"סייעת",IF(H27="רכזת גן","רכזת גן"))),""),"FALSE","") | M27: =IF(AND(L27>0,K27>0),K27*L27,"") | N27: =TEXT(LEFT(H27,2),0) | P27: =IF(D27="","",IF(AA27=FALSE,"לא תקין","תקין")) | Q27: =IF(J27="","",IFERROR(IF(OR(H27="גננת",H27="מורה",H27="רכז",H27="רכזת גן",H27="רכז גן",H27="רכז בית ספר",H27="רכזת בית ספר"),IF(J27>=75,"תקין","לא תקין"),IF(H27="סייעת ממשיכה",IF(J27>=30,"תקין","לא תקין"),IF(H27="סייעת רפואית/אישית",IF(J27>=12.5,"תקין","לא תקין"),IF(H27="סייעת חדשה",IF(J27>=37,"תקין","לא תקין"),IF(OR(H27<>"מורה",H27<>"גננת",H27<>"סייעת"),IF(J27>=30.61,"תקין","לא תקין"),"לא תקין"))))),"")) | R27: =IF(K27="","",IF(OR(Y27<100%,Y27>140%),"לא תקין","תקין")) | S27: =IF(J27="","",IFERROR(IF(J27>120,"לא תקין","תקין"),"")) | T27: =IF(L27="","",IF(H27="","יש להזין איש צוות",IF(OR(H27="מורה",H27="גננת",H27="רכז גן",H27="רכזת גן",H27="סייעת ממשיכה",H27="סייעת חדשה",H27="מדצית",H27="מדצ",H27="מדריך",H27="מדריכה",H27="תוספת כח אדם"),IF(L27<=90,"תקין","לא תקין"),IF(OR(H27="רכז בית ספר",H27="רכזת תכנית בבית הספר",H27="רכזת בית ספר"),IF(L27<=114,"תקין","לא תקין"),IF(OR(H27="סגנית רכזת מעל 150",H27="סגן רכז"),IF(L27<=93,"תקין","לא תקין"),"לא תקין"))))) | U27: =IF(D27="","",IF(Z27>1,IF(SUMIF(D:D,D27,L:L)>90,"לא תקין","תקין"),"תקין")) | X27: =IF(M27="","",IF(OR(R27="לא תקין",S27="לא תקין",T27="לא תקין",,U27="לא תקין"),"לא תקין","תקין")) | Y27: =IFERROR(IF(J27="","",K27/J27),"") | Z27: =IF(D27="","",COUNTIF(D:D,D27)) | AA27: =MOD(MID(REPT(0,9-LEN(D27))&D27,1,1)+MID("0246813579",MID(REPT(0,9-LEN(D27))&D27,2,1)+1,1)+MID(REPT(0,9-LEN(D27))&D27,3,1)+MID("0246813579",MID(REPT(0,9-LEN(D27))&D27,4,1)+1,1)+MID(REPT(0,9-LEN(D27))&D27,5,1)+MID("0246813579",MID(REPT(0,9-LEN(D27))&D27,6,1)+1,1)+MID(REPT(0,9-LEN(D27))&D27,7,1)+MID("0246813579",MID(REPT(0,9-LEN(D27))&D27,8,1)+1,1)+MID(REPT(0,9-LEN(D27))&D27,9,1),10)=0 -> TRUE | AB27: =IF(H27="גננת",IF(J27<75,"לא תקין","תקין"),"") | AC27: =IF(B27<>"",B27&H27,"") | AD27: =M27 | AE27: =IF(B27<>"",B27&LEFT(H27,5),"") | AF27: =M27
... C3015: =IFERROR(VLOOKUP(B3015,'מצבת ורישום גנים'!B:D,3,0),"") | I3015: =SUBSTITUTE(IFERROR(IF(H3015="מדצ","מדצ/ית",IF(OR(H3015="סייעת ממשיכה",H3015="סייעת חדשה",H3015="סייעת רפואית/אישית"),"סייעת",IF(H3015="רכזת גן","רכזת גן"))),""),"FALSE","") | M3015: =IF(AND(L3015>0,K3015>0),K3015*L3015,"") | N3015: =TEXT(LEFT(H3015,2),0) | P3015: =IF(D3015="","",IF(AA3015=FALSE,"לא תקין","תקין")) | Q3015: =IF(J3015="","",IFERROR(IF(OR(H3015="גננת",H3015="מורה",H3015="רכז",H3015="רכזת גן",H3015="רכז גן",H3015="רכז בית ספר",H3015="רכזת בית ספר"),IF(J3015>=75,"תקין","לא תקין"),IF(H3015="סייעת ממשיכה",IF(J3015>=30,"תקין","לא תקין"),IF(H3015="סייעת רפואית/אישית",IF(J3015>=12.5,"תקין","לא תקין"),IF(H3015="סייעת חדשה",IF(J3015>=37,"תקין","לא תקין"),IF(OR(H3015<>"מורה",H3015<>"גננת",H3015<>"סייעת"),IF(J3015>=30.61,"תקין","לא תקין"),"לא תקין"))))),"")) | R3015: =IF(K3015="","",IF(OR(Y3015<100%,Y3015>140%),"לא תקין","תקין")) | S3015: =IF(J3015="","",IFERROR(IF(J3015>120,"לא תקין","תקין"),"")) | T3015: =IF(L3015="","",IF(H3015="","יש להזין איש צוות",IF(OR(H3015="מורה",H3015="גננת",H3015="רכז גן",H3015="רכזת גן",H3015="סייעת ממשיכה",H3015="סייעת חדשה",H3015="מדצית",H3015="מדצ",H3015="מדריך",H3015="מדריכה",H3015="תוספת כח אדם"),IF(L3015<=90,"תקין","לא תקין"),IF(OR(H3015="רכז בית ספר",H3015="רכזת תכנית בבית הספר",H3015="רכזת בית ספר"),IF(L3015<=114,"תקין","לא תקין"),IF(OR(H3015="סגנית רכזת מעל 150",H3015="סגן רכז"),IF(L3015<=93,"תקין","לא תקין"),"לא תקין"))))) | U3015: =IF(D3015="","",IF(Z3015>1,IF(SUMIF(D:D,D3015,L:L)>90,"לא תקין","תקין"),"תקין")) | X3015: =IF(M3015="","",IF(OR(R3015="לא תקין",S3015="לא תקין",T3015="לא תקין",,U3015="לא תקין"),"לא תקין","תקין")) | Y3015: =IFERROR(IF(J3015="","",K3015/J3015),"") | Z3015: =IF(D3015="","",COUNTIF(D:D,D3015)) | AA3015: =MOD(MID(REPT(0,9-LEN(D3015))&D3015,1,1)+MID("0246813579",MID(REPT(0,9-LEN(D3015))&D3015,2,1)+1,1)+MID(REPT(0,9-LEN(D3015))&D3015,3,1)+MID("0246813579",MID(REPT(0,9-LEN(D3015))&D3015,4,1)+1,1)+MID(REPT(0,9-LEN(D3015))&D3015,5,1)+MID("0246813579",MID(REPT(0,9-LEN(D3015))&D3015,6,1)+1,1)+MID(REPT(0,9-LEN(D3015))&D3015,7,1)+MID("0246813579",MID(REPT(0,9-LEN(D3015))&D3015,8,1)+1,1)+MID(REPT(0,9-LEN(D3015))&D3015,9,1),10)=0 -> TRUE | AB3015: =IF(H3015="גננת",IF(J3015<75,"לא תקין","תקין"),"") | AC3015: =IF(B3015<>"",B3015&H3015,"") | AD3015: =M3015 | AE3015: =IF(B3015<>"",B3015&LEFT(H3015,5),"") | AF3015: =M3015

Sheet סייעות רפואיות או אישיות (7)
A1: תוכן העניינים | E1: תכנית בתי הספר והגנים של החופש הגדול, קיץ תשפ"ו | M1: * | P1: *
C4: שם הרשות המקומית | D4: ='נתונים כללים (1)'!$C$5 -> 0
C5: סוג מוסד | D5: גנים
C6: מספר אשכול למ"ס | D6: ='נתונים כללים (1)'!$C$7 -> 0
E8: תקצוב עבור סייעות רפואיות/ אישיות
C9: עפ"י סעיף ג.1.ד.1 לקול קורא לתלמידים עם זכאות לסל אישי ו/או זכאות לסייעת רפואית, בגן/בכיתה לחינוך רגיל, שמקבלים בפועל תמיכה מסוג סיוע לאורך השנה, תתאפשר סייעת אישית גם במהלך הפעילות בחופשה בהיקף שעות שבועיות דומה לזה שהיה במהלך השנה. עלות תגמול הנוסף לסייעת אישית (שצמודה לילד) הינה 75 ש"ח ליום (מעבר לשכרה שמשולם עבור תקופה זו). ככל שתומכת החינוך תעבוד מעבר ל-15 ימי עבודה התיקצוב הינו 42.5 ש"ח ברוטו לשעה+ עלות מעסיק, סה"כ עלות שעתית כולל של 59.57 ש"ח לשעה.
C12: מספר סייעות רפואיות/אישיות שהועסקו | D12: סה"כ שכר שדווח | E12: תקצוב משרד החינוך | F12: תשלום
C13: =COUNT(E17:E399) -> 0 | D13: =SUM(I17:I399) -> 0 | E13: =SUM(K17:K399) -> 0 | F13: =SUM(L17:L399) -> 0 | P13: =59.57*5*7 -> 2084.95
C16: סמל מוסד | D16: מעמד | E16: ת.ז תלמיד | F16: ת.ז סייעת רפואית/אישית | G16: שם פרטי | H16: שם משפחה | I16: שכר ברוטו שעתי | J16: עלות שכר שעתית | K16: סך שעות | L16: עלות שכר לתקופה | M16: בדיקת כפילויות | N16: תקצוב משרד החינוך | O16: תשלום | P16: מס' יחידות לתשלום
D17: =IFERROR(VLOOKUP(C17,'גנים - מצבת והרשמה (4)'!C:E,3,0),"") | L17: =J17*K17 -> 0 | M17: =COUNTIF($F$16:$F$4001,F17) -> 0 | N17: =IF(F17>0,MIN(59.57,J17)*MIN(35,K17),0) -> 0 | O17: =MIN(L17,N17) -> 0 | P17: =IFERROR(O17/$P$13,"") -> 0
D18: =IFERROR(VLOOKUP(C18,'גנים - מצבת והרשמה (4)'!C:E,3,0),"") | L18: =J18*K18 -> 0 | M18: =COUNTIF($F$16:$F$4001,F18) -> 0 | N18: =IF(F18>0,MIN(59.57,J18)*MIN(35,K18),0) -> 0 | O18: =MIN(L18,N18) -> 0 | P18: =IFERROR(O18/$P$13,"") -> 0
D19: =IFERROR(VLOOKUP(C19,'גנים - מצבת והרשמה (4)'!C:E,3,0),"") | L19: =J19*K19 -> 0 | M19: =COUNTIF($F$16:$F$4001,F19) -> 0 | N19: =IF(F19>0,MIN(59.57,J19)*MIN(35,K19),0) -> 0 | O19: =MIN(L19,N19) -> 0 | P19: =IFERROR(O19/$P$13,"") -> 0
D20: =IFERROR(VLOOKUP(C20,'גנים - מצבת והרשמה (4)'!C:E,3,0),"") | L20: =J20*K20 -> 0 | M20: =COUNTIF($F$16:$F$4001,F20) -> 0 | N20: =IF(F20>0,MIN(59.57,J20)*MIN(35,K20),0) -> 0 | O20: =MIN(L20,N20) -> 0 | P20: =IFERROR(O20/$P$13,"") -> 0
D21: =IFERROR(VLOOKUP(C21,'גנים - מצבת והרשמה (4)'!C:E,3,0),"") | L21: =J21*K21 -> 0 | M21: =COUNTIF($F$16:$F$4001,F21) -> 0 | N21: =IF(F21>0,MIN(59.57,J21)*MIN(35,K21),0) -> 0 | O21: =MIN(L21,N21) -> 0 | P21: =IFERROR(O21/$P$13,"") -> 0
D22: =IFERROR(VLOOKUP(C22,'גנים - מצבת והרשמה (4)'!C:E,3,0),"") | L22: =J22*K22 -> 0 | M22: =COUNTIF($F$16:$F$4001,F22) -> 0 | N22: =IF(F22>0,MIN(59.57,J22)*MIN(35,K22),0) -> 0 | O22: =MIN(L22,N22) -> 0 | P22: =IFERROR(O22/$P$13,"") -> 0
D23: =IFERROR(VLOOKUP(C23,'גנים - מצבת והרשמה (4)'!C:E,3,0),"") | L23: =J23*K23 -> 0 | M23: =COUNTIF($F$16:$F$4001,F23) -> 0 | N23: =IF(F23>0,MIN(59.57,J23)*MIN(35,K23),0) -> 0 | O23: =MIN(L23,N23) -> 0 | P23: =IFERROR(O23/$P$13,"") -> 0
D24: =IFERROR(VLOOKUP(C24,'גנים - מצבת והרשמה (4)'!C:E,3,0),"") | L24: =J24*K24 -> 0 | M24: =COUNTIF($F$16:$F$4001,F24) -> 0 | N24: =IF(F24>0,MIN(59.57,J24)*MIN(35,K24),0) -> 0 | O24: =MIN(L24,N24) -> 0 | P24: =IFERROR(O24/$P$13,"") -> 0
D25: =IFERROR(VLOOKUP(C25,'גנים - מצבת והרשמה (4)'!C:E,3,0),"") | L25: =J25*K25 -> 0 | M25: =COUNTIF($F$16:$F$4001,F25) -> 0 | N25: =IF(F25>0,MIN(59.57,J25)*MIN(35,K25),0) -> 0 | O25: =MIN(L25,N25) -> 0 | P25: =IFERROR(O25/$P$13,"") -> 0
D26: =IFERROR(VLOOKUP(C26,'גנים - מצבת והרשמה (4)'!C:E,3,0),"") | L26: =J26*K26 -> 0 | M26: =COUNTIF($F$16:$F$4001,F26) -> 0 | N26: =IF(F26>0,MIN(59.57,J26)*MIN(35,K26),0) -> 0 | O26: =MIN(L26,N26) -> 0 | P26: =IFERROR(O26/$P$13,"") -> 0
D27: =IFERROR(VLOOKUP(C27,'גנים - מצבת והרשמה (4)'!C:E,3,0),"") | L27: =J27*K27 -> 0 | M27: =COUNTIF($F$16:$F$4001,F27) -> 0 | N27: =IF(F27>0,MIN(59.57,J27)*MIN(35,K27),0) -> 0 | O27: =MIN(L27,N27) -> 0 | P27: =IFERROR(O27/$P$13,"") -> 0
D28: =IFERROR(VLOOKUP(C28,'גנים - מצבת והרשמה (4)'!C:E,3,0),"") | L28: =J28*K28 -> 0 | M28: =COUNTIF($F$16:$F$4001,F28) -> 0 | N28: =IF(F28>0,MIN(59.57,J28)*MIN(35,K28),0) -> 0 | O28: =MIN(L28,N28) -> 0 | P28: =IFERROR(O28/$P$13,"") -> 0
... D384: =IFERROR(VLOOKUP(C384,'גנים - מצבת והרשמה (4)'!C:E,3,0),"") | L384: =J384*K384 -> 0 | M384: =COUNTIF($F$16:$F$4001,F384) -> 0 | N384: =IF(F384>0,MIN(59.57,J384)*MIN(35,K384),0) -> 0 | O384: =MIN(L384,N384) -> 0 | P384: =IFERROR(O384/$P$13,"") -> 0

Sheet רכזות גנים - דוח ביצוע (8)
A1: תוכן העניינים | E1: תכנית בתי הספר והגנים של החופש הגדול, קיץ תשפ"ו | J1: * | K1: *
C3: שם הרשות המקומית | E3: ='נתונים כללים (1)'!$C$5 -> 0
C4: סוג מוסד | E4: גנים
C5: מספר אשכול למ"ס | E5: ='נתונים כללים (1)'!$C$6
E7: דוח העסקת רכזות גנים עבור גנים בהם המובילה אינה גננת
C9: מס' גנים ברשימה | D9: מספר גנים זכאים לרכזת גנים | E9: מספר גנים שהועסקו רכזות | F9: סה"כ משרות של הרכזות שהועסקו | G9: מס' גנים זכאים לרכזת שגם הועסקה רכזת | H9: סה"כ זכאות לתקצוב במשרות | I9: סה"כ זכאות לתקצוב במשרות לאחר הפחתת ימים
C10: =SUM(IF(FREQUENCY(C17:C316,C17:C316)>0,1)) -> 0 | D10: =SUM(F17:F316) -> 0 | E10: =COUNTIF(G17:G316,">0") -> 0 | F10: =SUMIF($G$17:$G$316,">0") -> 0 | G10: =COUNTIFS($F$17:$F$316,"=1",$G$17:$G$316,">=0.14") -> 0 | H10: =SUMIFS($J$17:$J$316,$F$17:$F$316,1,$G$17:$G$316,">0") -> 0 | I10: =SUMIFS($K$17:$K$316,$F$17:$F$316,1,$G$17:$G$316,">0") -> 0
E14: דוח מפורט - גנים בהם המובילה אינה גננת והועסקה בפועל רכזת גנים
B16: מס' סידורי | C16: סמל גן בו מתקיימת הפעילות | D16: שם גן | E16: המובילה אינה גננת. סייעת=1 | F16: זכאות לרכזת גנים | G16: היקף המשרה של הרכזת המועסקת - באחוזים | H16: הערות הרשות | I16: בקרת סמלי מוסדות | J16: אחוז משרה מתוקן (כולל תוספת מעל 5 גנים) | K16: תקצוב יחסי בהתאם לכמות ימים
B17: 1 | D17: =IFERROR(VLOOKUP($C17,'גנים - דוח ביצוע (5)'!$B$18:$H$1896,3,0)," ") | E17: =IFERROR(VLOOKUP($C17,'גנים - דוח ביצוע (5)'!$B$18:$H$1896,6,0)," ") | F17: =IFERROR(IF(E17=1,1,0)," ") -> 0 | I17: =IFERROR(COUNTIF($C$17:$C$2118,C17)," ") -> 0 | J17: =IF(ISNUMBER(G17),(1+MAX(0,ROUND(1/G17,0)-5)/5)/ROUND(1/G17,0),"") | K17: =_xlfn.IFNA((VLOOKUP(C17,'גנים - דוח ביצוע (5)'!$B:$M,9,0)/7)*J17," ")
B18: 2 | D18: =IFERROR(VLOOKUP($C18,'גנים - דוח ביצוע (5)'!$B$18:$H$1896,3,0)," ") | E18: =IFERROR(VLOOKUP($C18,'גנים - דוח ביצוע (5)'!$B$18:$H$1896,6,0)," ") | F18: =IFERROR(IF(E18=1,1,0)," ") -> 0 | I18: =IFERROR(COUNTIF($C$17:$C$2118,C18)," ") -> 0 | J18: =IF(ISNUMBER(G18),(1+MAX(0,ROUND(1/G18,0)-5)/5)/ROUND(1/G18,0),"") | K18: =_xlfn.IFNA((VLOOKUP(C18,'גנים - דוח ביצוע (5)'!$B:$M,9,0)/7)*J18," ")
B19: 3 | D19: =IFERROR(VLOOKUP($C19,'גנים - דוח ביצוע (5)'!$B$18:$H$1896,3,0)," ") | E19: =IFERROR(VLOOKUP($C19,'גנים - דוח ביצוע (5)'!$B$18:$H$1896,6,0)," ") | F19: =IFERROR(IF(E19=1,1,0)," ") -> 0 | I19: =IFERROR(COUNTIF($C$17:$C$2118,C19)," ") -> 0 | J19: =IF(ISNUMBER(G19),(1+MAX(0,ROUND(1/G19,0)-5)/5)/ROUND(1/G19,0),"") | K19: =_xlfn.IFNA((VLOOKUP(C19,'גנים - דוח ביצוע (5)'!$B:$M,9,0)/7)*J19," ")
B20: 4 | D20: =IFERROR(VLOOKUP($C20,'גנים - דוח ביצוע (5)'!$B$18:$H$1896,3,0)," ") | E20: =IFERROR(VLOOKUP($C20,'גנים - דוח ביצוע (5)'!$B$18:$H$1896,6,0)," ") | F20: =IFERROR(IF(E20=1,1,0)," ") -> 0 | I20: =IFERROR(COUNTIF($C$17:$C$2118,C20)," ") -> 0 | J20: =IF(ISNUMBER(G20),(1+MAX(0,ROUND(1/G20,0)-5)/5)/ROUND(1/G20,0),"") | K20: =_xlfn.IFNA((VLOOKUP(C20,'גנים - דוח ביצוע (5)'!$B:$M,9,0)/7)*J20," ")
B21: 5 | D21: =IFERROR(VLOOKUP($C21,'גנים - דוח ביצוע (5)'!$B$18:$H$1896,3,0)," ") | E21: =IFERROR(VLOOKUP($C21,'גנים - דוח ביצוע (5)'!$B$18:$H$1896,6,0)," ") | F21: =IFERROR(IF(E21=1,1,0)," ") -> 0 | I21: =IFERROR(COUNTIF($C$17:$C$2118,C21)," ") -> 0 | J21: =IF(ISNUMBER(G21),(1+MAX(0,ROUND(1/G21,0)-5)/5)/ROUND(1/G21,0),"") | K21: =_xlfn.IFNA((VLOOKUP(C21,'גנים - דוח ביצוע (5)'!$B:$M,9,0)/7)*J21," ")
B22: 6 | D22: =IFERROR(VLOOKUP($C22,'גנים - דוח ביצוע (5)'!$B$18:$H$1896,3,0)," ") | E22: =IFERROR(VLOOKUP($C22,'גנים - דוח ביצוע (5)'!$B$18:$H$1896,6,0)," ") | F22: =IFERROR(IF(E22=1,1,0)," ") -> 0 | I22: =IFERROR(COUNTIF($C$17:$C$2118,C22)," ") -> 0 | J22: =IF(ISNUMBER(G22),(1+MAX(0,ROUND(1/G22,0)-5)/5)/ROUND(1/G22,0),"") | K22: =_xlfn.IFNA((VLOOKUP(C22,'גנים - דוח ביצוע (5)'!$B:$M,9,0)/7)*J22," ")
B23: 7 | D23: =IFERROR(VLOOKUP($C23,'גנים - דוח ביצוע (5)'!$B$18:$H$1896,3,0)," ") | E23: =IFERROR(VLOOKUP($C23,'גנים - דוח ביצוע (5)'!$B$18:$H$1896,6,0)," ") | F23: =IFERROR(IF(E23=1,1,0)," ") -> 0 | I23: =IFERROR(COUNTIF($C$17:$C$2118,C23)," ") -> 0 | J23: =IF(ISNUMBER(G23),(1+MAX(0,ROUND(1/G23,0)-5)/5)/ROUND(1/G23,0),"") | K23: =_xlfn.IFNA((VLOOKUP(C23,'גנים - דוח ביצוע (5)'!$B:$M,9,0)/7)*J23," ")
B24: 8 | D24: =IFERROR(VLOOKUP($C24,'גנים - דוח ביצוע (5)'!$B$18:$H$1896,3,0)," ") | E24: =IFERROR(VLOOKUP($C24,'גנים - דוח ביצוע (5)'!$B$18:$H$1896,6,0)," ") | F24: =IFERROR(IF(E24=1,1,0)," ") -> 0 | I24: =IFERROR(COUNTIF($C$17:$C$2118,C24)," ") -> 0 | J24: =IF(ISNUMBER(G24),(1+MAX(0,ROUND(1/G24,0)-5)/5)/ROUND(1/G24,0),"") | K24: =_xlfn.IFNA((VLOOKUP(C24,'גנים - דוח ביצוע (5)'!$B:$M,9,0)/7)*J24," ")
B25: 9 | D25: =IFERROR(VLOOKUP($C25,'גנים - דוח ביצוע (5)'!$B$18:$H$1896,3,0)," ") | E25: =IFERROR(VLOOKUP($C25,'גנים - דוח ביצוע (5)'!$B$18:$H$1896,6,0)," ") | F25: =IFERROR(IF(E25=1,1,0)," ") -> 0 | I25: =IFERROR(COUNTIF($C$17:$C$2118,C25)," ") -> 0 | J25: =IF(ISNUMBER(G25),(1+MAX(0,ROUND(1/G25,0)-5)/5)/ROUND(1/G25,0),"") | K25: =_xlfn.IFNA((VLOOKUP(C25,'גנים - דוח ביצוע (5)'!$B:$M,9,0)/7)*J25," ")
B26: 10 | D26: =IFERROR(VLOOKUP($C26,'גנים - דוח ביצוע (5)'!$B$18:$H$1896,3,0)," ") | E26: =IFERROR(VLOOKUP($C26,'גנים - דוח ביצוע (5)'!$B$18:$H$1896,6,0)," ") | F26: =IFERROR(IF(E26=1,1,0)," ") -> 0 | I26: =IFERROR(COUNTIF($C$17:$C$2118,C26)," ") -> 0 | J26: =IF(ISNUMBER(G26),(1+MAX(0,ROUND(1/G26,0)-5)/5)/ROUND(1/G26,0),"") | K26: =_xlfn.IFNA((VLOOKUP(C26,'גנים - דוח ביצוע (5)'!$B:$M,9,0)/7)*J26," ")
B27: 11 | D27: =IFERROR(VLOOKUP($C27,'גנים - דוח ביצוע (5)'!$B$18:$H$1896,3,0)," ") | E27: =IFERROR(VLOOKUP($C27,'גנים - דוח ביצוע (5)'!$B$18:$H$1896,6,0)," ") | F27: =IFERROR(IF(E27=1,1,0)," ") -> 0 | I27: =IFERROR(COUNTIF($C$17:$C$2118,C27)," ") -> 0 | J27: =IF(ISNUMBER(G27),(1+MAX(0,ROUND(1/G27,0)-5)/5)/ROUND(1/G27,0),"") | K27: =_xlfn.IFNA((VLOOKUP(C27,'גנים - דוח ביצוע (5)'!$B:$M,9,0)/7)*J27," ")
B28: 12 | D28: =IFERROR(VLOOKUP($C28,'גנים - דוח ביצוע (5)'!$B$18:$H$1896,3,0)," ") | E28: =IFERROR(VLOOKUP($C28,'גנים - דוח ביצוע (5)'!$B$18:$H$1896,6,0)," ") | F28: =IFERROR(IF(E28=1,1,0)," ") -> 0 | I28: =IFERROR(COUNTIF($C$17:$C$2118,C28)," ") -> 0 | J28: =IF(ISNUMBER(G28),(1+MAX(0,ROUND(1/G28,0)-5)/5)/ROUND(1/G28,0),"") | K28: =_xlfn.IFNA((VLOOKUP(C28,'גנים - דוח ביצוע (5)'!$B:$M,9,0)/7)*J28," ")
... B316: 300 | D316: =IFERROR(VLOOKUP($C316,'גנים - דוח ביצוע (5)'!$B$18:$H$1896,3,0)," ") | E316: =IFERROR(VLOOKUP($C316,'גנים - דוח ביצוע (5)'!$B$18:$H$1896,6,0)," ") | F316: =IFERROR(IF(E316=1,1,0)," ") -> 0 | I316: =IFERROR(COUNTIF($C$17:$C$2118,C316)," ") -> 0 | J316: =IF(ISNUMBER(G316),(1+MAX(0,ROUND(1/G316,0)-5)/5)/ROUND(1/G316,0),"") | K316: =_xlfn.IFNA((VLOOKUP(C316,'גנים - דוח ביצוע (5)'!$B:$M,9,0)/7)*J316," ")

Sheet  איוש משרות (9)
A1: תוכן העניינים | E1: ='[2]גנים ובתי ספר- מבנה תקציב'!$E$1 -> תכנית בתי הספר והגנים של החופש הגדול, קיץ תשפ"ו | O1: * | P1: * | Q1: * | R1: *
C3: שם הרשות המקומית | E3: ='נתונים כללים (1)'!$C$5 -> 0
C4: סוג מוסד | E4: בתי ספר | K4: =IF(K5=""," ","שגיאות בגיליון:")
C5: מספר אשכול למ"ס | E5: ='[2]נתונים כלליים (1)'!$C$6 | K5: =IF(SUM(O16:O515)>0,CONCATENATE("שימו לב! קיימים ",SUM(O16:O515)," מוסדות בהם לא הועסקו אנשי צוות כנדרש ולכן אין זכאות לתקציב עבור מוסדות אלו"),"")
E8: בקרת איוש משרות
B10: בהתאם לסעיף ג.1.ב. בקול קורא איוש הצוות החינוכי במתכונות שמפורטת בקול קורא הינם תנאי סף לתקצוב התוכנית כולה.
D12: סה"כ גנים שדווחו (גיליון 5) | E12: סה"כ גנים עם איוש משרות תקין | F12: מס' ילדים שדווחו | G12: מס' ילדים לתשלום בהתאם לתקינות איוש משרות
D13: ='גנים - דוח ביצוע (5)'!$E$11 -> 0 | E13: =COUNTIF(K:K,"תקין") -> 0 | F13: =SUM(E16:E515) -> 0 | G13: =SUM(L16:L515) -> 0
B16: מס' סידורי | C16: סמל גן | D16: שם הגן | E16: כמות תלמידים לחישוב תקציב | F16: דיווח שכר גננת | G16: דיווח שכר רכז/ת גנים | H16: דיווח שכר סייע/ת | I16: בדיקת איוש גננת/ רכזת גן | J16: בדיקת איוש סייע/ת | K16: בקרת איוש משרות | L16: מס' ילדים לתשלום | M16: הערת הרשות | N16: בקרת סמלי מוסדות | O16: בקרה ג.1.ב | P16: עזר- גננת | Q16: עזר- רכזת | R16: עזר- סייעת
B17: 1 | C17: =IF(VLOOKUP(B17,'גנים - דוח ביצוע (5)'!A:M,2,0)="","",VLOOKUP(B17,'גנים - דוח ביצוע (5)'!A:M,2,0)) | D17: =IFERROR(VLOOKUP($C:$C,'גנים - מצבת והרשמה (4)'!C:D,2,0)," ") | E17: =IFERROR(VLOOKUP(C17,'גנים - דוח ביצוע (5)'!B:N,13,0),"") | F17: =IFERROR(VLOOKUP(P17,'פירוט עלויות כח אדם (6)'!AC:AD,2,0),0) | G17: =IFERROR(VLOOKUP(Q17,'פירוט עלויות כח אדם (6)'!AC:AD,2,0),0) | H17: =IFERROR(VLOOKUP(R17,'פירוט עלויות כח אדם (6)'!AE:AF,2,0),0) | I17: =IF(C17<>"",IF(OR(F17>0,G17>0),"תקין","לא תקין"),0) -> 0 | J17: =IF(C17<>"",IF(E17>30,IF(H17>0,"תקין","לא תקין"),"תקין"),0) -> 0 | K17: =IF(C17<>"",IF(OR(I17="לא תקין",J17="לא תקין"),"לא תקין, הגן לא העסיק צוות חינוכי בהתאם להנחיות","תקין"),0) -> 0 | L17: =IF(E17<>"",IF(K17="תקין",E17,"לא קיימת זכאות לתקציב לאור אי איוש משרות כנדרש"),"") | N17: =IF(ISNUMBER(C17),IF(COUNTIF($C$17:$C$1995,C17)=1,"תקין",IFERROR(CONCATENATE("סמל הגן הוקלד ",COUNTIF($C$17:$C$1995,C17)," פעמים"),"")),"") | O17: =IF(LEFT(K17,7)="לא תקין",1,0) -> 0 | P17: =IF(C17<>"",C17&'גיליון עזר'!$A$2,"") | Q17: =IF(C17<>"",C17&'גיליון עזר'!$C$2,"") | R17: =IF(C17<>"",C17&"סייעת","")
B18: 2 | C18: =IF(VLOOKUP(B18,'גנים - דוח ביצוע (5)'!A:M,2,0)="","",VLOOKUP(B18,'גנים - דוח ביצוע (5)'!A:M,2,0)) | D18: =IFERROR(VLOOKUP($C:$C,'גנים - מצבת והרשמה (4)'!C:D,2,0)," ") | E18: =IFERROR(VLOOKUP(C18,'גנים - דוח ביצוע (5)'!B:N,13,0),"") | F18: =IFERROR(VLOOKUP(P18,'פירוט עלויות כח אדם (6)'!AC:AD,2,0),0) | G18: =IFERROR(VLOOKUP(Q18,'פירוט עלויות כח אדם (6)'!AC:AD,2,0),0) | H18: =IFERROR(VLOOKUP(R18,'פירוט עלויות כח אדם (6)'!AE:AF,2,0),0) | I18: =IF(C18<>"",IF(OR(F18>0,G18>0),"תקין","לא תקין"),0) -> 0 | J18: =IF(C18<>"",IF(E18>30,IF(H18>0,"תקין","לא תקין"),"תקין"),0) -> 0 | K18: =IF(C18<>"",IF(OR(I18="לא תקין",J18="לא תקין"),"לא תקין, הגן לא העסיק צוות חינוכי בהתאם להנחיות","תקין"),0) -> 0 | L18: =IF(E18<>"",IF(K18="תקין",E18,"לא קיימת זכאות לתקציב לאור אי איוש משרות כנדרש"),"") | N18: =IF(ISNUMBER(C18),IF(COUNTIF($C$17:$C$1995,C18)=1,"תקין",IFERROR(CONCATENATE("סמל הגן הוקלד ",COUNTIF($C$17:$C$1995,C18)," פעמים"),"")),"") | O18: =IF(LEFT(K18,7)="לא תקין",1,0) -> 0 | P18: =IF(C18<>"",C18&'גיליון עזר'!$A$2,"") | Q18: =IF(C18<>"",C18&'גיליון עזר'!$C$2,"") | R18: =IF(C18<>"",C18&"סייעת","")
B19: 3 | C19: =IF(VLOOKUP(B19,'גנים - דוח ביצוע (5)'!A:M,2,0)="","",VLOOKUP(B19,'גנים - דוח ביצוע (5)'!A:M,2,0)) | D19: =IFERROR(VLOOKUP($C:$C,'גנים - מצבת והרשמה (4)'!C:D,2,0)," ") | E19: =IFERROR(VLOOKUP(C19,'גנים - דוח ביצוע (5)'!B:N,13,0),"") | F19: =IFERROR(VLOOKUP(P19,'פירוט עלויות כח אדם (6)'!AC:AD,2,0),0) | G19: =IFERROR(VLOOKUP(Q19,'פירוט עלויות כח אדם (6)'!AC:AD,2,0),0) | H19: =IFERROR(VLOOKUP(R19,'פירוט עלויות כח אדם (6)'!AE:AF,2,0),0) | I19: =IF(C19<>"",IF(OR(F19>0,G19>0),"תקין","לא תקין"),0) -> 0 | J19: =IF(C19<>"",IF(E19>30,IF(H19>0,"תקין","לא תקין"),"תקין"),0) -> 0 | K19: =IF(C19<>"",IF(OR(I19="לא תקין",J19="לא תקין"),"לא תקין, הגן לא העסיק צוות חינוכי בהתאם להנחיות","תקין"),0) -> 0 | L19: =IF(E19<>"",IF(K19="תקין",E19,"לא קיימת זכאות לתקציב לאור אי איוש משרות כנדרש"),"") | N19: =IF(ISNUMBER(C19),IF(COUNTIF($C$17:$C$1995,C19)=1,"תקין",IFERROR(CONCATENATE("סמל הגן הוקלד ",COUNTIF($C$17:$C$1995,C19)," פעמים"),"")),"") | O19: =IF(LEFT(K19,7)="לא תקין",1,0) -> 0 | P19: =IF(C19<>"",C19&'גיליון עזר'!$A$2,"") | Q19: =IF(C19<>"",C19&'גיליון עזר'!$C$2,"") | R19: =IF(C19<>"",C19&"סייעת","")
B20: 4 | C20: =IF(VLOOKUP(B20,'גנים - דוח ביצוע (5)'!A:M,2,0)="","",VLOOKUP(B20,'גנים - דוח ביצוע (5)'!A:M,2,0)) | D20: =IFERROR(VLOOKUP($C:$C,'גנים - מצבת והרשמה (4)'!C:D,2,0)," ") | E20: =IFERROR(VLOOKUP(C20,'גנים - דוח ביצוע (5)'!B:N,13,0),"") | F20: =IFERROR(VLOOKUP(P20,'פירוט עלויות כח אדם (6)'!AC:AD,2,0),0) | G20: =IFERROR(VLOOKUP(Q20,'פירוט עלויות כח אדם (6)'!AC:AD,2,0),0) | H20: =IFERROR(VLOOKUP(R20,'פירוט עלויות כח אדם (6)'!AE:AF,2,0),0) | I20: =IF(C20<>"",IF(OR(F20>0,G20>0),"תקין","לא תקין"),0) -> 0 | J20: =IF(C20<>"",IF(E20>30,IF(H20>0,"תקין","לא תקין"),"תקין"),0) -> 0 | K20: =IF(C20<>"",IF(OR(I20="לא תקין",J20="לא תקין"),"לא תקין, הגן לא העסיק צוות חינוכי בהתאם להנחיות","תקין"),0) -> 0 | L20: =IF(E20<>"",IF(K20="תקין",E20,"לא קיימת זכאות לתקציב לאור אי איוש משרות כנדרש"),"") | N20: =IF(ISNUMBER(C20),IF(COUNTIF($C$17:$C$1995,C20)=1,"תקין",IFERROR(CONCATENATE("סמל הגן הוקלד ",COUNTIF($C$17:$C$1995,C20)," פעמים"),"")),"") | O20: =IF(LEFT(K20,7)="לא תקין",1,0) -> 0 | P20: =IF(C20<>"",C20&'גיליון עזר'!$A$2,"") | Q20: =IF(C20<>"",C20&'גיליון עזר'!$C$2,"") | R20: =IF(C20<>"",C20&"סייעת","")
B21: 5 | C21: =IF(VLOOKUP(B21,'גנים - דוח ביצוע (5)'!A:M,2,0)="","",VLOOKUP(B21,'גנים - דוח ביצוע (5)'!A:M,2,0)) | D21: =IFERROR(VLOOKUP($C:$C,'גנים - מצבת והרשמה (4)'!C:D,2,0)," ") | E21: =IFERROR(VLOOKUP(C21,'גנים - דוח ביצוע (5)'!B:N,13,0),"") | F21: =IFERROR(VLOOKUP(P21,'פירוט עלויות כח אדם (6)'!AC:AD,2,0),0) | G21: =IFERROR(VLOOKUP(Q21,'פירוט עלויות כח אדם (6)'!AC:AD,2,0),0) | H21: =IFERROR(VLOOKUP(R21,'פירוט עלויות כח אדם (6)'!AE:AF,2,0),0) | I21: =IF(C21<>"",IF(OR(F21>0,G21>0),"תקין","לא תקין"),0) -> 0 | J21: =IF(C21<>"",IF(E21>30,IF(H21>0,"תקין","לא תקין"),"תקין"),0) -> 0 | K21: =IF(C21<>"",IF(OR(I21="לא תקין",J21="לא תקין"),"לא תקין, הגן לא העסיק צוות חינוכי בהתאם להנחיות","תקין"),0) -> 0 | L21: =IF(E21<>"",IF(K21="תקין",E21,"לא קיימת זכאות לתקציב לאור אי איוש משרות כנדרש"),"") | N21: =IF(ISNUMBER(C21),IF(COUNTIF($C$17:$C$1995,C21)=1,"תקין",IFERROR(CONCATENATE("סמל הגן הוקלד ",COUNTIF($C$17:$C$1995,C21)," פעמים"),"")),"") | O21: =IF(LEFT(K21,7)="לא תקין",1,0) -> 0 | P21: =IF(C21<>"",C21&'גיליון עזר'!$A$2,"") | Q21: =IF(C21<>"",C21&'גיליון עזר'!$C$2,"") | R21: =IF(C21<>"",C21&"סייעת","")
B22: 6 | C22: =IF(VLOOKUP(B22,'גנים - דוח ביצוע (5)'!A:M,2,0)="","",VLOOKUP(B22,'גנים - דוח ביצוע (5)'!A:M,2,0)) | D22: =IFERROR(VLOOKUP($C:$C,'גנים - מצבת והרשמה (4)'!C:D,2,0)," ") | E22: =IFERROR(VLOOKUP(C22,'גנים - דוח ביצוע (5)'!B:N,13,0),"") | F22: =IFERROR(VLOOKUP(P22,'פירוט עלויות כח אדם (6)'!AC:AD,2,0),0) | G22: =IFERROR(VLOOKUP(Q22,'פירוט עלויות כח אדם (6)'!AC:AD,2,0),0) | H22: =IFERROR(VLOOKUP(R22,'פירוט עלויות כח אדם (6)'!AE:AF,2,0),0) | I22: =IF(C22<>"",IF(OR(F22>0,G22>0),"תקין","לא תקין"),0) -> 0 | J22: =IF(C22<>"",IF(E22>30,IF(H22>0,"תקין","לא תקין"),"תקין"),0) -> 0 | K22: =IF(C22<>"",IF(OR(I22="לא תקין",J22="לא תקין"),"לא תקין, הגן לא העסיק צוות חינוכי בהתאם להנחיות","תקין"),0) -> 0 | L22: =IF(E22<>"",IF(K22="תקין",E22,"לא קיימת זכאות לתקציב לאור אי איוש משרות כנדרש"),"") | N22: =IF(ISNUMBER(C22),IF(COUNTIF($C$17:$C$1995,C22)=1,"תקין",IFERROR(CONCATENATE("סמל הגן הוקלד ",COUNTIF($C$17:$C$1995,C22)," פעמים"),"")),"") | O22: =IF(LEFT(K22,7)="לא תקין",1,0) -> 0 | P22: =IF(C22<>"",C22&'גיליון עזר'!$A$2,"") | Q22: =IF(C22<>"",C22&'גיליון עזר'!$C$2,"") | R22: =IF(C22<>"",C22&"סייעת","")
B23: 7 | C23: =IF(VLOOKUP(B23,'גנים - דוח ביצוע (5)'!A:M,2,0)="","",VLOOKUP(B23,'גנים - דוח ביצוע (5)'!A:M,2,0)) | D23: =IFERROR(VLOOKUP($C:$C,'גנים - מצבת והרשמה (4)'!C:D,2,0)," ") | E23: =IFERROR(VLOOKUP(C23,'גנים - דוח ביצוע (5)'!B:N,13,0),"") | F23: =IFERROR(VLOOKUP(P23,'פירוט עלויות כח אדם (6)'!AC:AD,2,0),0) | G23: =IFERROR(VLOOKUP(Q23,'פירוט עלויות כח אדם (6)'!AC:AD,2,0),0) | H23: =IFERROR(VLOOKUP(R23,'פירוט עלויות כח אדם (6)'!AE:AF,2,0),0) | I23: =IF(C23<>"",IF(OR(F23>0,G23>0),"תקין","לא תקין"),0) -> 0 | J23: =IF(C23<>"",IF(E23>30,IF(H23>0,"תקין","לא תקין"),"תקין"),0) -> 0 | K23: =IF(C23<>"",IF(OR(I23="לא תקין",J23="לא תקין"),"לא תקין, הגן לא העסיק צוות חינוכי בהתאם להנחיות","תקין"),0) -> 0 | L23: =IF(E23<>"",IF(K23="תקין",E23,"לא קיימת זכאות לתקציב לאור אי איוש משרות כנדרש"),"") | N23: =IF(ISNUMBER(C23),IF(COUNTIF($C$17:$C$1995,C23)=1,"תקין",IFERROR(CONCATENATE("סמל הגן הוקלד ",COUNTIF($C$17:$C$1995,C23)," פעמים"),"")),"") | O23: =IF(LEFT(K23,7)="לא תקין",1,0) -> 0 | P23: =IF(C23<>"",C23&'גיליון עזר'!$A$2,"") | Q23: =IF(C23<>"",C23&'גיליון עזר'!$C$2,"") | R23: =IF(C23<>"",C23&"סייעת","")
B24: 8 | C24: =IF(VLOOKUP(B24,'גנים - דוח ביצוע (5)'!A:M,2,0)="","",VLOOKUP(B24,'גנים - דוח ביצוע (5)'!A:M,2,0)) | D24: =IFERROR(VLOOKUP($C:$C,'גנים - מצבת והרשמה (4)'!C:D,2,0)," ") | E24: =IFERROR(VLOOKUP(C24,'גנים - דוח ביצוע (5)'!B:N,13,0),"") | F24: =IFERROR(VLOOKUP(P24,'פירוט עלויות כח אדם (6)'!AC:AD,2,0),0) | G24: =IFERROR(VLOOKUP(Q24,'פירוט עלויות כח אדם (6)'!AC:AD,2,0),0) | H24: =IFERROR(VLOOKUP(R24,'פירוט עלויות כח אדם (6)'!AE:AF,2,0),0) | I24: =IF(C24<>"",IF(OR(F24>0,G24>0),"תקין","לא תקין"),0) -> 0 | J24: =IF(C24<>"",IF(E24>30,IF(H24>0,"תקין","לא תקין"),"תקין"),0) -> 0 | K24: =IF(C24<>"",IF(OR(I24="לא תקין",J24="לא תקין"),"לא תקין, הגן לא העסיק צוות חינוכי בהתאם להנחיות","תקין"),0) -> 0 | L24: =IF(E24<>"",IF(K24="תקין",E24,"לא קיימת זכאות לתקציב לאור אי איוש משרות כנדרש"),"") | N24: =IF(ISNUMBER(C24),IF(COUNTIF($C$17:$C$1995,C24)=1,"תקין",IFERROR(CONCATENATE("סמל הגן הוקלד ",COUNTIF($C$17:$C$1995,C24)," פעמים"),"")),"") | O24: =IF(LEFT(K24,7)="לא תקין",1,0) -> 0 | P24: =IF(C24<>"",C24&'גיליון עזר'!$A$2,"") | Q24: =IF(C24<>"",C24&'גיליון עזר'!$C$2,"") | R24: =IF(C24<>"",C24&"סייעת","")
B25: 9 | C25: =IF(VLOOKUP(B25,'גנים - דוח ביצוע (5)'!A:M,2,0)="","",VLOOKUP(B25,'גנים - דוח ביצוע (5)'!A:M,2,0)) | D25: =IFERROR(VLOOKUP($C:$C,'גנים - מצבת והרשמה (4)'!C:D,2,0)," ") | E25: =IFERROR(VLOOKUP(C25,'גנים - דוח ביצוע (5)'!B:N,13,0),"") | F25: =IFERROR(VLOOKUP(P25,'פירוט עלויות כח אדם (6)'!AC:AD,2,0),0) | G25: =IFERROR(VLOOKUP(Q25,'פירוט עלויות כח אדם (6)'!AC:AD,2,0),0) | H25: =IFERROR(VLOOKUP(R25,'פירוט עלויות כח אדם (6)'!AE:AF,2,0),0) | I25: =IF(C25<>"",IF(OR(F25>0,G25>0),"תקין","לא תקין"),0) -> 0 | J25: =IF(C25<>"",IF(E25>30,IF(H25>0,"תקין","לא תקין"),"תקין"),0) -> 0 | K25: =IF(C25<>"",IF(OR(I25="לא תקין",J25="לא תקין"),"לא תקין, הגן לא העסיק צוות חינוכי בהתאם להנחיות","תקין"),0) -> 0 | L25: =IF(E25<>"",IF(K25="תקין",E25,"לא קיימת זכאות לתקציב לאור אי איוש משרות כנדרש"),"") | N25: =IF(ISNUMBER(C25),IF(COUNTIF($C$17:$C$1995,C25)=1,"תקין",IFERROR(CONCATENATE("סמל הגן הוקלד ",COUNTIF($C$17:$C$1995,C25)," פעמים"),"")),"") | O25: =IF(LEFT(K25,7)="לא תקין",1,0) -> 0 | P25: =IF(C25<>"",C25&'גיליון עזר'!$A$2,"") | Q25: =IF(C25<>"",C25&'גיליון עזר'!$C$2,"") | R25: =IF(C25<>"",C25&"סייעת","")
B26: 10 | C26: =IF(VLOOKUP(B26,'גנים - דוח ביצוע (5)'!A:M,2,0)="","",VLOOKUP(B26,'גנים - דוח ביצוע (5)'!A:M,2,0)) | D26: =IFERROR(VLOOKUP($C:$C,'גנים - מצבת והרשמה (4)'!C:D,2,0)," ") | E26: =IFERROR(VLOOKUP(C26,'גנים - דוח ביצוע (5)'!B:N,13,0),"") | F26: =IFERROR(VLOOKUP(P26,'פירוט עלויות כח אדם (6)'!AC:AD,2,0),0) | G26: =IFERROR(VLOOKUP(Q26,'פירוט עלויות כח אדם (6)'!AC:AD,2,0),0) | H26: =IFERROR(VLOOKUP(R26,'פירוט עלויות כח אדם (6)'!AE:AF,2,0),0) | I26: =IF(C26<>"",IF(OR(F26>0,G26>0),"תקין","לא תקין"),0) -> 0 | J26: =IF(C26<>"",IF(E26>30,IF(H26>0,"תקין","לא תקין"),"תקין"),0) -> 0 | K26: =IF(C26<>"",IF(OR(I26="לא תקין",J26="לא תקין"),"לא תקין, הגן לא העסיק צוות חינוכי בהתאם להנחיות","תקין"),0) -> 0 | L26: =IF(E26<>"",IF(K26="תקין",E26,"לא קיימת זכאות לתקציב לאור אי איוש משרות כנדרש"),"") | N26: =IF(ISNUMBER(C26),IF(COUNTIF($C$17:$C$1995,C26)=1,"תקין",IFERROR(CONCATENATE("סמל הגן הוקלד ",COUNTIF($C$17:$C$1995,C26)," פעמים"),"")),"") | O26: =IF(LEFT(K26,7)="לא תקין",1,0) -> 0 | P26: =IF(C26<>"",C26&'גיליון עזר'!$A$2,"") | Q26: =IF(C26<>"",C26&'גיליון עזר'!$C$2,"") | R26: =IF(C26<>"",C26&"סייעת","")
B27: 11 | C27: =IF(VLOOKUP(B27,'גנים - דוח ביצוע (5)'!A:M,2,0)="","",VLOOKUP(B27,'גנים - דוח ביצוע (5)'!A:M,2,0)) | D27: =IFERROR(VLOOKUP($C:$C,'גנים - מצבת והרשמה (4)'!C:D,2,0)," ") | E27: =IFERROR(VLOOKUP(C27,'גנים - דוח ביצוע (5)'!B:N,13,0),"") | F27: =IFERROR(VLOOKUP(P27,'פירוט עלויות כח אדם (6)'!AC:AD,2,0),0) | G27: =IFERROR(VLOOKUP(Q27,'פירוט עלויות כח אדם (6)'!AC:AD,2,0),0) | H27: =IFERROR(VLOOKUP(R27,'פירוט עלויות כח אדם (6)'!AE:AF,2,0),0) | I27: =IF(C27<>"",IF(OR(F27>0,G27>0),"תקין","לא תקין"),0) -> 0 | J27: =IF(C27<>"",IF(E27>30,IF(H27>0,"תקין","לא תקין"),"תקין"),0) -> 0 | K27: =IF(C27<>"",IF(OR(I27="לא תקין",J27="לא תקין"),"לא תקין, הגן לא העסיק צוות חינוכי בהתאם להנחיות","תקין"),0) -> 0 | L27: =IF(E27<>"",IF(K27="תקין",E27,"לא קיימת זכאות לתקציב לאור אי איוש משרות כנדרש"),"") | N27: =IF(ISNUMBER(C27),IF(COUNTIF($C$17:$C$1995,C27)=1,"תקין",IFERROR(CONCATENATE("סמל הגן הוקלד ",COUNTIF($C$17:$C$1995,C27)," פעמים"),"")),"") | O27: =IF(LEFT(K27,7)="לא תקין",1,0) -> 0 | P27: =IF(C27<>"",C27&'גיליון עזר'!$A$2,"") | Q27: =IF(C27<>"",C27&'גיליון עזר'!$C$2,"") | R27: =IF(C27<>"",C27&"סייעת","")
B28: 12 | C28: =IF(VLOOKUP(B28,'גנים - דוח ביצוע (5)'!A:M,2,0)="","",VLOOKUP(B28,'גנים - דוח ביצוע (5)'!A:M,2,0)) | D28: =IFERROR(VLOOKUP($C:$C,'גנים - מצבת והרשמה (4)'!C:D,2,0)," ") | E28: =IFERROR(VLOOKUP(C28,'גנים - דוח ביצוע (5)'!B:N,13,0),"") | F28: =IFERROR(VLOOKUP(P28,'פירוט עלויות כח אדם (6)'!AC:AD,2,0),0) | G28: =IFERROR(VLOOKUP(Q28,'פירוט עלויות כח אדם (6)'!AC:AD,2,0),0) | H28: =IFERROR(VLOOKUP(R28,'פירוט עלויות כח אדם (6)'!AE:AF,2,0),0) | I28: =IF(C28<>"",IF(OR(F28>0,G28>0),"תקין","לא תקין"),0) -> 0 | J28: =IF(C28<>"",IF(E28>30,IF(H28>0,"תקין","לא תקין"),"תקין"),0) -> 0 | K28: =IF(C28<>"",IF(OR(I28="לא תקין",J28="לא תקין"),"לא תקין, הגן לא העסיק צוות חינוכי בהתאם להנחיות","תקין"),0) -> 0 | L28: =IF(E28<>"",IF(K28="תקין",E28,"לא קיימת זכאות לתקציב לאור אי איוש משרות כנדרש"),"") | N28: =IF(ISNUMBER(C28),IF(COUNTIF($C$17:$C$1995,C28)=1,"תקין",IFERROR(CONCATENATE("סמל הגן הוקלד ",COUNTIF($C$17:$C$1995,C28)," פעמים"),"")),"") | O28: =IF(LEFT(K28,7)="לא תקין",1,0) -> 0 | P28: =IF(C28<>"",C28&'גיליון עזר'!$A$2,"") | Q28: =IF(C28<>"",C28&'גיליון עזר'!$C$2,"") | R28: =IF(C28<>"",C28&"סייעת","")
... B516: 500 | C516: =IF(VLOOKUP(B516,'גנים - דוח ביצוע (5)'!A:M,2,0)="","",VLOOKUP(B516,'גנים - דוח ביצוע (5)'!A:M,2,0)) | D516: =IFERROR(VLOOKUP($C:$C,'גנים - מצבת והרשמה (4)'!C:D,2,0)," ") | E516: =IFERROR(VLOOKUP(C516,'גנים - דוח ביצוע (5)'!B:N,13,0),"") | F516: =IFERROR(VLOOKUP(P516,'פירוט עלויות כח אדם (6)'!AC:AD,2,0),0) | G516: =IFERROR(VLOOKUP(Q516,'פירוט עלויות כח אדם (6)'!AC:AD,2,0),0) | H516: =IFERROR(VLOOKUP(R516,'פירוט עלויות כח אדם (6)'!AE:AF,2,0),0) | I516: =IF(C516<>"",IF(OR(F516>0,G516>0),"תקין","לא תקין"),0) -> 0 | J516: =IF(C516<>"",IF(E516>30,IF(H516>0,"תקין","לא תקין"),"תקין"),0) -> 0 | K516: =IF(C516<>"",IF(OR(I516="לא תקין",J516="לא תקין"),"לא תקין, הגן לא העסיק צוות חינוכי בהתאם להנחיות","תקין"),0) -> 0 | L516: =IF(E516<>"",IF(K516="תקין",E516,"לא קיימת זכאות לתקציב לאור אי איוש משרות כנדרש"),"") | N516: =IF(ISNUMBER(C516),IF(COUNTIF($C$17:$C$1995,C516)=1,"תקין",IFERROR(CONCATENATE("סמל הגן הוקלד ",COUNTIF($C$17:$C$1995,C516)," פעמים"),"")),"") | O516: =IF(LEFT(K516,7)="לא תקין",1,0) -> 0 | P516: =IF(C516<>"",C516&'גיליון עזר'!$A$2,"") | Q516: =IF(C516<>"",C516&'גיליון עזר'!$C$2,"") | R516: =IF(C516<>"",C516&"סייעת","")

Sheet ריכוז נתונים (10)
A1: * | B1: תוכן העניינים | G1: תכנית בתי הספר והגנים של החופש הגדול, קיץ תשפ"ו | K1: * | L1: * | M1: * | N1: * | O1: * | P1: * | Q1: * | R1: * | S1: * | T1: * | U1: * | V1: * | W1: * | AF1: * | AG1: * | AH1: * | AI1: * | AJ1: * | AK1: * | AL1: * | AM1: * | AN1: * | AO1: * | AP1: * | AQ1: * | AR1: * | AS1: * | AT1: * | AU1: * | AV1: * | AW1: * | AX1: * | AY1: * | AZ1: * | BA1: * | BB1: * | BC1: * | BD1: * | BE1: * | BF1: *
A2: =IFERROR(VLOOKUP($E$5,'רשימת רשויות'!$A:$C,3,0),0) -> 0
A3: =IFERROR(VLOOKUP($E$5,'רשימת רשויות'!$A:$C,3,0),0) -> 0 | G3: גליון ריכוז נתונים
A4: =IFERROR(VLOOKUP($E$5,'רשימת רשויות'!$A:$C,3,0),0) -> 0 | AF4: שורת סיכום | AG4: שם הרשות | AH4: סמל מוטב | AI4: מספר אשכול | AJ4: בתי ספר תלמידים ח.ר | AK4: בתי ספר תלמידים ח.מ | AL4: בתי ספר רגילים | AM4: בתי ספר גדולים | AN4: גנים מספר תלמידים | AO4: גנים -רכזות גנים | AP4: סה"כ תקצוב | AQ4: הפחתה אי ניצול תקציב | AR4: הפחתה חריגה | AS4: סהכ ביצוע | AT4: סכום מירבי כולל גמישות | AU4: תקצוב רכז רשותי | AV4: סכום מירבי מוכר | AW4: מס' יחידות לתשלום סייעות רפואיות | AX4: תוספת גמישות | AY4: שכר סייעות | AZ4: ארוחת בוקר | BA4: מלגות להורים | BB4: רכזת גנים | BC4: העשרה | BD4: ניהול ותפעול | BE4: השתתפות הורים | BF4: אחוז בקרה רשותי
A5: =IFERROR(VLOOKUP($E$5,'רשימת רשויות'!$A:$C,3,0),0) -> 0 | D5: שם הרשות המקומית | E5: ='נתונים כללים (1)'!$C$5 -> 0 | AG5: =E5 -> 0 | AH5: =A5 -> 0 | AI5: =E6 | AN5: =F17 -> 0 | AO5: =F12 -> 0 | AP5: =F46 -> 0 | AQ5: =IFERROR(MAX(F46-G49-AR5,0),0) -> 0 | AR5: =MAX(IF(AND(E44>F44,G49<F46),F46-G49,0),0) -> 0 | AS5: =E46 -> 0 | AT5: =G49 -> 0 | AU5: =MAX(MIN(((0.15*F44)-E43),K44-L44),0) -> 0 | AV5: =H44 -> 0 | AW5: =SUM('סייעות רפואיות או אישיות (7)'!M17:M384) -> 0 | AX5: =H47 -> 0 | AY5: =E37 -> 0 | AZ5: =E38 -> 0 | BA5: =E39 -> 0 | BB5: =E40 -> 0 | BC5: =E41 -> 0 | BD5: =E43 -> 0 | BE5: =E45 -> 0 | BF5: =H13 -> 1
A6: =IFERROR(VLOOKUP($E$5,'רשימת רשויות'!$A:$C,3,0),0) -> 0 | D6: מספר אשכול למ"ס | E6: ='נתונים כללים (1)'!$C$6
A7: =IFERROR(VLOOKUP($E$5,'רשימת רשויות'!$A:$C,3,0),0) -> 0 | D7: תעריף לילד חלק ההורים - ש"ח | E7: ='נתונים כללים (1)'!$C$7 -> 0
A8: =IFERROR(VLOOKUP($E$5,'רשימת רשויות'!$A:$C,3,0),0) -> 0
A9: =IFERROR(VLOOKUP($E$5,'רשימת רשויות'!$A:$C,3,0),0) -> 0 | C9: א. | D9: סיכום נתוני ביצוע -גנים
A10: =IFERROR(VLOOKUP($E$5,'רשימת רשויות'!$A:$C,3,0),0) -> 0 | Y10: ה. | Z10: עלויות נורמטיביות מחושבות לפי נתוני ביצוע
A11: =IFERROR(VLOOKUP($E$5,'רשימת רשויות'!$A:$C,3,0),0) -> 0 | D11: מספר מוסדות שפעלו עפ"י הדיווח | F11: ='גנים - דוח ביצוע (5)'!E11 -> 0
A12: =IFERROR(VLOOKUP($E$5,'רשימת רשויות'!$A:$C,3,0),0) -> 0 | D12: מס' גנים להם זכאות לרכזת ומועסקת רכזת בהתחשב בימי פעילות | F12: ='רכזות גנים - דוח ביצוע (8)'!$I$10 -> 0 | G12: דיווח הרשות או רישום | H12: שיעור בקרה רשותי | AA12: נתוני ביצוע | AB12: תעריף לתלמיד גן | AC12: חישוב השתתפות המשרד - ש"ח
A13: =IFERROR(VLOOKUP($E$5,'רשימת רשויות'!$A:$C,3,0),0) -> 0 | D13: מספר תלמידים הרשמה מעודכנת/ביצוע בפועל | F13: =G13*IF(ISNUMBER(H13),H13,100%) -> 0 | G13: =MIN('גנים - דוח ביצוע (5)'!H11,'גנים - דוח ביצוע (5)'!F11) -> 0 | H13: =IFERROR(VLOOKUP(E5,'נתוני בקרה גנים'!B:C,2,0),100%) -> 1 | Y13: גנים רגילים | Z13: מס' ילדים זכאים לסבסוד - ח. רגיל | AA13: =F16 -> 0 | AB13: =IFERROR(VLOOKUP($E6,'גנים ובתי ספר- מבנה תקציב'!B26:F35,5,0),0) -> 0 | AC13: =IFERROR(AA13*AB13,0) -> 0
A14: =IFERROR(VLOOKUP($E$5,'רשימת רשויות'!$A:$C,3,0),0) -> 0 | D14: מס' ימי תלמיד להפחתה בעקבות חוסר בימי פעילות | F14: ='גנים - דוח ביצוע (5)'!$M$11 -> 0 | H14: =IFERROR('גנים - דוח ביצוע (5)'!N11/'ריכוז נתונים (10)'!G13,0) -> 0 | Z14: מספר גנים זכאים לרכזות גנים | AA14: =F12 -> 0 | AB14: ='גנים ובתי ספר- מבנה תקציב'!$F$20 -> 870.24 | AC14: =AA14*AB14 -> 0
A15: =IFERROR(VLOOKUP($E$5,'רשימת רשויות'!$A:$C,3,0),0) -> 0 | D15: סה"כ תלמידים | F15: =F13-F14 -> 0 | Y15: סה"כ תקציב נורמטיבי | AC15: =SUM(AC13:AC14) -> 0
A16: =IFERROR(VLOOKUP($E$5,'רשימת רשויות'!$A:$C,3,0),0) -> 0 | D16: ס"ה תלמידים לתקצוב לאחר בקרת איוש משרות | F16: =H13*' איוש משרות (9)'!G13 -> 0
A17: =IFERROR(VLOOKUP($E$5,'רשימת רשויות'!$A:$C,3,0),0) -> 0 | Y17: נתוני עזר
A18: =IFERROR(VLOOKUP($E$5,'רשימת רשויות'!$A:$C,3,0),0) -> 0
A19: =IFERROR(VLOOKUP($E$5,'רשימת רשויות'!$A:$C,3,0),0) -> 0 | C19: ב. | D19: התאמת הכנסות נורמטיביות - לגבייה מהורים + מלגות להורים | Z19: סל ניהול | AA19: סל הדרכה | AB19: סל העשרה | AC19: סל גמיש | AD19: סה"כ
A20: =IFERROR(VLOOKUP($E$5,'רשימת רשויות'!$A:$C,3,0),0) -> 0 | U20: אופן הטיפול בערעורים: | Y20: גנים | Z20: ='גנים ובתי ספר- מבנה תקציב'!E15 -> 27.832 | AA20: ='גנים ובתי ספר- מבנה תקציב'!F15 -> 274.12 | AB20: ='גנים ובתי ספר- מבנה תקציב'!G15 -> 78.4 | AC20: ='גנים ובתי ספר- מבנה תקציב'!H15 -> 44.8 | AD20: =SUM(Z20:AC20) -> 425.152
A21: =IFERROR(VLOOKUP($E$5,'רשימת רשויות'!$A:$C,3,0),0) -> 0 | D21: סלים | E21: ביצוע בפועל - סכום - ש"ח | F21: תקציב נורמטיבי - סכום - ש"ח | G21: אחוז ביצוע מהתקצוב | H21: הסכום המירבי המוכר - ש"ח | I21: מספר תלמידים נורמטיביים זכאים לתקצוב | U21: 1. יש לערוך את השינוי הנדרש ולצבוע אותו בצהוב. 2. יש להעתיק את P38:P46 ולהדביק ערכים ב- O38:O46. 3. בעמודה AA ניתן לראות את ההשפעה הכספית של הערעור.
A22: =IFERROR(VLOOKUP($E$5,'רשימת רשויות'!$A:$C,3,0),0) -> 0 | D22: מלגות להורים - מתוקצבות ע"י משרד החינוך | E22: ='ריכוז נתונים (10)'!E39 -> 0 | F22: =$E$7*'תשלומי הורים ומלגות להורים (3) '!$H$11 -> 0 | G22: =IF(F22>0,E22/F22,0) -> 0 | H22: =IFERROR(IF(E24>=F24,F24,E24),0) -> 0 | I22: =IFERROR(ROUNDUP(H22/$E$7,0),0) -> 0 | N22: סה"כ לפני בקרה | P22: =O49 -> 0 | Z22: רכזות גנים
A23: =IFERROR(VLOOKUP($E$5,'רשימת רשויות'!$A:$C,3,0),0) -> 0 | D23: גבייה מהורים | E23: ='תשלומי הורים ומלגות להורים (3) '!C11 -> 0 | F23: =IFERROR(F24-F22,0) -> 0 | G23: =IFERROR(IF(F24>0,E23/F24,0),0) -> 0 | N23: סה"כ לאחר בקרה | P23: =G49 -> 0 | Y23: גנים | Z23: ='גנים ובתי ספר- מבנה תקציב'!$F$20 -> 870.24
A24: =IFERROR(VLOOKUP($E$5,'רשימת רשויות'!$A:$C,3,0),0) -> 0 | D24: סה"כ הכנסות עבור הורים | E24: =E23-E22 -> 0 | F24: =IFERROR(E7*F15,0) -> 0 | G24: =IFERROR(IF(F24>0,E24/F24,0),0) -> 0 | N24: הפרש לקיזוז | P24: =P23-P22 -> 0
A25: =IFERROR(VLOOKUP($E$5,'רשימת רשויות'!$A:$C,3,0),0) -> 0 | N25: בדיקה | P25: =Q49+P24 -> 0
A26: =IFERROR(VLOOKUP($E$5,'רשימת רשויות'!$A:$C,3,0),0) -> 0 | C26: ג. | D26: בדיקת ניצול תקציב סל גמיש | N26: השפעת ערעור | P26: =V49 -> 0
A27: =IFERROR(VLOOKUP($E$5,'רשימת רשויות'!$A:$C,3,0),0) -> 0
A28: =IFERROR(VLOOKUP($E$5,'רשימת רשויות'!$A:$C,3,0),0) -> 0 | D28: סלים | E28: ביצוע בפועל - סכום - ש"ח | F28: תקציב נורמטיבי - סכום - ש"ח | G28: שימוש אפשרי בסל | H28: תמהיל שימוש בסל | N28: עמודות בדיקה לחישוב קיזוז בגין ליקויים או חוסרים
A29: =IFERROR(VLOOKUP($E$5,'רשימת רשויות'!$A:$C,3,0),0) -> 0 | D29: מלגות להורים | E29: =+E39 -> 0 | F29: =AC20*$AA$13 -> 0 | G29: =F29-G31 -> 0 | H29: =IFERROR(G29/F29,0) -> 0 | N29: השוואה בין התקציב לפני השינוי לתקציב לאחר השינוי:
A30: =IFERROR(VLOOKUP($E$5,'רשימת רשויות'!$A:$C,3,0),0) -> 0 | D30: ארוחת בוקר | E30: ='דוח הוצאות בפועל (2)'!$C$11 -> 0 | N30: 1. יש להעתיק את עמודה O ולהדביק ערכים
A31: =IFERROR(VLOOKUP($E$5,'רשימת רשויות'!$A:$C,3,0),0) -> 0 | D31: שכר | E31: ='פירוט עלויות כח אדם (6)'!F5 -> 0 | G31: =IF(E37>AA20*AA13,IF((F29-E29-E30)>0,(F29-E29-E30),0),0) -> 0 | H31: =IFERROR(G31/F29,0) -> 0 | N31: 2. ניתן לשנות את סכום הביצוע - ואז ההפרש מחושב באופן אוטומטי.
A32: =IFERROR(VLOOKUP($E$5,'רשימת רשויות'!$A:$C,3,0),0) -> 0 | D32: סה"כ | G32: =SUM(G29:G31) -> 0 | H32: =SUM(H29:H31) -> 0 | N32: אופן השינוי: א. לרשום את ההפחתה בעמודת סכום להורדה. ב. לרשום את ההפחתה בגיליון הרלוונטי.
A33: =IFERROR(VLOOKUP($E$5,'רשימת רשויות'!$A:$C,3,0),0) -> 0 | N33: 3. יש לרשום את השינויים על כל סל בנפרד ע"מ לחשב את ההשפעה הכספית של כל סעיף.
A34: =IFERROR(VLOOKUP($E$5,'רשימת רשויות'!$A:$C,3,0),0) -> 0 | C34: ד. | D34: התאמת תקציב נורמטיבי לביצוע כספי | N34: אופן חישוב ההשפעה הכספית: יש לרשום את ההשפעה לפי ההפרש בסה"כ.
A35: =IFERROR(VLOOKUP($E$5,'רשימת רשויות'!$A:$C,3,0),0) -> 0 | N35: (במידה וכבר חושבה הפחתה בגין סל אחר, ההשפעה הכספית הינה ההפרש בסה"כ בניכוי ההשפעה הכספית של הסל שחושב).
A36: =IFERROR(VLOOKUP($E$5,'רשימת רשויות'!$A:$C,3,0),0) -> 0 | D36: סלים | E36: ביצוע בפועל - סכום - ש"ח | F36: תקציב נורמטיבי - סכום - ש"ח | G36: אחוז ביצוע מהתקצוב | H36: הסכום המירבי המוכר - ש"ח | I36: הפער בין התקציב לשימוש בפועל | J36: אי ניצול תקציב (פחות מ75%) | K36: יתרת תקציב להעברה | L36: ביצוע ביתר | N36: סל | O36: לפני שינוי | P36: לאחר שינוי | Q36: הפרש | R36: השפעה כספית | S36: סכום להורדה | U36: לפני ערעור | V36: הפרש בגין ערעור
A37: =IFERROR(VLOOKUP($E$5,'רשימת רשויות'!$A:$C,3,0),0) -> 0 | D37: שכר מובילות וסייעות בגנים | E37: ='פירוט עלויות כח אדם (6)'!F5-S37 -> 0 | F37: =$AA$20*$AA$13+G31 -> 0 | G37: =IFERROR(E37/F37,0) -> 0 | H37: =MIN(E37,F37) -> 0 | I37: =F37- E37 -> 0 | J37: =IFERROR(IF((E37/($AA$20*$AA$13))<75%,(($AA$20*$AA$13))*(75%-(E37/($AA$20*$AA$13))),0),0) -> 0 | K37: =IFERROR(IF(E37/(AA20*AA13)<100%,MIN((AA20*AA13)-E37,AA20*AA13*0.25),0),0) -> 0 | L37: =IF(E37-F37>0,E37-F37,0) -> 0 | M37: =IF(I37-K37>0,I37-K37,0) -> 0 | N37: =D37 -> שכר מובילות וסייעות בגנים | O37: =E37 -> 0 | P37: =E37 -> 0 | Q37: =O37-P37 -> 0 | R37: =IFERROR(Q49*Q37/(SUM(Q37:Q48)),0) -> 0 | S37: =בקרה!$Q$4 -> 0 | U37: 0 | V37: =O37-U37 -> 0
A38: =IFERROR(VLOOKUP($E$5,'רשימת רשויות'!$A:$C,3,0),0) -> 0 | D38: ארוחת בוקר | E38: ='דוח הוצאות בפועל (2)'!$C$11-S38 -> 0 | F38: =G29 -> 0 | G38: =IFERROR((E38+E39)/F38,0) -> 0 | H38: =MIN((E38+E39),F38) -> 0 | I38: =F38- (E38+E39) -> 0 | J38: =IF(G38<75%,(75%-G38)*(F38),0) -> 0 | L38: =IF((E38+E39)-F38>0,(E38+E39)-F38,0) -> 0 | N38: =D38 -> ארוחת בוקר | O38: =E38 -> 0 | P38: =E38 -> 0 | Q38: =O38-P38 -> 0 | R38: =IFERROR(Q49*Q38/(SUM(Q37:Q48)),0) -> 0 | S38: =בקרה!$Q$6 -> 0 | U38: 0 | V38: =O38-U38 -> 0
A39: =IFERROR(VLOOKUP($E$5,'רשימת רשויות'!$A:$C,3,0),0) -> 0 | D39: מלגות להורים | E39: =IF(E6>4,'דוח הוצאות בפועל (2)'!$C$12-S39,0) -> 0 | M39: =IF(I39-K39>0,I39-K39,0) -> 0 | N39: =D39 -> מלגות להורים | O39: =E39 -> 0 | P39: =E39 -> 0 | Q39: =O39-P39 -> 0 | R39: =IFERROR(Q49*Q39/(SUM(Q37:Q48)),0) -> 0 | S39: =בקרה!$Q$7 -> 0 | U39: 0 | V39: =O39-U39 -> 0
A40: =IFERROR(VLOOKUP($E$5,'רשימת רשויות'!$A:$C,3,0),0) -> 0 | D40: שכר רכזות/י גנים | E40: ='פירוט עלויות כח אדם (6)'!F6-S40 -> 0 | F40: =$Z$23*$AA$14 -> 0 | G40: =IFERROR(E40/F40,0) -> 0 | H40: =MIN(E40,F40) -> 0 | I40: =F40- E40 -> 0 | J40: =IF(G40<75%,(75%-G40)*(F40),0) -> 0 | K40: =MAX(IF(G40<100%,MIN(I40,F40*0.25),0),0) -> 0 | L40: =IF(E40-F40>0,E40-F40,0) -> 0 | M40: =IF(I40-K40>0,I40-K40,0) -> 0 | N40: =D40 -> שכר רכזות/י גנים | O40: =E40 -> 0 | P40: =E40 -> 0 | Q40: =O40-P40 -> 0 | U40: 0 | V40: =O40-U40 -> 0
A41: =IFERROR(VLOOKUP($E$5,'רשימת רשויות'!$A:$C,3,0),0) -> 0 | D41: העשרה | E41: ='דוח הוצאות בפועל (2)'!$C$10-S41 -> 0 | F41: =$AB$20*$AA$13 -> 0 | G41: =IFERROR(E41/F41,0) -> 0 | H41: =MIN(E41,F41) -> 0 | I41: =F41- E41 -> 0 | J41: =IF(G41<75%,(75%-G41)*(F41),0) -> 0 | K41: =MAX(IF(G41<100%,MIN(I41,F41*0.25),0),0) -> 0 | L41: =IF(E41-F41>0,E41-F41,0) -> 0 | M41: =IF(I41-K41>0,I41-K41,0) -> 0 | N41: =D41 -> העשרה | O41: =E41 -> 0 | P41: =E41 -> 0 | Q41: =O41-P41 -> 0 | R41: =IFERROR(Q49*Q41/(SUM(Q37:Q48)),0) -> 0 | S41: =בקרה!$Q$5 -> 0 | U41: 0 | V41: =O41-U41 -> 0
A42: =IFERROR(VLOOKUP($E$5,'רשימת רשויות'!$A:$C,3,0),0) -> 0 | D42: סה"כ הוצאות לפעילות | E42: =SUM(E37:E41) -> 0 | F42: =SUM(F37:F41) -> 0 | G42: =IFERROR(E42/F42,0) -> 0 | H42: =SUM(H37:H41) -> 0 | J42: =SUM(J37:J41) -> 0 | L42: =E42-H42 -> 0 | M42: =SUM(M37:M41) -> 0 | N42: =D42 -> סה"כ הוצאות לפעילות | O42: =E42 -> 0 | P42: =E42 -> 0 | Q42: =O42-P42 -> 0 | U42: 0 | V42: =O42-U42 -> 0
A43: =IFERROR(VLOOKUP($E$5,'רשימת רשויות'!$A:$C,3,0),0) -> 0 | D43: ניהול ותפעול | E43: ='דוח הוצאות בפועל (2)'!$C$14-S43 -> 0 | F43: =$Z$20*$AA$13 -> 0 | G43: =IFERROR(E43/F43,0) -> 0 | H43: =IFERROR(IF(E43/F44>0.15,MIN(F44*0.15,F43),MIN(F43,E43)),0) -> 0 | I43: =F43- E43 -> 0 | J43: =IF(G43<75%,(75%-G43)*(F43),0) -> 0 | K43: =MAX(IF(G43<100%,MIN(I43,F43*0.25),0),0) -> 0 | L43: =MAX(MIN(IF(E43-F43>0,E43-F43,0),F44*0.15-F43),0) -> 0 | M43: =IF(I43-K43>0,I43-K43,0) -> 0 | N43: =D43 -> ניהול ותפעול | O43: =E43 -> 0 | P43: =E43 -> 0 | Q43: =O43-P43 -> 0 | U43: 0 | V43: =O43-U43 -> 0
A44: =IFERROR(VLOOKUP($E$5,'רשימת רשויות'!$A:$C,3,0),0) -> 0 | D44: סה"כ | E44: =E42+E43 -> 0 | F44: =F42+F43 -> 0 | G44: =IFERROR(E44/F44,0) -> 0 | H44: =H42+H43 -> 0 | I44: =SUM(I37:I43) -> 0 | J44: =J42+J43 -> 0 | K44: =SUM(K37:K43) -> 0 | L44: =SUM(L42:L43) -> 0 | V44: =O44-U44 -> 0
A45: =IFERROR(VLOOKUP($E$5,'רשימת רשויות'!$A:$C,3,0),0) -> 0 | D45: השתתפות הורים | E45: ='תשלומי הורים ומלגות להורים (3) '!C11-S45 -> 0 | F45: =AA13*E$7 -> 0 | K45: =MIN(K44,L44) -> 0 | N45: =D45 -> השתתפות הורים | O45: =E45 -> 0 | P45: =E45 -> 0 | Q45: =O45-P45 -> 0 | U45: 0 | V45: =O45-U45 -> 0
A46: =IFERROR(VLOOKUP($E$5,'רשימת רשויות'!$A:$C,3,0),0) -> 0 | D46: סה"כ נטו | E46: =E44-E45 -> 0 | F46: =IFERROR(F44-F45,0) -> 0
A47: =IFERROR(VLOOKUP($E$5,'רשימת רשויות'!$A:$C,3,0),0) -> 0 | G47: תוספת גמישות | H47: =K45 -> 0
A48: =IFERROR(VLOOKUP($E$5,'רשימת רשויות'!$A:$C,3,0),0) -> 0 | G48: שיעור השתתפות מדינה | H48: =IFERROR($F$46/$F$44,"")
A49: =IFERROR(VLOOKUP($E$5,'רשימת רשויות'!$A:$C,3,0),0) -> 0 | D49: סה"כ לתשלום בתוספת גמישות 25% במעבר בין הסלים | G49: =IFERROR(H48*(H47+H44),0) -> 0 | N49: סה"כ | O49: =G49 -> 0 | P49: =G49 -> 0 | Q49: =O49-P49 -> 0 | S49: =SUMIFS(בקרה!$S:$S,בקרה!$D:$D,T41,בקרה!$K:$K,S41) -> 0 | U49: 0 | V49: =O49-U49 -> 0
A50: =IFERROR(VLOOKUP($E$5,'רשימת רשויות'!$A:$C,3,0),0) -> 0 | D50: תוספת סייעות רפואיות או אישיות | G50: =IF(F13>0,SUM('סייעות רפואיות או אישיות (7)'!L17:L384),0) -> 0
A51: =IFERROR(VLOOKUP($E$5,'רשימת רשויות'!$A:$C,3,0),0) -> 0
A52: =IFERROR(VLOOKUP($E$5,'רשימת רשויות'!$A:$C,3,0),0) -> 0
A53: =IFERROR(VLOOKUP($E$5,'רשימת רשויות'!$A:$C,3,0),0) -> 0
A54: =IFERROR(VLOOKUP($E$5,'רשימת רשויות'!$A:$C,3,0),0) -> 0
A55: =IFERROR(VLOOKUP($E$5,'רשימת רשויות'!$A:$C,3,0),0) -> 0
A56: =IFERROR(VLOOKUP($E$5,'רשימת רשויות'!$A:$C,3,0),0) -> 0

Sheet בקרה
A1: * | B1: * | C1: * | D1: * | E1: * | F1: * | G1: * | H1: * | I1: * | J1: * | K1: * | L1: * | M1: * | N1: * | O1: * | P1: * | Q1: * | R1: * | S1: * | T1: * | U1: * | V1: * | W1: * | X1: * | Y1: * | Z1: *
A2: כללי | J2: בקרה
A3: מס' סידורי | B3: שם הרשות | C3: סמל מוטב רשות | D3: מספר ילדים לתשלום | E3: כמות מוסדות לדגימה | F3: האם המוסד נדגם? (יש לציין "כן" בכל מענה שנבדק) | G3: מוסדות שנותרו לדגימה | H3: עובד מטפל | I3: שם הסל | J3: הוצאה שדווחה | K3: הוצאה בכרטסת | L3: הוצאה בדוח עלות | M3: הוצאה בדוח ריכוז משכורות | N3: בדיקת שכר | O3: בדיקת גביה ומלגות | P3: הוצאה מאושרת | Q3: סכום לא מאושר | R3: השפעה כספית- סכום לקיזוז | S3: תוצאה | T3: ההסבר לקיזוז | U3: הסבר ידני- רק במידה ואין שום הסבר אחר | V3: הערות | Y3: רשימה נפתחת
A4: 1 | B4: ='ריכוז נתונים (10)'!$E$5 -> 0 | C4: =IFERROR(VLOOKUP(B4,'[2]רשימת רשויות'!A:C,3,0),"") | D4: ='ריכוז נתונים (10)'!$F$17 -> 0 | E4: 1 | F4: כן | G4: =E4-(COUNTIF(F:F,"כן")/5) -> 0 | I4: שכר | J4: ='ריכוז נתונים (10)'!$E$31 -> 0 | K4: =J4 -> 0 | O4: ל"ר | P4: =MAX((J4-Q4),0) -> 0 | Q4: =MAX(J4-MIN(K4,L4,M4,N4),0) -> 0 | R4: ='ריכוז נתונים (10)'!$R$37 -> 0 | S4: =IF(J4>0,IF(R4<0,"קיזוז","תקין"),"")
A5: 1 | B5: ='ריכוז נתונים (10)'!$E$5 -> 0 | C5: =IFERROR(VLOOKUP(B5,'[2]רשימת רשויות'!A:C,3,0),"") | D5: ='ריכוז נתונים (10)'!$F$17 -> 0 | E5: 1 | F5: כן | G5: =E5-(COUNTIF(F:F,"כן")/5) -> 0 | I5: העשרה | J5: ='דוח הוצאות בפועל (2)'!$C$10 -> 0 | K5: =J5 -> 0 | L5: ל"ר | M5: ל"ר | N5: ל"ר | O5: ל"ר | P5: =MAX((J5-Q5),0) -> 0 | Q5: =MAX(J5-K5,0) -> 0 | R5: ='ריכוז נתונים (10)'!$R$41 -> 0 | S5: =IF(J5>0,IF(R5<0,"קיזוז","תקין"),"") | Y5: שכר | Z5: לא הוגשה כרטסת
A6: 1 | B6: ='ריכוז נתונים (10)'!$E$5 -> 0 | C6: =IFERROR(VLOOKUP(B6,'[2]רשימת רשויות'!A:C,3,0),"") | D6: ='ריכוז נתונים (10)'!$F$17 -> 0 | E6: 1 | F6: כן | G6: =E6-(COUNTIF(F:F,"כן")/5) -> 0 | I6: ארוחת בוקר | J6: ='דוח הוצאות בפועל (2)'!$C$11 -> 0 | K6: =J6 -> 0 | L6: ל"ר | M6: ל"ר | N6: ל"ר | O6: ל"ר | P6: =MAX((J6-Q6),0) -> 0 | Q6: =MAX(J6-K6,0) -> 0 | R6: ='ריכוז נתונים (10)'!$R$38 -> 0 | S6: =IF(J6>0,IF(R6<0,"קיזוז","תקין"),"") | Z6: כרטסת שהוגשה נמוכה מדיווח
A7: 1 | B7: ='ריכוז נתונים (10)'!$E$5 -> 0 | C7: =IFERROR(VLOOKUP(B7,'[2]רשימת רשויות'!A:C,3,0),"") | D7: ='ריכוז נתונים (10)'!$F$17 -> 0 | E7: 1 | F7: כן | G7: =E7-(COUNTIF(F:F,"כן")/5) -> 0 | I7: מלגות | J7: ='דוח הוצאות בפועל (2)'!$C$12 -> 0 | K7: =J7 -> 0 | L7: ל"ר | M7: ל"ר | N7: ל"ר | O7: תקין | P7: =MAX((J7-Q7),0) -> 0 | Q7: =MAX(J7-K7,0) -> 0 | R7: ='ריכוז נתונים (10)'!$R$39 -> 0 | S7: =O7 -> תקין | Z7: דוח עלות נמוך מדיווח
A8: 1 | B8: ='ריכוז נתונים (10)'!$E$5 -> 0 | C8: =IFERROR(VLOOKUP(B8,'[2]רשימת רשויות'!A:C,3,0),"") | D8: ='ריכוז נתונים (10)'!$F$17 -> 0 | E8: 1 | F8: כן | G8: =E8-(COUNTIF(F:F,"כן")/5) -> 0 | I8: גביה | J8: =IFERROR(VLOOKUP(#REF!,'[2]תשלומי הורים ומלגות להורים (5) '!B:C,2,0),0) -> 0 | K8: =J8 -> 0 | L8: ל"ר | M8: ל"ר | N8: ל"ר | O8: תקין | P8: =MAX((J8-Q8),0) -> 0 | Q8: =MAX(J8-K8,0) -> 0 | S8: =O8 -> תקין | Z8: ליקויים בבקרת שכר
Z9: כפילות עובדים
Y10: העשרה | Z10: לא הוגשה כרטסת
Z11: כרטסת שהוגשה נמוכה מדיווח
Z12: הוצאה לא מאושרת בסל זה
Z13: לא תואם לתוכנית העבודה שאושרה
Z14: חשבונית שהוגשה אינה תקינה
Y15: ארוחת בוקר | Z15: לא הוגשה כרטסת
Z16: כרטסת שהוגשה נמוכה מדיווח
Z17: הוצאה לא מאושרת בסל זה
Z18: חשבונית שהוגשה אינה תקינה
Y19: מלגות | Z19: לא הוגשה כרטסת
Z20: כרטסת שהוגשה נמוכה מדיווח
Z21: בכרטסת שהוגשה אין נתוני מס' ילדים שניתנה המילגה
Z22: ליקויים בבקרת גביה ומלגות
Y23: גביה | Z23: לא הוגשה כרטסת
Z24: כרטסת שהוגשה נמוכה מדיווח
Z25: הדוח גביה שהוגש איננו ממערכת גביה
Z26: הדוח גביה שהוגש אינו כולל נתוני מס' ילדים
Z27: ליקויים בבקרת גביה ומלגות

Sheet נתוני בקרה גנים
A1: * | B1: * | C1: *
A2: סמל מוטב רשות | B2: שם רשות | C2: ממוצע משוקלל
A3: 10404721 | B3: אבו גוש | C3: =IFERROR(VLOOKUP(A3,'[3]שיעור בקרה רשותי'!$B:$C,2,0),"") -> 1
A4: 10404739 | B4: אבו סנאן | C4: =IFERROR(VLOOKUP(A4,'[3]שיעור בקרה רשותי'!$B:$C,2,0),"") -> 1
A5: 10401826 | B5: אבן יהודה | C5: =IFERROR(VLOOKUP(A5,'[3]שיעור בקרה רשותי'!$B:$C,2,0),"") -> 1
A6: 10427102 | B6: אום אל-פחם | C6: =IFERROR(VLOOKUP(A6,'[3]שיעור בקרה רשותי'!$B:$C,2,0),"") -> 1
A7: 10400315 | B7: אופקים | C7: =IFERROR(VLOOKUP(A7,'[3]שיעור בקרה רשותי'!$B:$C,2,0),"") -> 1
A8: 10424000 | B8: אור יהודה | C8: =IFERROR(VLOOKUP(A8,'[3]שיעור בקרה רשותי'!$B:$C,2,0),"") -> 1
A9: 10410207 | B9: אור עקיבא | C9: =IFERROR(VLOOKUP(A9,'[3]שיעור בקרה רשותי'!$B:$C,2,0),"") -> 1
A10: 10437606 | B10: אורנית | C10: =IFERROR(VLOOKUP(A10,'[3]שיעור בקרה רשותי'!$B:$C,2,0),"") -> 1
A11: 10405652 | B11: אזור | C11: =IFERROR(VLOOKUP(A11,'[3]שיעור בקרה רשותי'!$B:$C,2,0),"") -> 1
A12: 10426005 | B12: אילת | C12: =IFERROR(VLOOKUP(A12,'[3]שיעור בקרה רשותי'!$B:$C,2,0),"") -> 1
A13: 10404788 | B13: אכסאל | C13: =IFERROR(VLOOKUP(A13,'[3]שיעור בקרה רשותי'!$B:$C,2,0),"") -> 1
A14: 12300653 | B14: אל בטוף | C14: =IFERROR(VLOOKUP(A14,'[3]שיעור בקרה רשותי'!$B:$C,2,0),"") -> 1
... A261: 10411130 | B261: צור הדסה | C261: =IFERROR(VLOOKUP(A261,'[3]שיעור בקרה רשותי'!$B:$C,2,0),"") -> 1

Sheet רשימת רשויות
A1: * | B1: * | C1: * | D1: * | E1: *
A2: שם רשות | B2: מדד סוציו-אקונומי 2026 | C2: סמל מוטב רשות | D2: סמל מוטב קצר | E2: שנה
A3: אבו גוש | B3: 3 | C3: 10404721 | D3: 4721 | E3: 2026
A4: אבו סנאן | B4: 3 | C4: 10404739 | D4: 4739 | E4: 2026
A5: אבן יהודה | B5: 9 | C5: 10401826 | D5: 1826 | E5: 2026
A6: אום אל-פחם | B6: 2 | C6: 10427102 | D6: 27102 | E6: 2026
A7: אופקים | B7: 3 | C7: 10400315 | D7: 315 | E7: 2026
A8: אור יהודה | B8: 5 | C8: 10424000 | D8: 24000 | E8: 2026
A9: אור עקיבא | B9: 5 | C9: 10410207 | D9: 10207 | E9: 2026
A10: אורנית | B10: 8 | C10: 10437606 | D10: 37606 | E10: 2026
A11: אזור | B11: 7 | C11: 10405652 | D11: 5652 | E11: 2026
A12: אילת | B12: 6 | C12: 10426005 | D12: 26005 | E12: 2026
A13: אכסאל | B13: 3 | C13: 10404788 | D13: 4788 | E13: 2026
A14: אל בטוף | B14: 2 | C14: 12300653 | D14: 6500000 | E14: 2026
... A260: תמר | B260: 7 | C260: 12300513 | D260: 5100000 | E260: 2026

Sheet מצבת ורישום גנים
A1: * | B1: * | C1: * | D1: * | E1: * | F1: * | G1: * | H1: * | I1: * | J1: * | K1: * | L1: * | M1: *
A2: רשות | B2: סמל מוסד | C2: שלב חינוך | D2: שם מוסד | E2: פוטנציאל ילדי גן | F2: ילדי גן רשומים | G2: מעמד משפטי | H2: רשות | I2: סמל מוסד מקום פעילות | J2: מעודכן לתאריך | K2: 46236 | M2: סמל מוסד
A3: רכסים | B3: 1362 | C3: גן ילדים | D3: גן שלוה | E3: 34 | F3: 0 | G3: מוכש"ר | H3: רכסים | I3: 1362
A4: אשדוד | B4: 1792 | C4: גן ילדים | D4: נשי אגודת ישראל | E4: 34 | F4: 0 | G4: מוכש"ר | H4: אשדוד | I4: 1792
A5: אשדוד | B5: 5389 | C5: גן ילדים | D5: אש דת | E5: 33 | F5: 0 | G5: מוכש"ר | H5: אשדוד | I5: 5389
A6: פתח תקוה | B6: 5561 | C6: גן ילדים | D6: אגודת ישראל | E6: 35 | F6: 0 | G6: מוכש"ר | H6: פתח תקוה | I6: 5561
A7: בני ברק | B7: 6106 | C7: גן ילדים | D7: נשי אגוי | E7: 33 | F7: 33 | G7: מוכש"ר | H7: בני ברק | I7: 6106
A8: נצרת | B8: 9266 | C8: גן ילדים | D8: הבשורה | E8: 33 | F8: 33 | G8: מוכש"ר | H8: נצרת | I8: 9266
A9: מג'אר | B9: 9787 | C9: גן ילדים | D9: אלסנאפר קזאל מונה | E9: 24 | F9: 24 | G9: מוכש"ר | H9: מג'אר | I9: 9787
A10: ינוח-ג'ת | B10: 9803 | C10: גן ילדים | D10: פרחים | E10: 31 | F10: 31 | G10: מוכש"ר | H10: ינוח-ג'ת | I10: 9803
A11: חורפיש | B11: 9878 | C11: גן ילדים | D11: אל פרשת רודיה פארס | E11: 30 | F11: 30 | G11: מוכש"ר | H11: חורפיש | I11: 9878
A12: רעננה | B12: 10231 | C12: גן ילדים | D12: מרכז תורני רעננה | E12: 28 | F12: 0 | G12: מוכש"ר | H12: רעננה | I12: 10231
A13: בית שאן | B13: 11809 | C13: גן ילדים | D13: אגוי | E13: 34 | F13: 32 | G13: מוכש"ר | H13: בית שאן | I13: 11809
A14: אשקלון | B14: 11940 | C14: גן ילדים | D14: אגוי | E14: 15 | F14: 15 | G14: מוכש"ר | H14: אשקלון | I14: 11940
... A17817: ירושלים | B17817: 682385 | C17817: חט"צ | D17817: בנות הדסה | E17817: 206 | F17817: 0 | G17817: רשמי | H17817: ירושלים | I17817: 682385

Sheet גיליון עזר
A1: * | B1: * | C1: * | D1: * | E1: * | F1: * | G1: * | H1: * | I1: * | J1: *
A2: גננת | B2: מדצ | C2: רכזת גן | D2: סייעת ממשיכה | E2: סייעת חדשה | F2: תוספת כח אדם | I2: מורה | J2: מורה
A3: גננת של הגן | B3: מדצ/ית | C3: רכז/ת גן | D3: סייעת | E3: סייעת | F3: יועצ/ת | I3: מד"צ | J3: מדצ
A4: בעל/ת תעודת הוראה שסיימ/ה 80% מהתואר | F4: קלינאי/ת תקשורת | I4: רכזת תכנית בבית הספר | J4: רכזת
A5: סייעת | F5: מנתח/ת התנהגות | I5: סגנית רכזת>150 | J5: סגנית
A6: סטודנט/ית | F6: מרפא/ה בעיסוק | I6: תוספת כ"א | J6: תוספת כח אדם
A7: מדריכ/ה מוסמכ/ת | F7: גננת שילוב
A8: אחר | F8: אחר
A12: העשרה
A13: אבטחה בבתי ספר
A14: ארוחת בוקר
A15: מלגות להורים
A16: ניהול ותפעול
A19: כן | B19: רשמי
A20: לא | B20: מוכש"ר
